Sem,Dia,Data,Horário,Em casa,xG,Resultado,xG,Visitante,Público,Local,Árbitro,Relatório da Partida,Notas
1,sex,2018-08-10,20:00 (16:00),Manchester Utd,1.5,2–1,1.8,Leicester City,74.439,Old Trafford,Andre Marriner,Relatório da Partida,
1,sáb,2018-08-11,12:30 (08:30),Newcastle Utd,1.0,1–2,2.0,Tottenham,51.749,St. James' Park,Martin Atkinson,Relatório da Partida,
1,sáb,2018-08-11,15:00 (11:00),Fulham,0.7,0–2,1.0,Crystal Palace,24.821,Craven Cottage,Mike Dean,Relatório da Partida,
1,sáb,2018-08-11,15:00 (11:00),Bournemouth,2.2,2–0,1.4,Cardiff City,10.353,Vitality Stadium,Kevin Friend,Relatório da Partida,
1,sáb,2018-08-11,15:00 (11:00),Watford,1.2,2–0,0.3,Brighton,20.051,Vicarage Road Stadium,Jonathan Moss,Relatório da Partida,
1,sáb,2018-08-11,15:00 (11:00),Huddersfield,0.3,0–3,1.9,Chelsea,24.121,The John Smith's Stadium,Chris Kavanagh,Relatório da Partida,
1,sáb,2018-08-11,17:30 (13:30),Wolves,1.0,2–2,1.0,Everton,31.231,Molineux Stadium,Craig Pawson,Relatório da Partida,
1,dom,2018-08-12,13:30 (09:30),Southampton,1.1,0–0,1.4,Burnley,30.784,St. Mary's Stadium,Graham Scott,Relatório da Partida,
1,dom,2018-08-12,13:30 (09:30),Liverpool,4.0,4–0,0.7,West Ham,53.235,Anfield,Anthony Taylor,Relatório da Partida,
1,dom,2018-08-12,16:00 (12:00),Arsenal,0.5,0–2,1.7,Manchester City,59.934,Emirates Stadium,Michael Oliver,Relatório da Partida,
,,,,,,,,,,,,,
2,sáb,2018-08-18,12:30 (08:30),Cardiff City,0.9,0–0,1.6,Newcastle Utd,30.720,Cardiff City Stadium,Craig Pawson,Relatório da Partida,
2,sáb,2018-08-18,15:00 (11:00),West Ham,1.2,1–2,1.3,Bournemouth,56.888,London Stadium,Stuart Attwell,Relatório da Partida,
2,sáb,2018-08-18,15:00 (11:00),Everton,1.5,2–1,1.7,Southampton,38.601,Goodison Park,Lee Mason,Relatório da Partida,
2,sáb,2018-08-18,15:00 (11:00),Leicester City,0.2,2–0,1.1,Wolves,32.043,King Power Stadium,Mike Dean,Relatório da Partida,
2,sáb,2018-08-18,15:00 (11:00),Tottenham,2.9,3–1,1.6,Fulham,58.297,Wembley Stadium,Anthony Taylor,Relatório da Partida,
2,sáb,2018-08-18,17:30 (13:30),Chelsea,1.6,3–2,2.4,Arsenal,40.491,Stamford Bridge,Martin Atkinson,Relatório da Partida,
2,dom,2018-08-19,13:30 (09:30),Burnley,0.6,1–3,1.5,Watford,18.822,Turf Moor,Paul Tierney,Relatório da Partida,
2,dom,2018-08-19,13:30 (09:30),Manchester City,4.2,6–1,0.7,Huddersfield,54.021,Etihad Stadium,Andre Marriner,Relatório da Partida,
2,dom,2018-08-19,16:00 (12:00),Brighton,1.7,3–2,1.4,Manchester Utd,30.592,The American Express Community Stadium,Kevin Friend,Relatório da Partida,
2,seg,2018-08-20,20:00 (16:00),Crystal Palace,0.4,0–2,2.6,Liverpool,25.750,Selhurst Park,Michael Oliver,Relatório da Partida,
,,,,,,,,,,,,,
3,sáb,2018-08-25,12:30 (08:30),Wolves,1.0,1–1,1.6,Manchester City,31.322,Molineux Stadium,Martin Atkinson,Relatório da Partida,
3,sáb,2018-08-25,15:00 (11:00),Arsenal,1.8,3–1,1.1,West Ham,59.830,Emirates Stadium,Graham Scott,Relatório da Partida,
3,sáb,2018-08-25,15:00 (11:00),Southampton,0.5,1–2,0.6,Leicester City,29.925,St. Mary's Stadium,Jonathan Moss,Relatório da Partida,
3,sáb,2018-08-25,15:00 (11:00),Huddersfield,0.2,0–0,0.9,Cardiff City,21.193,The John Smith's Stadium,Michael Oliver,Relatório da Partida,
3,sáb,2018-08-25,15:00 (11:00),Bournemouth,2.2,2–2,0.6,Everton,10.654,Vitality Stadium,Lee Probert,Relatório da Partida,
3,sáb,2018-08-25,17:30 (13:30),Liverpool,1.6,1–0,0.6,Brighton,53.294,Anfield,Chris Kavanagh,Relatório da Partida,
3,dom,2018-08-26,13:30 (09:30),Watford,1.2,2–1,1.0,Crystal Palace,20.014,Vicarage Road Stadium,Anthony Taylor,Relatório da Partida,
3,dom,2018-08-26,16:00 (12:00),Fulham,1.3,4–2,1.5,Burnley,23.438,Craven Cottage,David Coote,Relatório da Partida,
3,dom,2018-08-26,16:00 (12:00),Newcastle Utd,0.2,1–2,1.5,Chelsea,51.791,St. James' Park,Paul Tierney,Relatório da Partida,
3,seg,2018-08-27,20:00 (16:00),Manchester Utd,1.5,0–3,1.2,Tottenham,74.400,Old Trafford,Craig Pawson,Relatório da Partida,
,,,,,,,,,,,,,
4,sáb,2018-09-01,12:30 (08:30),Leicester City,1.0,1–2,1.0,Liverpool,32.149,King Power Stadium,Paul Tierney,Relatório da Partida,
4,sáb,2018-09-01,15:00 (11:00),Crystal Palace,2.4,0–2,2.7,Southampton,25.495,Selhurst Park,Martin Atkinson,Relatório da Partida,
4,sáb,2018-09-01,15:00 (11:00),Brighton,2.8,2–2,1.6,Fulham,30.526,The American Express Community Stadium,Lee Probert,Relatório da Partida,
4,sáb,2018-09-01,15:00 (11:00),Chelsea,1.1,2–0,0.9,Bournemouth,40.178,Stamford Bridge,Lee Mason,Relatório da Partida,
4,sáb,2018-09-01,15:00 (11:00),Everton,0.8,1–1,0.4,Huddersfield,38.767,Goodison Park,Stuart Attwell,Relatório da Partida,
4,sáb,2018-09-01,15:00 (11:00),West Ham,1.1,0–1,1.0,Wolves,56.947,London Stadium,Chris Kavanagh,Relatório da Partida,
4,sáb,2018-09-01,17:30 (13:30),Manchester City,2.0,2–1,0.5,Newcastle Utd,53.946,Etihad Stadium,Kevin Friend,Relatório da Partida,
4,dom,2018-09-02,13:30 (09:30),Cardiff City,1.0,2–3,1.7,Arsenal,32.316,Cardiff City Stadium,Anthony Taylor,Relatório da Partida,
4,dom,2018-09-02,16:00 (12:00),Watford,0.4,2–1,0.6,Tottenham,20.141,Vicarage Road Stadium,Andre Marriner,Relatório da Partida,
4,dom,2018-09-02,16:00 (12:00),Burnley,0.8,0–2,2.5,Manchester Utd,21.525,Turf Moor,Jonathan Moss,Relatório da Partida,
,,,,,,,,,,,,,
5,sáb,2018-09-15,12:30 (08:30),Tottenham,1.0,1–2,2.6,Liverpool,80.188,Wembley Stadium,Michael Oliver,Relatório da Partida,
5,sáb,2018-09-15,15:00 (11:00),Manchester City,4.8,3–0,0.4,Fulham,53.307,Etihad Stadium,Stuart Attwell,Relatório da Partida,
5,sáb,2018-09-15,15:00 (11:00),Huddersfield,0.9,0–1,0.7,Crystal Palace,23.696,The John Smith's Stadium,Lee Mason,Relatório da Partida,
5,sáb,2018-09-15,15:00 (11:00),Newcastle Utd,0.4,1–2,1.0,Arsenal,52.165,St. James' Park,Lee Probert,Relatório da Partida,
5,sáb,2018-09-15,15:00 (11:00),Bournemouth,2.3,4–2,2.3,Leicester City,10.543,Vitality Stadium,Craig Pawson,Relatório da Partida,
5,sáb,2018-09-15,15:00 (11:00),Chelsea,2.6,4–1,0.7,Cardiff City,40.499,Stamford Bridge,Jonathan Moss,Relatório da Partida,
5,sáb,2018-09-15,17:30 (13:30),Watford,1.3,1–2,1.9,Manchester Utd,20.537,Vicarage Road Stadium,Mike Dean,Relatório da Partida,
5,dom,2018-09-16,13:30 (09:30),Wolves,2.6,1–0,0.3,Burnley,30.406,Molineux Stadium,Andre Marriner,Relatório da Partida,
5,dom,2018-09-16,16:00 (12:00),Everton,1.4,1–3,1.2,West Ham,39.161,Goodison Park,Martin Atkinson,Relatório da Partida,
5,seg,2018-09-17,20:00 (16:00),Southampton,2.0,2–2,1.4,Brighton,28.811,St. Mary's Stadium,Anthony Taylor,Relatório da Partida,
,,,,,,,,,,,,,
6,sáb,2018-09-22,12:30 (08:30),Fulham,1.7,1–1,1.4,Watford,23.418,Craven Cottage,Martin Atkinson,Relatório da Partida,
6,sáb,2018-09-22,15:00 (11:00),Crystal Palace,0.9,0–0,0.2,Newcastle Utd,25.679,Selhurst Park,Andre Marriner,Relatório da Partida,
6,sáb,2018-09-22,15:00 (11:00),Cardiff City,0.1,0–5,2.5,Manchester City,32.321,Cardiff City Stadium,Michael Oliver,Relatório da Partida,
6,sáb,2018-09-22,15:00 (11:00),Liverpool,1.7,3–0,0.3,Southampton,50.965,Anfield,Paul Tierney,Relatório da Partida,
6,sáb,2018-09-22,15:00 (11:00),Burnley,2.1,4–0,1.0,Bournemouth,18.636,Turf Moor,Anthony Taylor,Relatório da Partida,
6,sáb,2018-09-22,15:00 (11:00),Manchester Utd,0.6,1–1,1.0,Wolves,74.489,Old Trafford,Kevin Friend,Relatório da Partida,
6,sáb,2018-09-22,15:00 (11:00),Leicester City,1.7,3–1,0.7,Huddersfield,31.676,King Power Stadium,David Coote,Relatório da Partida,
6,sáb,2018-09-22,17:30 (13:30),Brighton,0.8,1–2,1.9,Tottenham,30.531,The American Express Community Stadium,Chris Kavanagh,Relatório da Partida,
6,dom,2018-09-23,13:30 (09:30),West Ham,1.0,0–0,1.5,Chelsea,56.875,London Stadium,Mike Dean,Relatório da Partida,
6,dom,2018-09-23,16:00 (12:00),Arsenal,0.8,2–0,0.8,Everton,59.964,Emirates Stadium,Jonathan Moss,Relatório da Partida,
,,,,,,,,,,,,,
7,sáb,2018-09-29,12:30 (08:30),West Ham,1.4,3–1,0.7,Manchester Utd,56.938,London Stadium,Michael Oliver,Relatório da Partida,
7,sáb,2018-09-29,15:00 (11:00),Newcastle Utd,0.4,0–2,1.3,Leicester City,51.523,St. James' Park,Simon Hooper,Relatório da Partida,
7,sáb,2018-09-29,15:00 (11:00),Everton,2.3,3–0,0.5,Fulham,38.788,Goodison Park,Roger East,Relatório da Partida,
7,sáb,2018-09-29,15:00 (11:00),Wolves,1.6,2–0,0.8,Southampton,31.147,Molineux Stadium,Stuart Attwell,Relatório da Partida,
7,sáb,2018-09-29,15:00 (11:00),Arsenal,1.4,2–0,2.8,Watford,60.019,Emirates Stadium,Anthony Taylor,Relatório da Partida,
7,sáb,2018-09-29,15:00 (11:00),Manchester City,2.7,2–0,0.2,Brighton,54.152,Etihad Stadium,Lee Mason,Relatório da Partida,
7,sáb,2018-09-29,15:00 (11:00),Huddersfield,0.4,0–2,2.1,Tottenham,23.885,The John Smith's Stadium,Craig Pawson,Relatório da Partida,
7,sáb,2018-09-29,17:30 (13:30),Chelsea,1.1,1–1,1.6,Liverpool,40.625,Stamford Bridge,Andre Marriner,Relatório da Partida,
7,dom,2018-09-30,16:00 (12:00),Cardiff City,1.7,1–2,0.3,Burnley,30.411,Cardiff City Stadium,Martin Atkinson,Relatório da Partida,
7,seg,2018-10-01,20:00 (16:00),Bournemouth,1.8,2–1,0.4,Crystal Palace,10.199,Vitality Stadium,Mike Dean,Relatório da Partida,
,,,,,,,,,,,,,
8,sex,2018-10-05,20:00 (16:00),Brighton,1.2,1–0,1.4,West Ham,30.544,The American Express Community Stadium,Kevin Friend,Relatório da Partida,
8,sáb,2018-10-06,15:00 (11:00),Leicester City,0.9,1–2,1.3,Everton,32.007,King Power Stadium,Andre Marriner,Relatório da Partida,
8,sáb,2018-10-06,15:00 (11:00),Burnley,0.4,1–1,1.0,Huddersfield,20.533,Turf Moor,Chris Kavanagh,Relatório da Partida,
8,sáb,2018-10-06,15:00 (11:00),Tottenham,2.0,1–0,1.2,Cardiff City,43.268,Wembley Stadium,Mike Dean,Relatório da Partida,
8,sáb,2018-10-06,15:00 (11:00),Watford,1.0,0–4,3.2,Bournemouth,20.139,Vicarage Road Stadium,Jonathan Moss,Relatório da Partida,
8,sáb,2018-10-06,15:00 (11:00),Crystal Palace,1.4,0–1,0.7,Wolves,25.715,Selhurst Park,Michael Oliver,Relatório da Partida,
8,sáb,2018-10-06,17:30 (13:30),Manchester Utd,1.9,3–2,1.6,Newcastle Utd,74.519,Old Trafford,Anthony Taylor,Relatório da Partida,
8,dom,2018-10-07,12:00 (08:00),Fulham,1.4,1–5,1.1,Arsenal,25.401,Craven Cottage,Paul Tierney,Relatório da Partida,
8,dom,2018-10-07,14:15 (10:15),Southampton,1.6,0–3,2.9,Chelsea,27.077,St. Mary's Stadium,Craig Pawson,Relatório da Partida,
8,dom,2018-10-07,16:30 (12:30),Liverpool,0.4,0–0,1.0,Manchester City,52.117,Anfield,Martin Atkinson,Relatório da Partida,
,,,,,,,,,,,,,
9,sáb,2018-10-20,12:30 (08:30),Chelsea,1.8,2–2,0.8,Manchester Utd,40.721,Stamford Bridge,Mike Dean,Relatório da Partida,
9,sáb,2018-10-20,15:00 (11:00),Bournemouth,0.9,0–0,0.5,Southampton,10.986,Vitality Stadium,Lee Probert,Relatório da Partida,
9,sáb,2018-10-20,15:00 (11:00),Manchester City,4.0,5–0,0.4,Burnley,54.094,Etihad Stadium,Jonathan Moss,Relatório da Partida,
9,sáb,2018-10-20,15:00 (11:00),West Ham,0.8,0–1,0.9,Tottenham,56.921,London Stadium,Martin Atkinson,Relatório da Partida,
9,sáb,2018-10-20,15:00 (11:00),Newcastle Utd,1.8,0–1,0.8,Brighton,50.329,St. James' Park,Andre Marriner,Relatório da Partida,
9,sáb,2018-10-20,15:00 (11:00),Wolves,0.7,0–2,1.1,Watford,31.144,Molineux Stadium,Lee Mason,Relatório da Partida,
9,sáb,2018-10-20,15:00 (11:00),Cardiff City,1.5,4–2,0.7,Fulham,29.681,Cardiff City Stadium,Kevin Friend,Relatório da Partida,
9,sáb,2018-10-20,17:30 (13:30),Huddersfield,0.7,0–1,0.6,Liverpool,24.263,The John Smith's Stadium,Michael Oliver,Relatório da Partida,
9,dom,2018-10-21,16:00 (12:00),Everton,1.8,2–0,1.3,Crystal Palace,38.668,Goodison Park,Anthony Taylor,Relatório da Partida,
9,seg,2018-10-22,20:00 (16:00),Arsenal,2.7,3–1,0.5,Leicester City,59.886,Emirates Stadium,Chris Kavanagh,Relatório da Partida,
,,,,,,,,,,,,,
10,sáb,2018-10-27,15:00 (11:00),Brighton,0.9,1–0,1.4,Wolves,30.654,The American Express Community Stadium,Anthony Taylor,Relatório da Partida,
10,sáb,2018-10-27,15:00 (11:00),Southampton,1.1,0–0,0.4,Newcastle Utd,30.736,St. Mary's Stadium,Chris Kavanagh,Relatório da Partida,
10,sáb,2018-10-27,15:00 (11:00),Fulham,0.5,0–3,2.0,Bournemouth,25.071,Craven Cottage,Andre Marriner,Relatório da Partida,
10,sáb,2018-10-27,15:00 (11:00),Liverpool,2.4,4–1,0.8,Cardiff City,53.373,Anfield,Stuart Attwell,Relatório da Partida,
10,sáb,2018-10-27,15:00 (11:00),Watford,2.0,3–0,0.5,Huddersfield,20.457,Vicarage Road Stadium,Mike Dean,Relatório da Partida,
10,sáb,2018-10-27,17:30 (13:30),Leicester City,1.7,1–1,1.4,West Ham,31.848,King Power Stadium,Michael Oliver,Relatório da Partida,
10,dom,2018-10-28,13:30 (10:30),Burnley,0.4,0–4,2.6,Chelsea,21.430,Turf Moor,Craig Pawson,Relatório da Partida,
10,dom,2018-10-28,13:30 (10:30),Crystal Palace,2.3,2–2,0.9,Arsenal,25.718,Selhurst Park,Martin Atkinson,Relatório da Partida,
10,dom,2018-10-28,16:00 (13:00),Manchester Utd,2.3,2–1,1.8,Everton,74.525,Old Trafford,Jonathan Moss,Relatório da Partida,
10,seg,2018-10-29,20:00 (17:00),Tottenham,0.4,0–1,1.6,Manchester City,56.854,Wembley Stadium,Kevin Friend,Relatório da Partida,
,,,,,,,,,,,,,
11,sáb,2018-11-03,12:30 (09:30),Bournemouth,1.6,1–2,3.0,Manchester Utd,10.792,Vitality Stadium,Paul Tierney,Relatório da Partida,
11,sáb,2018-11-03,15:00 (12:00),Cardiff City,0.9,0–1,2.1,Leicester City,30.877,Cardiff City Stadium,Lee Probert,Relatório da Partida,
11,sáb,2018-11-03,15:00 (12:00),Everton,2.0,3–1,0.5,Brighton,38.966,Goodison Park,David Coote,Relatório da Partida,
11,sáb,2018-11-03,15:00 (12:00),Newcastle Utd,0.5,1–0,2.0,Watford,49.157,St. James' Park,Craig Pawson,Relatório da Partida,
11,sáb,2018-11-03,15:00 (12:00),West Ham,2.4,4–2,1.1,Burnley,56.862,London Stadium,Roger East,Relatório da Partida,
11,sáb,2018-11-03,17:30 (14:30),Arsenal,1.4,1–1,1.3,Liverpool,59.993,Emirates Stadium,Andre Marriner,Relatório da Partida,
11,sáb,2018-11-03,19:45 (16:45),Wolves,2.7,2–3,1.4,Tottenham,31.185,Molineux Stadium,Mike Dean,Relatório da Partida,
11,dom,2018-11-04,15:00 (13:00),Manchester City,2.2,6–1,2.0,Southampton,53.916,Etihad Stadium,Lee Mason,Relatório da Partida,
11,dom,2018-11-04,16:00 (14:00),Chelsea,1.7,3–1,0.4,Crystal Palace,40.407,Stamford Bridge,Michael Oliver,Relatório da Partida,
11,seg,2018-11-05,20:00 (18:00),Huddersfield,0.6,1–0,0.4,Fulham,17.082,The John Smith's Stadium,Anthony Taylor,Relatório da Partida,
,,,,,,,,,,,,,
12,sáb,2018-11-10,12:30 (10:30),Cardiff City,2.1,2–1,0.5,Brighton,29.402,Cardiff City Stadium,Martin Atkinson,Relatório da Partida,
12,sáb,2018-11-10,15:00 (13:00),Newcastle Utd,2.2,2–1,1.6,Bournemouth,49.266,St. James' Park,Lee Probert,Relatório da Partida,
12,sáb,2018-11-10,15:00 (13:00),Huddersfield,1.1,1–1,1.7,West Ham,24.069,The John Smith's Stadium,Chris Kavanagh,Relatório da Partida,
12,sáb,2018-11-10,15:00 (13:00),Leicester City,1.8,0–0,0.4,Burnley,32.184,King Power Stadium,Mike Dean,Relatório da Partida,
12,sáb,2018-11-10,15:00 (13:00),Southampton,1.1,1–1,1.2,Watford,28.153,St. Mary's Stadium,Simon Hooper,Relatório da Partida,
12,sáb,2018-11-10,17:30 (15:30),Crystal Palace,0.8,0–1,1.2,Tottenham,25.685,Selhurst Park,Jonathan Moss,Relatório da Partida,
12,dom,2018-11-11,12:00 (10:00),Liverpool,1.8,2–0,0.5,Fulham,53.128,Anfield,Paul Tierney,Relatório da Partida,
12,dom,2018-11-11,14:15 (12:15),Chelsea,1.2,0–0,0.3,Everton,40.345,Stamford Bridge,Kevin Friend,Relatório da Partida,
12,dom,2018-11-11,16:30 (14:30),Arsenal,0.9,1–1,1.9,Wolves,60.030,Emirates Stadium,Stuart Attwell,Relatório da Partida,
12,dom,2018-11-11,16:30 (14:30),Manchester City,1.9,3–1,1.1,Manchester Utd,54.316,Etihad Stadium,Anthony Taylor,Relatório da Partida,
,,,,,,,,,,,,,
13,sáb,2018-11-24,15:00 (13:00),Manchester Utd,0.9,0–0,1.2,Crystal Palace,74.516,Old Trafford,Lee Mason,Relatório da Partida,
13,sáb,2018-11-24,15:00 (13:00),Fulham,1.3,3–2,1.3,Southampton,24.603,Craven Cottage,Michael Oliver,Relatório da Partida,
13,sáb,2018-11-24,15:00 (13:00),West Ham,0.9,0–4,2.7,Manchester City,56.886,London Stadium,Andre Marriner,Relatório da Partida,
13,sáb,2018-11-24,15:00 (13:00),Brighton,1.0,1–1,1.2,Leicester City,30.553,The American Express Community Stadium,Chris Kavanagh,Relatório da Partida,
13,sáb,2018-11-24,15:00 (13:00),Everton,2.1,1–0,1.0,Cardiff City,39.139,Goodison Park,Paul Tierney,Relatório da Partida,
13,sáb,2018-11-24,15:00 (13:00),Watford,0.4,0–3,1.2,Liverpool,20.540,Vicarage Road Stadium,Jonathan Moss,Relatório da Partida,
13,sáb,2018-11-24,17:30 (15:30),Tottenham,3.1,3–1,1.0,Chelsea,55.465,Wembley Stadium,Martin Atkinson,Relatório da Partida,
13,dom,2018-11-25,13:30 (11:30),Bournemouth,0.6,1–2,1.6,Arsenal,10.792,Vitality Stadium,Craig Pawson,Relatório da Partida,
13,dom,2018-11-25,16:00 (14:00),Wolves,0.8,0–2,0.7,Huddersfield,30.130,Molineux Stadium,Kevin Friend,Relatório da Partida,
13,seg,2018-11-26,20:30 (18:30),Burnley,1.8,1–2,1.6,Newcastle Utd,20.628,Turf Moor,Anthony Taylor,Relatório da Partida,
,,,,,,,,,,,,,
14,sex,2018-11-30,20:00 (18:00),Cardiff City,1.0,2–1,0.8,Wolves,30.213,Cardiff City Stadium,Andre Marriner,Relatório da Partida,
14,sáb,2018-12-01,15:00 (13:00),Newcastle Utd,1.0,0–3,2.5,West Ham,51.853,St. James' Park,Paul Tierney,Relatório da Partida,
14,sáb,2018-12-01,15:00 (13:00),Crystal Palace,1.6,2–0,0.7,Burnley,25.098,Selhurst Park,Lee Probert,Relatório da Partida,
14,sáb,2018-12-01,15:00 (13:00),Huddersfield,0.6,1–2,1.2,Brighton,22.973,The John Smith's Stadium,Michael Oliver,Relatório da Partida,
14,sáb,2018-12-01,15:00 (13:00),Leicester City,1.3,2–0,1.2,Watford,31.353,King Power Stadium,Graham Scott,Relatório da Partida,
14,sáb,2018-12-01,15:00 (13:00),Manchester City,2.6,3–1,0.6,Bournemouth,54.409,Etihad Stadium,Stuart Attwell,Relatório da Partida,
14,sáb,2018-12-01,17:30 (15:30),Southampton,0.7,2–2,1.1,Manchester Utd,30.187,St. Mary's Stadium,Kevin Friend,Relatório da Partida,
14,dom,2018-12-02,12:00 (10:00),Chelsea,2.1,2–0,0.4,Fulham,40.551,Stamford Bridge,Craig Pawson,Relatório da Partida,
14,dom,2018-12-02,14:05 (12:05),Arsenal,2.7,4–2,1.2,Tottenham,59.973,Emirates Stadium,Mike Dean,Relatório da Partida,
14,dom,2018-12-02,16:15 (14:15),Liverpool,2.9,1–0,1.1,Everton,51.756,Anfield,Chris Kavanagh,Relatório da Partida,
,,,,,,,,,,,,,
15,ter,2018-12-04,19:45 (17:45),West Ham,1.7,3–1,2.1,Cardiff City,56.811,London Stadium,Graham Scott,Relatório da Partida,
15,ter,2018-12-04,19:45 (17:45),Brighton,1.3,3–1,1.7,Crystal Palace,29.663,The American Express Community Stadium,Kevin Friend,Relatório da Partida,
15,ter,2018-12-04,19:45 (17:45),Bournemouth,0.9,2–1,1.8,Huddersfield,9.980,Vitality Stadium,Roger East,Relatório da Partida,
15,ter,2018-12-04,20:00 (18:00),Watford,1.8,1–2,2.5,Manchester City,20.389,Vicarage Road Stadium,Paul Tierney,Relatório da Partida,
15,qua,2018-12-05,19:45 (17:45),Wolves,0.7,2–1,1.3,Chelsea,31.300,Molineux Stadium,Jonathan Moss,Relatório da Partida,
15,qua,2018-12-05,19:45 (17:45),Fulham,1.4,1–1,1.2,Leicester City,22.881,Craven Cottage,David Coote,Relatório da Partida,
15,qua,2018-12-05,19:45 (17:45),Burnley,0.9,1–3,2.4,Liverpool,21.741,Turf Moor,Stuart Attwell,Relatório da Partida,
15,qua,2018-12-05,19:45 (17:45),Everton,1.8,1–1,1.5,Newcastle Utd,39.350,Goodison Park,Lee Mason,Relatório da Partida,
15,qua,2018-12-05,20:00 (18:00),Manchester Utd,1.1,2–2,1.1,Arsenal,74.507,Old Trafford,Andre Marriner,Relatório da Partida,
15,qua,2018-12-05,20:00 (18:00),Tottenham,1.6,3–1,1.7,Southampton,33.012,Wembley Stadium,Anthony Taylor,Relatório da Partida,
,,,,,,,,,,,,,
16,sáb,2018-12-08,12:30 (10:30),Bournemouth,0.3,0–4,1.6,Liverpool,10.752,Vitality Stadium,Lee Mason,Relatório da Partida,
16,sáb,2018-12-08,15:00 (13:00),West Ham,1.2,3–2,0.7,Crystal Palace,56.995,London Stadium,Anthony Taylor,Relatório da Partida,
16,sáb,2018-12-08,15:00 (13:00),Manchester Utd,2.3,4–1,1.2,Fulham,74.523,Old Trafford,Lee Probert,Relatório da Partida,
16,sáb,2018-12-08,15:00 (13:00),Burnley,1.4,1–0,1.0,Brighton,18.497,Turf Moor,Martin Atkinson,Relatório da Partida,
16,sáb,2018-12-08,15:00 (13:00),Cardiff City,1.5,1–0,0.7,Southampton,30.067,Cardiff City Stadium,Jonathan Moss,Relatório da Partida,
16,sáb,2018-12-08,15:00 (13:00),Arsenal,1.4,1–0,0.3,Huddersfield,59.893,Emirates Stadium,Paul Tierney,Relatório da Partida,
16,sáb,2018-12-08,17:30 (15:30),Chelsea,0.6,2–0,0.9,Manchester City,40.571,Stamford Bridge,Michael Oliver,Relatório da Partida,
16,sáb,2018-12-08,19:45 (17:45),Leicester City,0.4,0–2,0.9,Tottenham,31.957,King Power Stadium,Craig Pawson,Relatório da Partida,
16,dom,2018-12-09,16:00 (14:00),Newcastle Utd,0.6,1–2,1.8,Wolves,50.223,St. James' Park,Mike Dean,Relatório da Partida,
16,seg,2018-12-10,20:00 (18:00),Everton,1.7,2–2,1.7,Watford,38.400,Goodison Park,Kevin Friend,Relatório da Partida,
,,,,,,,,,,,,,
17,sáb,2018-12-15,12:30 (10:30),Manchester City,1.7,3–1,1.5,Everton,54.173,Etihad Stadium,Craig Pawson,Relatório da Partida,
17,sáb,2018-12-15,15:00 (13:00),Watford,1.4,3–2,0.9,Cardiff City,20.032,Vicarage Road Stadium,Andy Madley,Relatório da Partida,
17,sáb,2018-12-15,15:00 (13:00),Tottenham,1.7,1–0,0.5,Burnley,41.645,Wembley Stadium,Graham Scott,Relatório da Partida,
17,sáb,2018-12-15,15:00 (13:00),Huddersfield,0.8,0–1,0.6,Newcastle Utd,24.036,The John Smith's Stadium,Anthony Taylor,Relatório da Partida,
17,sáb,2018-12-15,15:00 (13:00),Crystal Palace,0.5,1–0,1.0,Leicester City,24.738,Selhurst Park,Michael Oliver,Relatório da Partida,
17,sáb,2018-12-15,15:00 (13:00),Wolves,1.8,2–0,0.6,Bournemouth,30.997,Molineux Stadium,Simon Hooper,Relatório da Partida,
17,sáb,2018-12-15,17:30 (15:30),Fulham,1.3,0–2,0.8,West Ham,24.081,Craven Cottage,Mike Dean,Relatório da Partida,
17,dom,2018-12-16,13:30 (11:30),Southampton,1.3,3–2,1.9,Arsenal,29.497,St. Mary's Stadium,Chris Kavanagh,Relatório da Partida,
17,dom,2018-12-16,13:30 (11:30),Brighton,0.4,1–2,1.2,Chelsea,30.645,The American Express Community Stadium,Stuart Attwell,Relatório da Partida,
17,dom,2018-12-16,16:00 (14:00),Liverpool,2.5,3–1,0.7,Manchester Utd,52.908,Anfield,Martin Atkinson,Relatório da Partida,
,,,,,,,,,,,,,
18,sex,2018-12-21,20:00 (18:00),Wolves,0.9,0–2,1.9,Liverpool,31.358,Molineux Stadium,Craig Pawson,Relatório da Partida,
18,sáb,2018-12-22,12:30 (10:30),Arsenal,1.6,3–1,1.2,Burnley,59.493,Emirates Stadium,Kevin Friend,Relatório da Partida,
18,sáb,2018-12-22,15:00 (13:00),Bournemouth,0.8,2–0,0.8,Brighton,10.491,Vitality Stadium,Mike Dean,Relatório da Partida,
18,sáb,2018-12-22,15:00 (13:00),Manchester City,1.5,2–3,0.9,Crystal Palace,54.340,Etihad Stadium,Andre Marriner,Relatório da Partida,
18,sáb,2018-12-22,15:00 (13:00),West Ham,2.0,0–2,2.3,Watford,56.833,London Stadium,Lee Mason,Relatório da Partida,
18,sáb,2018-12-22,15:00 (13:00),Huddersfield,0.8,1–3,2.5,Southampton,22.384,The John Smith's Stadium,Stuart Attwell,Relatório da Partida,
18,sáb,2018-12-22,15:00 (13:00),Chelsea,2.4,0–1,0.5,Leicester City,40.558,Stamford Bridge,Lee Probert,Relatório da Partida,
18,sáb,2018-12-22,15:00 (13:00),Newcastle Utd,0.4,0–0,0.2,Fulham,51.237,St. James' Park,Martin Atkinson,Relatório da Partida,
18,sáb,2018-12-22,17:30 (15:30),Cardiff City,1.4,1–5,2.8,Manchester Utd,33.028,Cardiff City Stadium,Michael Oliver,Relatório da Partida,
18,dom,2018-12-23,16:00 (14:00),Everton,0.9,2–6,2.0,Tottenham,39.319,Goodison Park,Paul Tierney,Relatório da Partida,
,,,,,,,,,,,,,
19,qua,2018-12-26,12:30 (10:30),Fulham,1.2,1–1,1.4,Wolves,24.382,Craven Cottage,Andre Marriner,Relatório da Partida,
19,qua,2018-12-26,15:00 (13:00),Burnley,2.0,1–5,1.5,Everton,21.484,Turf Moor,Michael Oliver,Relatório da Partida,
19,qua,2018-12-26,15:00 (13:00),Manchester Utd,1.5,3–1,1.1,Huddersfield,74.523,Old Trafford,Jonathan Moss,Relatório da Partida,
19,qua,2018-12-26,15:00 (13:00),Liverpool,2.9,4–0,0.5,Newcastle Utd,53.318,Anfield,Graham Scott,Relatório da Partida,
19,qua,2018-12-26,15:00 (13:00),Leicester City,1.3,2–1,1.4,Manchester City,32.090,King Power Stadium,Mike Dean,Relatório da Partida,
19,qua,2018-12-26,15:00 (13:00),Tottenham,1.7,5–0,1.1,Bournemouth,45.154,Wembley Stadium,Chris Kavanagh,Relatório da Partida,
19,qua,2018-12-26,15:00 (13:00),Crystal Palace,2.1,0–0,0.9,Cardiff City,25.206,Selhurst Park,Lee Probert,Relatório da Partida,
19,qua,2018-12-26,17:15 (15:15),Brighton,1.1,1–1,0.8,Arsenal,30.608,The American Express Community Stadium,Anthony Taylor,Relatório da Partida,
19,qua,2018-12-26,19:30 (17:30),Watford,1.2,1–2,1.9,Chelsea,20.415,Vicarage Road Stadium,Martin Atkinson,Relatório da Partida,
19,qui,2018-12-27,19:45 (17:45),Southampton,1.2,1–2,1.2,West Ham,31.654,St. Mary's Stadium,Craig Pawson,Relatório da Partida,
,,,,,,,,,,,,,
20,sáb,2018-12-29,15:00 (13:00),Watford,1.3,1–1,0.7,Newcastle Utd,20.336,Vicarage Road Stadium,Roger East,Relatório da Partida,
20,sáb,2018-12-29,15:00 (13:00),Fulham,1.8,1–0,0.4,Huddersfield,24.423,Craven Cottage,Kevin Friend,Relatório da Partida,
20,sáb,2018-12-29,15:00 (13:00),Brighton,1.1,1–0,0.7,Everton,30.597,The American Express Community Stadium,Andy Madley,Relatório da Partida,
20,sáb,2018-12-29,15:00 (13:00),Leicester City,1.8,0–1,0.6,Cardiff City,32.047,King Power Stadium,Simon Hooper,Relatório da Partida,
20,sáb,2018-12-29,15:00 (13:00),Tottenham,0.3,1–3,0.9,Wolves,46.356,Wembley Stadium,Stuart Attwell,Relatório da Partida,
20,sáb,2018-12-29,17:30 (15:30),Liverpool,3.8,5–1,1.0,Arsenal,53.326,Anfield,Michael Oliver,Relatório da Partida,
20,dom,2018-12-30,12:00 (10:00),Crystal Palace,0.2,0–1,0.9,Chelsea,25.781,Selhurst Park,Craig Pawson,Relatório da Partida,
20,dom,2018-12-30,14:15 (12:15),Southampton,0.2,1–3,2.5,Manchester City,31.381,St. Mary's Stadium,Paul Tierney,Relatório da Partida,
20,dom,2018-12-30,14:15 (12:15),Burnley,2.7,2–0,0.8,West Ham,20.933,Turf Moor,David Coote,Relatório da Partida,
20,dom,2018-12-30,16:30 (14:30),Manchester Utd,2.9,4–1,0.5,Bournemouth,74.556,Old Trafford,Lee Mason,Relatório da Partida,
,,,,,,,,,,,,,
21,ter,2019-01-01,12:30 (10:30),Everton,1.0,0–1,0.6,Leicester City,39.052,Goodison Park,Martin Atkinson,Relatório da Partida,
21,ter,2019-01-01,15:00 (13:00),Arsenal,4.5,4–1,1.4,Fulham,59.887,Emirates Stadium,Graham Scott,Relatório da Partida,
21,ter,2019-01-01,17:30 (15:30),Cardiff City,0.9,0–3,1.1,Tottenham,32.485,Cardiff City Stadium,Kevin Friend,Relatório da Partida,
21,qua,2019-01-02,19:45 (17:45),Wolves,0.5,0–2,1.9,Crystal Palace,30.666,Molineux Stadium,Roger East,Relatório da Partida,
21,qua,2019-01-02,19:45 (17:45),West Ham,0.8,2–2,0.7,Brighton,59.870,London Stadium,Chris Kavanagh,Relatório da Partida,
21,qua,2019-01-02,19:45 (17:45),Bournemouth,2.2,3–3,0.9,Watford,10.261,Vitality Stadium,David Coote,Relatório da Partida,
21,qua,2019-01-02,19:45 (17:45),Chelsea,0.9,0–0,0.2,Southampton,40.668,Stamford Bridge,Jonathan Moss,Relatório da Partida,
21,qua,2019-01-02,19:45 (17:45),Huddersfield,0.9,1–2,2.4,Burnley,23.715,The John Smith's Stadium,Mike Dean,Relatório da Partida,
21,qua,2019-01-02,20:00 (18:00),Newcastle Utd,0.7,0–2,2.6,Manchester Utd,52.217,St. James' Park,Andre Marriner,Relatório da Partida,
21,qui,2019-01-03,20:00 (18:00),Manchester City,1.1,2–1,1.5,Liverpool,54.511,Etihad Stadium,Anthony Taylor,Relatório da Partida,
,,,,,,,,,,,,,
22,sáb,2019-01-12,12:30 (10:30),West Ham,0.6,1–0,0.7,Arsenal,59.946,London Stadium,Jonathan Moss,Relatório da Partida,
22,sáb,2019-01-12,15:00 (13:00),Burnley,0.8,2–1,0.8,Fulham,19.316,Turf Moor,Martin Atkinson,Relatório da Partida,
22,sáb,2019-01-12,15:00 (13:00),Brighton,0.4,0–1,2.0,Liverpool,30.682,The American Express Community Stadium,Kevin Friend,Relatório da Partida,
22,sáb,2019-01-12,15:00 (13:00),Crystal Palace,1.3,1–2,1.6,Watford,25.010,Selhurst Park,Paul Tierney,Relatório da Partida,
22,sáb,2019-01-12,15:00 (13:00),Cardiff City,0.1,0–0,0.5,Huddersfield,30.725,Cardiff City Stadium,Lee Mason,Relatório da Partida,
22,sáb,2019-01-12,15:00 (13:00),Leicester City,1.7,1–2,1.5,Southampton,31.491,King Power Stadium,Michael Oliver,Relatório da Partida,
22,sáb,2019-01-12,17:30 (15:30),Chelsea,1.3,2–1,0.5,Newcastle Utd,40.491,Stamford Bridge,Chris Kavanagh,Relatório da Partida,
22,dom,2019-01-13,14:15 (12:15),Everton,1.0,2–0,1.9,Bournemouth,38.113,Goodison Park,Anthony Taylor,Relatório da Partida,
22,dom,2019-01-13,16:30 (14:30),Tottenham,1.8,0–1,0.8,Manchester Utd,80.062,Wembley Stadium,Mike Dean,Relatório da Partida,
22,seg,2019-01-14,20:00 (18:00),Manchester City,2.8,3–0,0.1,Wolves,54.171,Etihad Stadium,Craig Pawson,Relatório da Partida,
,,,,,,,,,,,,,
23,sáb,2019-01-19,12:30 (10:30),Wolves,1.9,4–3,1.9,Leicester City,31.278,Molineux Stadium,Chris Kavanagh,Relatório da Partida,
23,sáb,2019-01-19,15:00 (13:00),Bournemouth,1.1,2–0,1.1,West Ham,10.495,Vitality Stadium,Simon Hooper,Relatório da Partida,
23,sáb,2019-01-19,15:00 (13:00),Newcastle Utd,2.0,3–0,0.3,Cardiff City,49.864,St. James' Park,Stuart Attwell,Relatório da Partida,
23,sáb,2019-01-19,15:00 (13:00),Manchester Utd,2.4,2–1,0.8,Brighton,74.532,Old Trafford,Paul Tierney,Relatório da Partida,
23,sáb,2019-01-19,15:00 (13:00),Southampton,0.7,2–1,0.9,Everton,29.989,St. Mary's Stadium,Graham Scott,Relatório da Partida,
23,sáb,2019-01-19,15:00 (13:00),Liverpool,2.6,4–3,0.7,Crystal Palace,53.171,Anfield,Jonathan Moss,Relatório da Partida,
23,sáb,2019-01-19,15:00 (13:00),Watford,1.3,0–0,1.8,Burnley,19.510,Vicarage Road Stadium,Michael Oliver,Relatório da Partida,
23,sáb,2019-01-19,17:30 (15:30),Arsenal,1.5,2–0,0.9,Chelsea,59.979,Emirates Stadium,Anthony Taylor,Relatório da Partida,
23,dom,2019-01-20,13:30 (11:30),Huddersfield,0.9,0–3,2.0,Manchester City,24.190,The John Smith's Stadium,Andre Marriner,Relatório da Partida,
23,dom,2019-01-20,16:00 (14:00),Fulham,0.9,1–2,1.7,Tottenham,24.807,Craven Cottage,Craig Pawson,Relatório da Partida,
,,,,,,,,,,,,,
24,ter,2019-01-29,19:45 (17:45),Fulham,3.3,4–2,2.2,Brighton,22.008,Craven Cottage,Lee Probert,Relatório da Partida,
24,ter,2019-01-29,19:45 (17:45),Huddersfield,0.7,0–1,1.1,Everton,23.699,The John Smith's Stadium,Stuart Attwell,Relatório da Partida,
24,ter,2019-01-29,19:45 (17:45),Wolves,2.2,3–0,0.2,West Ham,31.122,Molineux Stadium,David Coote,Relatório da Partida,
24,ter,2019-01-29,19:45 (17:45),Arsenal,2.6,2–1,0.8,Cardiff City,59.933,Emirates Stadium,Mike Dean,Relatório da Partida,
24,ter,2019-01-29,20:00 (18:00),Newcastle Utd,1.1,2–1,1.4,Manchester City,50.861,St. James' Park,Paul Tierney,Relatório da Partida,
24,ter,2019-01-29,20:00 (18:00),Manchester Utd,3.1,2–2,0.8,Burnley,74.529,Old Trafford,Jonathan Moss,Relatório da Partida,
24,qua,2019-01-30,19:45 (17:45),Bournemouth,2.0,4–0,0.7,Chelsea,10.227,Vitality Stadium,Roger East,Relatório da Partida,
24,qua,2019-01-30,19:45 (17:45),Southampton,1.2,1–1,1.1,Crystal Palace,28.339,St. Mary's Stadium,Andre Marriner,Relatório da Partida,
24,qua,2019-01-30,20:00 (18:00),Tottenham,1.7,2–1,0.5,Watford,29.164,Wembley Stadium,Graham Scott,Relatório da Partida,
24,qua,2019-01-30,20:00 (18:00),Liverpool,0.6,1–1,1.1,Leicester City,53.092,Anfield,Martin Atkinson,Relatório da Partida,
,,,,,,,,,,,,,
25,sáb,2019-02-02,12:30 (10:30),Tottenham,2.2,1–0,0.4,Newcastle Utd,41.219,Wembley Stadium,Andre Marriner,Relatório da Partida,
25,sáb,2019-02-02,15:00 (13:00),Brighton,1.6,0–0,0.3,Watford,30.414,The American Express Community Stadium,Simon Hooper,Relatório da Partida,
25,sáb,2019-02-02,15:00 (13:00),Chelsea,2.6,5–0,0.3,Huddersfield,40.626,Stamford Bridge,Paul Tierney,Relatório da Partida,
25,sáb,2019-02-02,15:00 (13:00),Everton,1.2,1–3,1.4,Wolves,39.380,Goodison Park,Lee Mason,Relatório da Partida,
25,sáb,2019-02-02,15:00 (13:00),Burnley,2.4,1–1,0.7,Southampton,19.787,Turf Moor,Anthony Taylor,Relatório da Partida,
25,sáb,2019-02-02,15:00 (13:00),Crystal Palace,2.2,2–0,0.6,Fulham,25.355,Selhurst Park,Michael Oliver,Relatório da Partida,
25,sáb,2019-02-02,17:30 (15:30),Cardiff City,2.1,2–0,0.5,Bournemouth,31.939,Cardiff City Stadium,Jonathan Moss,Relatório da Partida,
25,dom,2019-02-03,14:05 (12:05),Leicester City,1.5,0–1,1.3,Manchester Utd,32.148,King Power Stadium,Mike Dean,Relatório da Partida,
25,dom,2019-02-03,16:30 (14:30),Manchester City,2.7,3–1,0.7,Arsenal,54.483,Etihad Stadium,Martin Atkinson,Relatório da Partida,
25,seg,2019-02-04,20:00 (18:00),West Ham,0.8,1–1,1.1,Liverpool,59.903,London Stadium,Kevin Friend,Relatório da Partida,
,,,,,,,,,,,,,
27,qua,2019-02-06,19:45 (17:45),Everton,0.1,0–2,2.2,Manchester City,39.322,Goodison Park,Craig Pawson,Relatório da Partida,
,,,,,,,,,,,,,
26,sáb,2019-02-09,12:30 (10:30),Fulham,2.2,0–3,1.9,Manchester Utd,25.001,Craven Cottage,Paul Tierney,Relatório da Partida,
26,sáb,2019-02-09,15:00 (13:00),Crystal Palace,2.6,1–1,1.7,West Ham,25.552,Selhurst Park,Craig Pawson,Relatório da Partida,
26,sáb,2019-02-09,15:00 (13:00),Liverpool,2.0,3–0,0.4,Bournemouth,53.178,Anfield,Anthony Taylor,Relatório da Partida,
26,sáb,2019-02-09,15:00 (13:00),Southampton,1.5,1–2,0.8,Cardiff City,31.438,St. Mary's Stadium,Martin Atkinson,Relatório da Partida,
26,sáb,2019-02-09,15:00 (13:00),Watford,1.3,1–0,0.7,Everton,20.333,Vicarage Road Stadium,Lee Probert,Relatório da Partida,
26,sáb,2019-02-09,15:00 (13:00),Huddersfield,1.6,1–2,1.4,Arsenal,24.182,The John Smith's Stadium,Jonathan Moss,Relatório da Partida,
26,sáb,2019-02-09,17:30 (15:30),Brighton,1.1,1–3,2.1,Burnley,29.323,The American Express Community Stadium,Stuart Attwell,Relatório da Partida,
26,dom,2019-02-10,13:30 (11:30),Tottenham,1.1,3–1,3.3,Leicester City,44.154,Wembley Stadium,Michael Oliver,Relatório da Partida,
26,dom,2019-02-10,16:00 (14:00),Manchester City,3.0,6–0,0.9,Chelsea,54.452,Etihad Stadium,Mike Dean,Relatório da Partida,
26,seg,2019-02-11,20:00 (18:00),Wolves,2.3,1–1,0.4,Newcastle Utd,30.687,Molineux Stadium,Graham Scott,Relatório da Partida,
,,,,,,,,,,,,,
27,sex,2019-02-22,19:45 (16:45),West Ham,2.4,3–1,1.3,Fulham,59.950,London Stadium,Lee Mason,Relatório da Partida,
27,sex,2019-02-22,19:45 (16:45),Cardiff City,2.0,1–5,2.1,Watford,30.387,Cardiff City Stadium,Simon Hooper,Relatório da Partida,
27,sáb,2019-02-23,12:30 (09:30),Burnley,1.2,2–1,0.9,Tottenham,21.338,Turf Moor,Mike Dean,Relatório da Partida,
27,sáb,2019-02-23,15:00 (12:00),Bournemouth,2.4,1–1,1.5,Wolves,10.671,Vitality Stadium,Roger East,Relatório da Partida,
27,sáb,2019-02-23,15:00 (12:00),Newcastle Utd,2.8,2–0,0.2,Huddersfield,52.174,St. James' Park,Kevin Friend,Relatório da Partida,
27,sáb,2019-02-23,17:30 (14:30),Leicester City,1.2,1–4,1.7,Crystal Palace,31.778,King Power Stadium,Anthony Taylor,Relatório da Partida,
27,dom,2019-02-24,14:05 (11:05),Arsenal,2.1,2–0,0.8,Southampton,59.877,Emirates Stadium,Graham Scott,Relatório da Partida,
27,dom,2019-02-24,14:05 (11:05),Manchester Utd,0.3,0–0,0.5,Liverpool,74.519,Old Trafford,Michael Oliver,Relatório da Partida,
,,,,,,,,,,,,,
28,ter,2019-02-26,19:45 (16:45),Cardiff City,0.3,0–3,1.0,Everton,31.849,Cardiff City Stadium,Kevin Friend,Relatório da Partida,
28,ter,2019-02-26,19:45 (16:45),Huddersfield,1.6,1–0,0.6,Wolves,22.714,The John Smith's Stadium,David Coote,Relatório da Partida,
28,ter,2019-02-26,19:45 (16:45),Leicester City,1.8,2–1,1.2,Brighton,30.558,King Power Stadium,Lee Probert,Relatório da Partida,
28,ter,2019-02-26,20:00 (17:00),Newcastle Utd,1.4,2–0,1.6,Burnley,48.323,St. James' Park,Craig Pawson,Relatório da Partida,
28,qua,2019-02-27,19:45 (16:45),Arsenal,2.5,5–1,0.9,Bournemouth,59.618,Emirates Stadium,Chris Kavanagh,Relatório da Partida,
28,qua,2019-02-27,19:45 (16:45),Southampton,1.3,2–0,0.8,Fulham,27.597,St. Mary's Stadium,Anthony Taylor,Relatório da Partida,
28,qua,2019-02-27,20:00 (17:00),Crystal Palace,1.7,1–3,1.0,Manchester Utd,25.754,Selhurst Park,Martin Atkinson,Relatório da Partida,
28,qua,2019-02-27,20:00 (17:00),Chelsea,0.6,2–0,0.6,Tottenham,40.542,Stamford Bridge,Andre Marriner,Relatório da Partida,
28,qua,2019-02-27,20:00 (17:00),Liverpool,1.9,5–0,0.3,Watford,53.316,Anfield,Graham Scott,Relatório da Partida,
28,qua,2019-02-27,20:00 (17:00),Manchester City,3.5,1–0,0.4,West Ham,53.528,Etihad Stadium,Stuart Attwell,Relatório da Partida,
,,,,,,,,,,,,,
29,sáb,2019-03-02,12:30 (09:30),Tottenham,1.6,1–1,2.6,Arsenal,81.332,Wembley Stadium,Anthony Taylor,Relatório da Partida,
29,sáb,2019-03-02,15:00 (12:00),Manchester Utd,2.2,3–2,0.4,Southampton,74.459,Old Trafford,Stuart Attwell,Relatório da Partida,
29,sáb,2019-03-02,15:00 (12:00),Wolves,2.8,2–0,0.6,Cardiff City,31.309,Molineux Stadium,Andre Marriner,Relatório da Partida,
29,sáb,2019-03-02,15:00 (12:00),Bournemouth,0.0,0–1,1.2,Manchester City,10.699,Vitality Stadium,Kevin Friend,Relatório da Partida,
29,sáb,2019-03-02,15:00 (12:00),Brighton,1.2,1–0,0.2,Huddersfield,30.182,The American Express Community Stadium,Mike Dean,Relatório da Partida,
29,sáb,2019-03-02,15:00 (12:00),Burnley,2.1,1–3,0.5,Crystal Palace,19.223,Turf Moor,Lee Probert,Relatório da Partida,
29,sáb,2019-03-02,17:30 (14:30),West Ham,2.0,2–0,1.1,Newcastle Utd,59.910,London Stadium,Chris Kavanagh,Relatório da Partida,
29,dom,2019-03-03,12:00 (09:00),Watford,0.8,2–1,0.9,Leicester City,20.062,Vicarage Road Stadium,Jonathan Moss,Relatório da Partida,
29,dom,2019-03-03,14:05 (11:05),Fulham,0.8,1–2,1.2,Chelsea,24.900,Craven Cottage,Graham Scott,Relatório da Partida,
29,dom,2019-03-03,16:15 (13:15),Everton,0.3,0–0,1.1,Liverpool,39.335,Goodison Park,Martin Atkinson,Relatório da Partida,
,,,,,,,,,,,,,
30,sáb,2019-03-09,12:30 (09:30),Crystal Palace,1.5,1–2,0.2,Brighton,24.972,Selhurst Park,Craig Pawson,Relatório da Partida,
30,sáb,2019-03-09,15:00 (12:00),Newcastle Utd,2.4,3–2,1.1,Everton,52.242,St. James' Park,Lee Mason,Relatório da Partida,
30,sáb,2019-03-09,15:00 (12:00),Cardiff City,3.5,2–0,0.3,West Ham,32.458,Cardiff City Stadium,Graham Scott,Relatório da Partida,
30,sáb,2019-03-09,15:00 (12:00),Huddersfield,0.3,0–2,1.9,Bournemouth,22.304,The John Smith's Stadium,Anthony Taylor,Relatório da Partida,
30,sáb,2019-03-09,15:00 (12:00),Leicester City,2.0,3–1,0.2,Fulham,32.017,King Power Stadium,David Coote,Relatório da Partida,
30,sáb,2019-03-09,15:00 (12:00),Southampton,2.1,2–1,1.3,Tottenham,31.890,St. Mary's Stadium,Kevin Friend,Relatório da Partida,
30,sáb,2019-03-09,17:30 (14:30),Manchester City,3.4,3–1,0.2,Watford,54.104,Etihad Stadium,Paul Tierney,Relatório da Partida,
30,dom,2019-03-10,12:00 (09:00),Liverpool,4.0,4–2,0.4,Burnley,53.310,Anfield,Andre Marriner,Relatório da Partida,
30,dom,2019-03-10,14:05 (11:05),Chelsea,1.1,1–1,0.5,Wolves,40.692,Stamford Bridge,Michael Oliver,Relatório da Partida,
30,dom,2019-03-10,16:30 (13:30),Arsenal,1.7,2–0,2.3,Manchester Utd,60.000,Emirates Stadium,Jonathan Moss,Relatório da Partida,
,,,,,,,,,,,,,
31,sáb,2019-03-16,15:00 (12:00),West Ham,1.7,4–3,1.0,Huddersfield,59.931,London Stadium,Jonathan Moss,Relatório da Partida,
31,sáb,2019-03-16,15:00 (12:00),Burnley,1.0,1–2,0.9,Leicester City,20.719,Turf Moor,Michael Oliver,Relatório da Partida,
31,sáb,2019-03-16,15:00 (12:00),Bournemouth,1.3,2–2,1.1,Newcastle Utd,10.625,Vitality Stadium,Mike Dean,Relatório da Partida,
31,dom,2019-03-17,14:15 (11:15),Fulham,1.1,1–2,2.6,Liverpool,25.043,Craven Cottage,Craig Pawson,Relatório da Partida,
31,dom,2019-03-17,16:30 (13:30),Everton,2.3,2–0,1.4,Chelsea,39.356,Goodison Park,Anthony Taylor,Relatório da Partida,
,,,,,,,,,,,,,
32,sáb,2019-03-30,12:30 (09:30),Fulham,0.5,0–2,1.8,Manchester City,25.001,Craven Cottage,Kevin Friend,Relatório da Partida,
32,sáb,2019-03-30,15:00 (12:00),Burnley,0.5,2–0,0.5,Wolves,20.990,Turf Moor,Chris Kavanagh,Relatório da Partida,
32,sáb,2019-03-30,15:00 (12:00),Crystal Palace,2.7,2–0,1.1,Huddersfield,25.193,Selhurst Park,Lee Probert,Relatório da Partida,
32,sáb,2019-03-30,15:00 (12:00),Leicester City,1.3,2–0,0.8,Bournemouth,31.530,King Power Stadium,Lee Mason,Relatório da Partida,
32,sáb,2019-03-30,15:00 (12:00),Brighton,0.7,0–1,0.7,Southampton,30.636,The American Express Community Stadium,Michael Oliver,Relatório da Partida,
32,sáb,2019-03-30,15:00 (12:00),Manchester Utd,1.6,2–1,1.5,Watford,74.543,Old Trafford,Stuart Attwell,Relatório da Partida,
32,sáb,2019-03-30,17:30 (14:30),West Ham,0.1,0–2,1.8,Everton,59.988,London Stadium,Paul Tierney,Relatório da Partida,
32,dom,2019-03-31,14:05 (10:05),Cardiff City,0.5,1–2,1.8,Chelsea,32.657,Cardiff City Stadium,Craig Pawson,Relatório da Partida,
32,dom,2019-03-31,16:30 (12:30),Liverpool,1.0,2–1,0.7,Tottenham,53.322,Anfield,Martin Atkinson,Relatório da Partida,
32,seg,2019-04-01,20:00 (16:00),Arsenal,0.8,2–0,0.1,Newcastle Utd,59.869,Emirates Stadium,Anthony Taylor,Relatório da Partida,
,,,,,,,,,,,,,
33,ter,2019-04-02,19:45 (15:45),Wolves,1.8,2–1,1.8,Manchester Utd,31.302,Molineux Stadium,Mike Dean,Relatório da Partida,
33,ter,2019-04-02,19:45 (15:45),Watford,1.2,4–1,1.6,Fulham,17.301,Vicarage Road Stadium,Roger East,Relatório da Partida,
,,,,,,,,,,,,,
27,qua,2019-04-03,19:45 (15:45),Chelsea,2.7,3–0,0.4,Brighton,38.593,Stamford Bridge,Graham Scott,Relatório da Partida,
,,,,,,,,,,,,,
31,qua,2019-04-03,19:45 (15:45),Tottenham,2.1,2–0,0.3,Crystal Palace,59.215,Tottenham Hotspur Stadium,Andre Marriner,Relatório da Partida,
,,,,,,,,,,,,,
33,qua,2019-04-03,19:45 (15:45),Manchester City,3.2,2–0,0.1,Cardiff City,53.559,Etihad Stadium,Jonathan Moss,Relatório da Partida,
33,sex,2019-04-05,20:00 (16:00),Southampton,0.9,1–3,1.9,Liverpool,31.797,St. Mary's Stadium,Paul Tierney,Relatório da Partida,
33,sáb,2019-04-06,15:00 (11:00),Huddersfield,1.7,1–4,3.5,Leicester City,24.126,The John Smith's Stadium,David Coote,Relatório da Partida,
33,sáb,2019-04-06,15:00 (11:00),Bournemouth,1.1,1–3,1.2,Burnley,10.446,Vitality Stadium,Martin Atkinson,Relatório da Partida,
33,sáb,2019-04-06,15:00 (11:00),Newcastle Utd,0.9,0–1,0.9,Crystal Palace,51.926,St. James' Park,Stuart Attwell,Relatório da Partida,
33,dom,2019-04-07,14:05 (10:05),Everton,2.4,1–0,0.3,Arsenal,39.400,Goodison Park,Kevin Friend,Relatório da Partida,
33,seg,2019-04-08,20:00 (16:00),Chelsea,1.9,2–0,0.6,West Ham,40.537,Stamford Bridge,Chris Kavanagh,Relatório da Partida,
,,,,,,,,,,,,,
34,sex,2019-04-12,20:00 (16:00),Leicester City,1.0,0–1,1.1,Newcastle Utd,32.108,King Power Stadium,Chris Kavanagh,Relatório da Partida,
34,sáb,2019-04-13,12:30 (08:30),Tottenham,2.5,4–0,0.8,Huddersfield,58.308,Tottenham Hotspur Stadium,Lee Mason,Relatório da Partida,
34,sáb,2019-04-13,15:00 (11:00),Burnley,2.6,2–0,0.9,Cardiff City,21.480,Turf Moor,Mike Dean,Relatório da Partida,
34,sáb,2019-04-13,15:00 (11:00),Fulham,1.5,2–0,1.1,Everton,24.971,Craven Cottage,Lee Probert,Relatório da Partida,
34,sáb,2019-04-13,15:00 (11:00),Southampton,2.9,3–1,0.8,Wolves,31.708,St. Mary's Stadium,Jonathan Moss,Relatório da Partida,
34,sáb,2019-04-13,15:00 (11:00),Brighton,0.3,0–5,2.5,Bournemouth,30.460,The American Express Community Stadium,Kevin Friend,Relatório da Partida,
34,sáb,2019-04-13,17:30 (13:30),Manchester Utd,2.5,2–1,1.4,West Ham,74.478,Old Trafford,Graham Scott,Relatório da Partida,
34,dom,2019-04-14,14:05 (10:05),Crystal Palace,0.4,1–3,2.5,Manchester City,25.721,Selhurst Park,Martin Atkinson,Relatório da Partida,
34,dom,2019-04-14,16:30 (12:30),Liverpool,1.2,2–0,0.7,Chelsea,53.279,Anfield,Michael Oliver,Relatório da Partida,
34,seg,2019-04-15,20:00 (16:00),Watford,1.0,0–1,2.3,Arsenal,20.480,Vicarage Road Stadium,Craig Pawson,Relatório da Partida,
,,,,,,,,,,,,,
31,ter,2019-04-16,19:45 (15:45),Brighton,0.6,0–2,0.9,Cardiff City,30.226,The American Express Community Stadium,Andre Marriner,Relatório da Partida,
,,,,,,,,,,,,,
35,sáb,2019-04-20,12:30 (08:30),Manchester City,1.9,1–0,1.0,Tottenham,54.489,Etihad Stadium,Michael Oliver,Relatório da Partida,
35,sáb,2019-04-20,15:00 (11:00),West Ham,1.2,2–2,0.9,Leicester City,59.960,London Stadium,Lee Probert,Relatório da Partida,
35,sáb,2019-04-20,15:00 (11:00),Bournemouth,2.2,0–1,2.5,Fulham,10.511,Vitality Stadium,David Coote,Relatório da Partida,
35,sáb,2019-04-20,15:00 (11:00),Huddersfield,1.0,1–2,0.9,Watford,23.957,The John Smith's Stadium,Roger East,Relatório da Partida,
35,sáb,2019-04-20,15:00 (11:00),Wolves,2.7,0–0,0.2,Brighton,31.096,Molineux Stadium,Craig Pawson,Relatório da Partida,
35,sáb,2019-04-20,17:30 (13:30),Newcastle Utd,1.4,3–1,1.2,Southampton,52.191,St. James' Park,Anthony Taylor,Relatório da Partida,
35,dom,2019-04-21,13:30 (09:30),Everton,1.6,4–0,0.3,Manchester Utd,39.395,Goodison Park,Paul Tierney,Relatório da Partida,
35,dom,2019-04-21,16:00 (12:00),Arsenal,1.2,2–3,1.6,Crystal Palace,59.929,Emirates Stadium,Jonathan Moss,Relatório da Partida,
35,dom,2019-04-21,16:00 (12:00),Cardiff City,1.1,0–2,3.0,Liverpool,33.082,Cardiff City Stadium,Martin Atkinson,Relatório da Partida,
35,seg,2019-04-22,20:00 (16:00),Chelsea,1.3,2–2,0.7,Burnley,40.642,Stamford Bridge,Kevin Friend,Relatório da Partida,
,,,,,,,,,,,,,
31,ter,2019-04-23,19:45 (15:45),Watford,1.3,1–1,2.0,Southampton,19.170,Vicarage Road Stadium,Mike Dean,Relatório da Partida,
,,,,,,,,,,,,,
33,ter,2019-04-23,19:45 (15:45),Tottenham,1.3,1–0,0.3,Brighton,56.251,Tottenham Hotspur Stadium,Chris Kavanagh,Relatório da Partida,
,,,,,,,,,,,,,
31,qua,2019-04-24,19:45 (15:45),Wolves,1.2,3–1,0.8,Arsenal,31.436,Molineux Stadium,Stuart Attwell,Relatório da Partida,
31,qua,2019-04-24,20:00 (16:00),Manchester Utd,0.5,0–2,0.5,Manchester City,74.431,Old Trafford,Andre Marriner,Relatório da Partida,
,,,,,,,,,,,,,
36,sex,2019-04-26,20:00 (16:00),Liverpool,3.1,5–0,0.2,Huddersfield,53.249,Anfield,Kevin Friend,Relatório da Partida,
36,sáb,2019-04-27,12:30 (08:30),Tottenham,1.6,0–1,1.1,West Ham,60.043,Tottenham Hotspur Stadium,Anthony Taylor,Relatório da Partida,
36,sáb,2019-04-27,15:00 (11:00),Watford,0.8,1–2,2.0,Wolves,20.323,Vicarage Road Stadium,Simon Hooper,Relatório da Partida,
36,sáb,2019-04-27,15:00 (11:00),Fulham,0.5,1–0,1.1,Cardiff City,23.822,Craven Cottage,Chris Kavanagh,Relatório da Partida,
36,sáb,2019-04-27,15:00 (11:00),Southampton,2.5,3–3,2.3,Bournemouth,31.310,St. Mary's Stadium,Graham Scott,Relatório da Partida,
36,sáb,2019-04-27,15:00 (11:00),Crystal Palace,0.3,0–0,1.5,Everton,25.789,Selhurst Park,Lee Mason,Relatório da Partida,
36,sáb,2019-04-27,17:30 (13:30),Brighton,1.3,1–1,0.4,Newcastle Utd,30.587,The American Express Community Stadium,Mike Dean,Relatório da Partida,
36,dom,2019-04-28,12:00 (08:00),Leicester City,3.3,3–0,0.6,Arsenal,32.037,King Power Stadium,Michael Oliver,Relatório da Partida,
36,dom,2019-04-28,14:05 (10:05),Burnley,0.1,0–1,2.5,Manchester City,21.605,Turf Moor,Paul Tierney,Relatório da Partida,
36,dom,2019-04-28,16:30 (12:30),Manchester Utd,1.1,1–1,1.7,Chelsea,74.526,Old Trafford,Martin Atkinson,Relatório da Partida,
,,,,,,,,,,,,,
37,sex,2019-05-03,20:00 (16:00),Everton,1.7,2–0,0.3,Burnley,39.303,Goodison Park,Chris Kavanagh,Relatório da Partida,
37,sáb,2019-05-04,12:30 (08:30),Bournemouth,1.7,1–0,0.7,Tottenham,10.630,Vitality Stadium,Craig Pawson,Relatório da Partida,
37,sáb,2019-05-04,15:00 (11:00),Wolves,2.0,1–0,0.5,Fulham,30.456,Molineux Stadium,Jonathan Moss,Relatório da Partida,
37,sáb,2019-05-04,15:00 (11:00),West Ham,1.9,3–0,0.5,Southampton,59.961,London Stadium,Stuart Attwell,Relatório da Partida,
37,sáb,2019-05-04,17:30 (13:30),Cardiff City,1.9,2–3,1.6,Crystal Palace,32.133,Cardiff City Stadium,Michael Oliver,Relatório da Partida,
37,sáb,2019-05-04,19:45 (15:45),Newcastle Utd,1.4,2–3,1.2,Liverpool,52.206,St. James' Park,Andre Marriner,Relatório da Partida,
37,dom,2019-05-05,14:00 (10:00),Huddersfield,1.0,1–1,1.8,Manchester Utd,24.263,The John Smith's Stadium,Lee Mason,Relatório da Partida,
37,dom,2019-05-05,14:00 (10:00),Chelsea,2.3,3–0,1.7,Watford,40.560,Stamford Bridge,Paul Tierney,Relatório da Partida,
37,dom,2019-05-05,16:30 (12:30),Arsenal,2.4,1–1,1.9,Brighton,59.965,Emirates Stadium,Anthony Taylor,Relatório da Partida,
37,seg,2019-05-06,20:00 (16:00),Manchester City,1.0,1–0,0.5,Leicester City,54.506,Etihad Stadium,Mike Dean,Relatório da Partida,
,,,,,,,,,,,,,
38,dom,2019-05-12,15:00 (11:00),Southampton,0.6,1–1,0.7,Huddersfield,30.367,St. Mary's Stadium,Lee Probert,Relatório da Partida,
38,dom,2019-05-12,15:00 (11:00),Brighton,0.5,1–4,1.6,Manchester City,30.662,The American Express Community Stadium,Michael Oliver,Relatório da Partida,
38,dom,2019-05-12,15:00 (11:00),Leicester City,0.4,0–0,1.5,Chelsea,32.140,King Power Stadium,Anthony Taylor,Relatório da Partida,
38,dom,2019-05-12,15:00 (11:00),Crystal Palace,2.8,5–3,1.6,Bournemouth,25.433,Selhurst Park,Roger East,Relatório da Partida,
38,dom,2019-05-12,15:00 (11:00),Burnley,1.7,1–3,2.7,Arsenal,21.461,Turf Moor,Mike Dean,Relatório da Partida,
38,dom,2019-05-12,15:00 (11:00),Tottenham,0.6,2–2,2.0,Everton,60.124,Tottenham Hotspur Stadium,Andre Marriner,Relatório da Partida,
38,dom,2019-05-12,15:00 (11:00),Liverpool,1.6,2–0,1.3,Wolves,53.331,Anfield,Martin Atkinson,Relatório da Partida,
38,dom,2019-05-12,15:00 (11:00),Manchester Utd,1.5,0–2,1.6,Cardiff City,74.457,Old Trafford,Jonathan Moss,Relatório da Partida,
38,dom,2019-05-12,15:00 (11:00),Fulham,0.7,0–4,2.1,Newcastle Utd,24.979,Craven Cottage,Kevin Friend,Relatório da Partida,
38,dom,2019-05-12,15:00 (11:00),Watford,2.2,1–4,3.1,West Ham,20.067,Vicarage Road Stadium,Chris Kavanagh,Relatório da Partida,
