;Class.;Jogador;Nação;Pos.;Equipe;Idade;Nascimento;90s;CrtsA;CrtV;2CrdY;Fts;FltsP;Desativado;Crz;Crts;TklW;Pênaltis convertidos;PKcon;OG;Recuperação;GanhosAereos;PerdasAereos;Ganhos%;Goleiro;Atacante;Lateral;Zagueiro;Tipo
0;1;Abner;br BRA;ZG;Atl Paranaense;22;2000;21.6;6;0;0;24;12;1;47;36;26;0.0;0.0;0;137.0;20.0;28.0;41.7;0;0;0;1;Defesa
1;2;Adryelson;br BRA;ZG;Botafogo (RJ);24;1998;14.1;1;0;0;10;4;2;0;20;11;0.0;0.0;0;49.0;68.0;32.0;68.0;0;0;0;1;Defesa
2;3;Adson;br BRA;ATLT;Corinthians;22;2000;13.8;2;0;0;25;20;3;15;13;22;0.0;0.0;0;54.0;8.0;19.0;29.6;0;1;1;0;Ataque
3;4;Airton;br BRA;AT;Atl Goianiense;23;1999;18.4;3;0;0;32;22;1;79;10;24;0.0;0.0;0;59.0;19.0;22.0;46.3;0;1;0;0;Ataque
4;5;Carlos Alberto;br BRA;ATLT;América (MG);20;2002;1.7;1;0;0;1;1;0;3;4;1;0.0;0.0;0;5.0;4.0;9.0;30.8;0;1;1;0;Ataque
5;6;Yuri Alberto;br BRA;AT;Corinthians;21;2001;14.1;3;1;1;24;23;6;7;2;8;0.0;0.0;0;31.0;33.0;46.0;41.8;0;1;0;0;Ataque
6;7;Ale;br BRA;LT;América (MG);32;1990;19.8;1;1;0;41;44;0;23;28;20;0.0;1.0;0;172.0;26.0;27.0;49.1;0;0;1;0;Defesa
7;8;Alexandre Alemão;br BRA;AT;Internacional;24;1998;21.4;2;0;0;52;65;2;12;4;11;3.0;0.0;0;46.0;45.0;77.0;36.9;0;1;0;0;Ataque
8;9;Alerrandro;br BRA;AT;Bragantino;22;2000;9.3;2;0;0;11;11;4;2;4;1;0.0;0.0;0;20.0;10.0;29.0;25.6;0;1;0;0;Ataque
9;10;Alesson;br BRA;LTAT;Cuiabá;23;1999;11.4;3;0;0;18;7;0;33;3;9;0.0;0.0;0;41.0;16.0;27.0;37.2;0;1;1;0;Ataque
10;11;Alex;br BRA;ZG;Santos;23;1999;3.7;1;0;0;2;4;0;0;8;3;0.0;0.0;0;19.0;9.0;4.0;69.2;0;0;0;1;Defesa
11;12;Caio Alexandre;br BRA;LT;Fortaleza;23;1999;9.0;2;1;1;20;11;0;4;10;18;0.0;0.0;0;62.0;2.0;10.0;16.7;0;0;1;0;Defesa
12;13;Matheus Alexandre;br BRA;ZG;Coritiba;23;1999;15.6;5;0;0;18;5;1;39;30;22;0.0;0.0;0;72.0;22.0;20.0;52.4;0;0;0;1;Defesa
13;14;Alexsander;br BRA;ZG;Fluminense;19;2003;0.5;0;0;0;2;1;0;0;2;0;0.0;0.0;0;3.0;0.0;1.0;0.0;0;0;0;1;Defesa
14;15;Alisson;br BRA;LTAT;São Paulo;29;1993;10.5;5;0;0;14;17;0;33;5;9;0.0;0.0;0;42.0;10.0;13.0;43.5;0;1;1;0;Ataque
15;16;Allan;br BRA;LT;Atlético Mineiro;25;1997;29.4;9;0;0;45;26;1;11;24;30;0.0;1.0;0;163.0;14.0;5.0;73.7;0;0;1;0;Defesa
16;17;Guilherme Almeida Augusto;br BRA;ZG;Bragantino;29;1993;1.0;0;0;0;2;3;0;3;2;2;0.0;0.0;0;5.0;0.0;0.0;;0;0;0;1;Defesa
17;18;Henrique Almeida;br BRA;AT;América (MG);31;1991;15.2;7;0;0;34;13;10;4;3;10;1.0;0.0;0;38.0;21.0;49.0;30.0;0;1;0;0;Ataque
18;19;Júnior Alonso;py PAR;ZG;Atlético Mineiro;29;1993;28.9;4;0;0;17;8;1;7;28;14;0.0;2.0;0;148.0;76.0;36.0;67.9;0;0;0;1;Defesa
19;20;Diego Alves;br BRA;G;Flamengo;37;1985;4.0;0;0;0;0;0;0;0;0;0;0.0;0.0;0;3.0;0.0;0.0;;1;0;0;0;Defesa
20;21;Felipe Alves Raymundo;br BRA;G;São Paulo;34;1988;16.0;1;0;0;1;0;0;0;0;0;0.0;1.0;0;27.0;2.0;1.0;66.7;1;0;0;0;Defesa
21;22;Felipe Alves Raymundo;br BRA;G;Juventude;34;1988;1.0;0;0;0;0;0;0;0;0;0;0.0;0.0;0;0.0;0.0;0.0;;1;0;0;0;Defesa
22;23;Rodrigo Alves Soares;br BRA;ZG;Juventude;29;1992;29.7;4;0;0;24;5;0;110;13;22;0.0;0.0;0;174.0;12.0;32.0;27.3;0;0;0;1;Defesa
23;24;Anderson;br BRA;G;Atl Paranaense;24;1998;5.0;1;0;0;0;1;0;0;0;0;0.0;0.0;0;3.0;4.0;1.0;80.0;1;0;0;0;Defesa
24;25;Thonny Anderson;br BRA;LTAT;Coritiba;24;1997;8.1;5;2;1;21;15;0;29;5;17;0.0;0.0;0;42.0;17.0;19.0;47.2;0;1;1;0;Ataque
25;26;André;br BRA;LT;Fluminense;21;2001;31.5;9;1;1;35;50;0;5;35;34;0.0;1.0;0;244.0;8.0;19.0;29.6;0;0;1;0;Defesa
26;27;André;br BRA;AT;Cuiabá;32;1990;8.1;2;0;0;16;21;1;2;3;4;0.0;0.0;0;29.0;12.0;30.0;28.6;0;1;0;0;Ataque
27;28;Brayan Angulo;ec ECU;ATLT;Santos;26;1995;5.3;0;0;0;2;7;4;1;1;2;0.0;0.0;0;17.0;7.0;18.0;28.0;0;1;1;0;Ataque
28;29;Apodi;br BRA;LTAT;Goiás;35;1986;9.6;3;0;0;19;16;1;12;4;5;1.0;0.0;0;37.0;13.0;23.0;36.1;0;1;1;0;Ataque
29;30;Guilherme Arana;br BRA;ZG;Atlético Mineiro;25;1997;19.1;4;0;0;26;15;2;89;10;16;0.0;1.0;0;111.0;11.0;12.0;47.8;0;0;0;1;Defesa
30;31;Willian Arão;br BRA;LTZG;Flamengo;29;1992;10.2;1;0;0;12;6;0;4;17;4;0.0;0.0;0;59.0;22.0;15.0;59.5;0;0;1;1;Defesa
31;32;Michel Araujo;uy URU;LTAT;Fluminense;26;1996;0.6;1;0;0;0;5;0;5;0;2;0.0;0.0;0;3.0;0.0;0.0;;0;1;1;0;Ataque
32;33;Robert Arboleda;ec ECU;ZG;São Paulo;31;1991;8.0;1;0;0;9;3;0;0;6;6;0.0;0.0;0;29.0;37.0;11.0;77.1;0;0;0;1;Defesa
33;34;Jhon Arias;co COL;ATLT;Fluminense;25;1997;27.6;4;0;0;45;47;2;157;7;30;0.0;0.0;0;130.0;11.0;16.0;40.7;0;1;1;0;Ataque
34;35;Arthur;br BRA;LTZG;América (MG);19;2003;2.0;2;0;0;10;0;0;4;1;3;0.0;0.0;0;19.0;1.0;5.0;16.7;0;0;1;1;Defesa
35;36;Arthur;br BRA;AT;Corinthians;19;2003;0.0;0;0;0;0;0;0;0;0;0;0.0;0.0;0;0.0;0.0;0.0;;0;1;0;0;Ataque
36;37;Artur;br BRA;ATLT;Bragantino;24;1998;30.0;3;0;0;16;48;10;156;14;18;0.0;0.0;0;130.0;15.0;36.0;29.4;0;1;1;0;Ataque
37;38;Eduard Atuesta;co COL;LT;Palmeiras;25;1997;6.7;3;0;0;12;8;3;20;9;6;0.0;0.0;0;26.0;6.0;14.0;30.0;0;0;1;0;Defesa
38;39;Felipe Augusto;br BRA;AT;Corinthians;18;2004;0.8;0;0;0;4;4;0;0;0;0;0.0;0.0;0;0.0;1.0;2.0;33.3;0;1;0;0;Ataque
39;40;Leo Augusto Pereira;br BRA;ATLT;Atl Goianiense;22;2000;12.6;9;0;0;38;23;4;55;10;16;0.0;0.0;0;71.0;9.0;18.0;33.3;0;1;1;0;Ataque
40;41;Renato Augusto;br BRA;LT;Corinthians;34;1988;15.1;0;0;0;16;22;2;75;13;13;0.0;0.0;0;66.0;11.0;12.0;47.8;0;0;1;0;Defesa
41;42;Auremir;br BRA;LT;Goiás;31;1991;14.9;4;0;0;30;17;0;2;25;26;0.0;0.0;0;73.0;26.0;19.0;57.8;0;0;1;0;Defesa
42;43;Auro;br BRA;ZG;Santos;26;1996;4.3;3;0;0;8;1;0;5;3;6;0.0;0.0;0;22.0;0.0;5.0;0.0;0;0;0;1;Defesa
43;44;Danilo Avelar;br BRA;ZG;América (MG);33;1989;9.3;2;0;0;21;7;0;20;16;7;0.0;0.0;0;30.0;47.0;24.0;66.2;0;0;0;1;Defesa
44;45;Felipe Azevedo;br BRA;LTAT;América (MG);35;1987;24.0;3;1;1;32;31;3;48;13;17;0.0;0.0;0;124.0;47.0;44.0;51.6;0;1;1;0;Ataque
45;46;Matheus Babi;br BRA;ATLT;Atl Paranaense;25;1997;0.9;1;0;0;6;4;2;0;0;1;0.0;0.0;0;3.0;6.0;4.0;60.0;0;1;1;0;Ataque
46;47;Pedro Bahia;br BRA;LT;Goiás;20;2002;0.3;0;0;0;0;0;0;1;0;0;;;0;;;;;0;0;1;0;Defesa
47;48;Fabrício Baiano;br BRA;ATLT;Fortaleza;30;1992;0.6;0;0;0;1;1;0;8;1;2;0.0;0.0;0;5.0;2.0;7.0;22.2;0;1;1;0;Ataque
48;49;Fabián Balbuena;py PAR;ZG;Corinthians;31;1991;11.0;2;0;0;7;4;0;0;13;10;0.0;1.0;0;65.0;23.0;14.0;62.2;0;0;0;1;Defesa
49;50;Robson Bambu;br BRA;ZG;Corinthians;24;1997;4.4;0;0;0;3;4;0;0;8;7;0.0;0.0;0;22.0;4.0;4.0;50.0;0;0;0;1;Defesa
50;51;Léo Baptistão;br BRA;ATLT;Santos;30;1992;12.6;2;0;0;17;33;1;15;7;9;0.0;0.0;1;72.0;25.0;34.0;42.4;0;1;1;0;Ataque
51;52;Gabriel Baralhas;br BRA;LT;Atl Goianiense;24;1998;23.0;11;0;0;39;16;0;7;33;36;0.0;1.0;0;125.0;25.0;18.0;58.1;0;0;1;0;Defesa
52;53;Danilo Barbosa;br BRA;LT;Botafogo (RJ);26;1996;1.8;1;0;0;4;4;0;0;5;3;0.0;0.0;0;11.0;2.0;0.0;100.0;0;0;1;0;Defesa
53;54;Gabriel Barbosa;br BRA;AT;Flamengo;26;1996;21.7;11;1;1;10;19;16;31;2;5;1.0;0.0;0;52.0;4.0;6.0;40.0;0;1;0;0;Ataque
54;55;Lucas Barbosa;br BRA;ATLT;Santos;21;2001;8.3;4;1;1;24;27;4;14;10;17;0.0;0.0;0;53.0;27.0;31.0;46.6;0;1;1;0;Ataque
55;56;Danilo Barcelos;br BRA;ZGLT;Goiás;31;1991;11.2;8;0;0;29;9;1;56;11;17;0.0;0.0;0;40.0;37.0;35.0;51.4;0;0;1;1;Defesa
56;57;Leandro Barcia;uy URU;AT;Atl Goianiense;30;1992;0.3;0;0;0;1;0;0;0;2;2;0.0;0.0;1;1.0;0.0;0.0;;0;1;0;0;Ataque
57;58;Barreto;br BRA;LT;Botafogo (RJ);26;1995;0.3;0;0;0;1;1;0;0;0;2;0.0;0.0;0;2.0;1.0;0.0;100.0;0;0;1;0;Defesa
58;59;Fellipe Bastos;br BRA;LT;Goiás;32;1990;9.1;10;0;0;20;13;0;31;11;10;0.0;1.0;0;78.0;10.0;7.0;58.8;0;0;1;0;Defesa
59;60;Ramiro Benetti;br BRA;LTAT;Corinthians;29;1993;5.1;3;0;0;7;5;2;4;4;4;1.0;0.0;0;25.0;10.0;16.0;38.5;0;1;1;0;Ataque
60;61;Martín Benítez;ar ARG;LT;América (MG);28;1994;6.4;1;0;0;7;20;1;40;5;5;0.0;0.0;0;42.0;6.0;5.0;54.5;0;0;1;0;Defesa
61;62;Bento;br BRA;G;Atl Paranaense;23;1999;31.0;3;0;0;0;2;0;0;1;1;0.0;0.0;0;27.0;4.0;3.0;57.1;1;0;0;0;Defesa
62;63;Lucas Beraldo;br BRA;ZG;São Paulo;18;2003;1.4;0;1;0;1;1;0;0;2;4;0.0;0.0;0;6.0;3.0;1.0;75.0;0;0;0;1;Defesa
63;64;Eduardo de Biasi;br BRA;LT;Avaí;25;1997;19.2;6;0;0;46;33;1;25;11;19;0.0;0.0;0;107.0;16.0;14.0;53.3;0;0;1;0;Defesa
64;65;Pedro Bicalho;br BRA;LT;Palmeiras;21;2001;0.0;0;0;0;0;0;0;0;0;1;0.0;0.0;0;0.0;0.0;0.0;;0;0;1;0;Defesa
65;66;Raul Bicalho;br BRA;ZG;Corinthians;23;1999;18.5;3;0;0;16;18;0;5;32;14;0.0;1.0;0;100.0;35.0;26.0;57.4;0;0;0;1;Defesa
66;67;Guilherme Biro;br BRA;AT;Corinthians;18;2004;1.2;1;0;0;3;1;0;3;0;2;0.0;0.0;0;2.0;1.0;0.0;100.0;0;1;0;0;Ataque
67;68;Guilherme Biro;br BRA;ZG;Coritiba;22;2000;8.2;3;0;0;14;3;1;19;14;12;0.0;0.0;0;35.0;8.0;13.0;38.1;0;0;0;1;Defesa
68;69;Guilherme Bissoli;br BRA;AT;Avaí;24;1998;27.1;6;0;0;52;28;12;15;13;14;1.0;0.0;0;59.0;37.0;73.0;33.6;0;1;0;0;Ataque
69;70;Marcelo Boeck;br BRA;G;Fortaleza;37;1984;13.0;2;0;0;1;3;0;0;1;0;0.0;1.0;0;7.0;6.0;0.0;100.0;1;0;0;0;Defesa
70;71;Ângelo Borges;br BRA;ATLT;Santos;17;2004;15.2;5;0;0;17;33;3;46;5;6;1.0;0.0;0;72.0;3.0;12.0;20.0;0;1;1;0;Ataque
71;72;Daniel Borges;br BRA;ZG;Botafogo (RJ);29;1993;19.1;4;1;1;18;13;1;111;16;17;0.0;0.0;0;114.0;12.0;18.0;40.0;0;0;0;1;Defesa
72;73;Douglas Borges;br BRA;G;Botafogo (RJ);32;1990;1.0;0;0;0;0;0;0;0;0;0;0.0;0.0;0;1.0;1.0;0.0;100.0;1;0;0;0;Defesa
73;74;Marllon Borges;br BRA;ZG;Cuiabá;30;1992;32.4;3;0;0;27;16;1;2;35;30;0.0;2.0;0;166.0;67.0;42.0;61.5;0;0;0;1;Defesa
74;75;Gabriel Boschilia;br BRA;LTAT;Internacional;26;1996;0.6;1;0;0;3;2;0;2;0;1;0.0;0.0;0;7.0;0.0;0.0;;0;1;1;0;Ataque
75;76;Gabriel Boschilia;br BRA;LT;Coritiba;26;1996;5.3;2;0;0;11;8;0;10;6;3;0.0;0.0;0;28.0;0.0;1.0;0.0;0;0;1;0;Defesa
76;77;Lucas Braga;br BRA;ATLT;Santos;25;1996;23.1;3;0;0;24;71;4;49;15;19;0.0;0.0;0;91.0;24.0;29.0;45.3;0;1;1;0;Ataque
77;78;David Braz;br BRA;ZG;Fluminense;35;1987;7.8;4;3;1;11;2;0;2;7;5;0.0;0.0;0;21.0;24.0;14.0;63.2;0;0;0;1;Defesa
78;79;Breno;br BRA;AT;Palmeiras;26;1996;3.6;2;0;0;5;9;3;14;1;2;1.0;0.0;0;20.0;7.0;8.0;46.7;0;1;0;0;Ataque
79;80;Bressan;br BRA;ZG;Avaí;29;1993;20.6;5;0;0;25;9;0;0;22;7;0.0;1.0;0;92.0;31.0;37.0;45.6;0;0;0;1;Defesa
80;81;Emanuel Brítez;ar ARG;ZG;Fortaleza;30;1992;18.0;1;0;0;31;11;3;6;26;31;0.0;0.0;0;88.0;30.0;24.0;55.6;0;0;0;1;Defesa
81;82;Bruninho;br BRA;LTAT;Juventude;22;2000;1.3;0;0;0;4;5;0;7;1;0;0.0;0.0;0;11.0;1.0;1.0;50.0;0;1;1;0;Ataque
82;83;Bruno;br BRA;LT;Bragantino;19;2003;0.1;0;0;0;0;0;0;0;0;0;0.0;0.0;0;1.0;0.0;0.0;;0;0;1;0;Defesa
83;84;Fabrício Bruno;br BRA;ZG;Flamengo;26;1996;12.0;4;0;0;8;8;0;1;9;6;0.0;0.0;0;53.0;27.0;17.0;61.4;0;0;0;1;Defesa
84;85;Ricardo Bueno;br BRA;AT;Juventude;35;1987;9.0;3;0;0;14;30;4;11;0;8;1.0;0.0;0;32.0;34.0;47.0;42.0;0;1;0;0;Ataque
85;86;Vitor Bueno;br BRA;LTAT;Atl Paranaense;28;1994;12.1;2;0;0;11;19;1;26;7;5;0.0;0.0;0;62.0;15.0;23.0;39.5;0;1;1;0;Ataque
86;87;Busanello;br BRA;ZG;Juventude;24;1998;3.2;0;0;0;6;2;0;12;8;4;0.0;0.0;0;15.0;6.0;2.0;75.0;0;0;0;1;Defesa
87;88;Fabricio Bustos;ar ARG;ZG;Internacional;26;1996;28.7;3;0;0;19;11;2;35;31;37;0.0;1.0;0;148.0;11.0;9.0;55.0;0;0;0;1;Defesa
88;89;Nahuel Bustos;ar ARG;AT;São Paulo;24;1998;3.0;0;0;0;7;7;2;3;0;2;0.0;0.0;0;6.0;0.0;6.0;0.0;0;1;0;0;Ataque
89;90;Daniel Cabral;br BRA;AT;Flamengo;20;2002;0.0;0;0;0;0;0;0;0;0;0;0.0;0.0;0;0.0;0.0;0.0;;0;1;0;0;Ataque
90;91;Patric Cabral Lalau;br BRA;ZG;América (MG);33;1989;18.7;6;0;0;28;18;4;111;17;20;0.0;0.0;0;129.0;18.0;23.0;43.9;0;0;0;1;Defesa
91;92;Raúl Cáceres;py PAR;ZG;América (MG);31;1991;16.4;1;0;0;21;5;3;78;16;19;0.0;0.0;0;58.0;16.0;28.0;36.4;0;0;0;1;Defesa
92;93;Matheus Cadorini;br BRA;AT;Internacional;20;2002;1.0;0;1;0;3;2;0;1;0;0;0.0;0.0;0;2.0;3.0;9.0;25.0;0;1;0;0;Ataque
93;94;Matheus Cadorini;br BRA;AT;Coritiba;20;2002;2.6;1;0;0;1;1;0;0;1;1;0.0;0.0;0;3.0;10.0;9.0;52.6;0;1;0;0;Ataque
94;95;Caetano;br BRA;ZG;Goiás;23;1999;24.6;1;0;0;25;10;0;4;37;19;0.0;2.0;0;90.0;23.0;26.0;46.9;0;0;0;1;Defesa
95;96;Jonathan Cafu;br BRA;ZGLT;Cuiabá;31;1991;4.5;0;1;0;9;8;1;9;1;6;0.0;0.0;0;29.0;11.0;18.0;37.9;0;0;1;1;Defesa
96;97;Rodrigo Caio;br BRA;ZG;Flamengo;29;1993;6.5;0;0;0;3;4;0;0;8;4;0.0;0.0;0;44.0;11.0;6.0;64.7;0;0;0;1;Defesa
97;98;Calebe;br BRA;LTAT;Atlético Mineiro;22;2000;2.9;1;0;0;4;11;0;4;2;6;0.0;0.0;0;26.0;1.0;3.0;25.0;0;1;1;0;Ataque
98;99;Lucas Calegari;br BRA;ZG;Fluminense;20;2002;7.3;1;0;0;6;17;0;13;5;5;0.0;0.0;0;46.0;13.0;7.0;65.0;0;0;0;1;Defesa
99;100;Jonathan Calleri;ar ARG;AT;São Paulo;29;1993;30.4;5;0;0;43;68;28;37;5;12;0.0;1.0;0;68.0;111.0;102.0;52.1;0;1;0;0;Ataque
100;101;Guilherme Camacho;br BRA;LT;Santos;32;1990;16.5;7;0;0;33;7;0;4;17;22;0.0;0.0;0;97.0;21.0;25.0;45.7;0;0;1;0;Defesa
101;102;Nathan Camargo;br BRA;LTAT;Bragantino;17;2005;0.3;1;0;0;2;1;0;0;0;0;0.0;0.0;0;3.0;0.0;3.0;0.0;0;1;1;0;Ataque
102;103;Camilo;br BRA;LT;Cuiabá;23;1999;16.5;3;0;0;21;10;0;7;26;19;0.0;0.0;0;100.0;14.0;17.0;45.2;0;0;1;0;Defesa
103;104;Camutanga;br BRA;ZG;Atl Goianiense;29;1993;0.8;0;0;0;0;0;0;0;2;2;0.0;0.0;0;4.0;5.0;0.0;100.0;0;0;0;1;Defesa
104;105;Luan Cândido;br BRA;ZG;Bragantino;21;2001;27.2;4;2;0;41;14;9;46;32;21;0.0;4.0;0;121.0;94.0;46.0;67.1;0;0;0;1;Defesa
105;106;Germán Cano;ar ARG;AT;Fluminense;34;1988;32.4;2;0;0;26;16;25;12;7;6;1.0;0.0;0;77.0;21.0;28.0;42.9;0;1;0;0;Ataque
106;107;Agustín Canobbio;uy URU;AT;Atl Paranaense;24;1998;15.5;2;0;0;25;33;3;35;7;16;1.0;0.0;0;77.0;6.0;9.0;40.0;0;1;0;0;Ataque
107;108;Víctor Cantillo;co COL;LT;Corinthians;29;1993;10.2;1;0;0;11;21;0;23;12;12;0.0;0.0;0;80.0;15.0;6.0;71.4;0;0;1;0;Defesa
108;109;Capixaba;br BRA;ATLT;Juventude;25;1997;17.6;5;0;0;22;38;0;57;19;27;0.0;0.0;0;67.0;11.0;20.0;35.5;0;1;1;0;Ataque
109;110;Juninho Capixaba;br BRA;ZG;Fortaleza;25;1997;30.6;8;0;0;57;58;1;142;64;36;0.0;0.0;0;213.0;83.0;51.0;61.9;0;0;0;1;Defesa
110;111;Gabriel Carabajal;ar ARG;LTAT;Santos;30;1991;3.9;1;0;0;6;5;0;14;2;3;0.0;0.0;0;15.0;4.0;2.0;66.7;0;1;1;0;Ataque
111;112;Johnny Cardoso;us USA;LT;Internacional;21;2001;15.7;5;0;0;29;17;1;5;39;22;0.0;1.0;0;94.0;33.0;13.0;71.7;0;0;1;0;Defesa
112;113;Igor Cariús;br BRA;ZGLT;Cuiabá;29;1993;11.0;5;1;1;19;11;1;33;19;18;0.0;0.0;0;65.0;30.0;24.0;55.6;0;0;1;1;Defesa
113;114;Joel Carli;ar ARG;ZG;Botafogo (RJ);36;1986;4.0;3;0;0;2;1;0;0;5;2;0.0;0.0;0;11.0;12.0;6.0;66.7;0;0;0;1;Defesa
114;115;Ed Carlos;br BRA;LT;Santos;21;2001;2.9;0;0;0;2;0;0;10;0;3;0.0;0.0;0;14.0;4.0;2.0;66.7;0;0;1;0;Defesa
115;116;Jan Carlos Hurtado;ve VEN;AT;Bragantino;22;2000;5.4;0;0;0;22;5;3;1;3;1;0.0;0.0;0;13.0;7.0;16.0;30.4;0;1;0;0;Ataque
116;117;João Carlos;br BRA;G;Cuiabá;34;1988;10.6;1;0;0;0;1;0;0;0;0;0.0;0.0;0;10.0;1.0;0.0;100.0;1;0;0;0;Defesa
117;118;Alan Carvalho;cn CHN;AT;Fluminense;33;1989;0.1;0;0;0;1;0;0;0;0;0;0.0;0.0;0;1.0;0.0;0.0;;0;1;0;0;Ataque
118;119;Guilherme Carvalho;br BRA;LT;Ceará;23;1999;7.6;2;0;0;12;11;1;26;8;10;0.0;0.0;0;40.0;4.0;12.0;25.0;0;0;1;0;Defesa
119;120;Guilherme Carvalho;br BRA;LTZG;Atlético Mineiro;23;1999;1.6;0;0;0;4;0;0;1;1;3;0.0;0.0;0;11.0;4.0;3.0;57.1;0;0;1;1;Defesa
120;121;Cássio;br BRA;G;Corinthians;35;1987;32.0;2;0;0;0;7;0;0;1;0;0.0;0.0;0;26.0;14.0;0.0;100.0;1;0;0;0;Defesa
121;122;Luciano Castán;br BRA;ZG;Coritiba;33;1989;33.0;7;1;0;27;18;1;2;35;17;0.0;0.0;0;140.0;60.0;49.0;55.0;0;0;0;1;Defesa
122;123;Iury de Castilho;br BRA;AT;Ceará;27;1995;5.8;3;0;0;11;24;6;13;1;3;1.0;0.0;0;37.0;6.0;10.0;37.5;0;1;0;0;Ataque
123;124;Matheus Cavichioli;br BRA;G;América (MG);36;1986;23.0;1;0;0;2;4;0;0;2;1;0.0;1.0;0;21.0;15.0;0.0;100.0;1;0;0;0;Defesa
124;125;Brayan Ceballos;co COL;ZG;Fortaleza;21;2001;11.6;8;1;1;14;4;1;3;14;9;0.0;0.0;0;54.0;41.0;24.0;63.1;0;0;0;1;Defesa
125;126;Murilo Cerqueira;br BRA;ZG;Palmeiras;25;1997;29.5;7;0;0;24;9;1;0;38;19;0.0;0.0;0;146.0;89.0;37.0;70.6;0;0;0;1;Defesa
126;127;Reynaldo Cesar Moraes;br BRA;ZG;Goiás;25;1997;28.5;4;0;0;33;8;0;2;35;23;0.0;0.0;0;84.0;58.0;28.0;67.4;0;0;0;1;Defesa
127;128;Jhon Chancellor;ve VEN;ZG;Coritiba;30;1992;12.0;2;0;0;9;2;1;0;9;7;0.0;0.0;0;38.0;32.0;17.0;65.3;0;0;0;1;Defesa
128;129;Arthur Chaves;br BRA;ZG;Avaí;21;2001;16.5;5;0;0;16;10;1;0;13;15;0.0;3.0;0;71.0;27.0;21.0;56.3;0;0;0;1;Defesa
129;130;Renato Chaves;br BRA;ZG;Juventude;32;1990;1.8;0;0;0;1;0;0;0;5;0;0.0;0.0;0;7.0;5.0;0.0;100.0;0;0;0;1;Defesa
130;131;Chico;br BRA;LTAT;Juventude;31;1991;23.2;2;1;0;51;66;3;141;24;29;0.0;0.0;0;126.0;19.0;33.0;36.5;0;1;1;0;Ataque
131;132;Christian;br BRA;LT;Atl Paranaense;21;2000;4.8;3;0;0;17;6;2;3;5;6;0.0;0.0;0;21.0;5.0;3.0;62.5;0;0;1;0;Defesa
132;133;Diego Churín;ar ARG;AT;Atl Goianiense;32;1989;24.6;6;0;0;47;47;4;11;7;16;0.0;0.0;0;71.0;111.0;92.0;54.7;0;1;0;0;Ataque
133;134;Marcelo Cirino;br BRA;AT;Atl Paranaense;30;1992;5.2;1;0;0;5;5;5;7;5;3;1.0;0.0;0;16.0;7.0;20.0;25.9;0;1;0;0;Ataque
134;135;Léo Cittadini;br BRA;LTAT;Atl Paranaense;28;1994;8.0;2;0;0;16;16;0;5;5;10;0.0;0.0;0;37.0;8.0;11.0;42.1;0;1;1;0;Ataque
135;136;Luccas Claro;br BRA;ZG;Fluminense;31;1991;5.2;1;0;0;6;7;0;0;8;1;0.0;0.0;1;20.0;16.0;8.0;66.7;0;0;0;1;Defesa
136;137;Clayton;br BRA;ATLT;Coritiba;23;1999;3.6;1;0;0;10;11;5;1;0;1;0.0;0.0;0;13.0;8.0;17.0;32.0;0;1;1;0;Ataque
137;138;Cléber;br BRA;AT;Ceará;26;1996;9.8;5;1;1;32;5;4;4;2;10;0.0;0.0;0;26.0;51.0;47.0;52.0;0;1;0;0;Ataque
138;139;Jean Cléber;br BRA;LT;Avaí;32;1990;8.4;2;0;0;13;12;0;6;11;10;0.0;0.0;0;50.0;8.0;14.0;36.4;0;0;1;0;Defesa
139;140;Cleiton;br BRA;ZG;Flamengo;19;2003;0.0;0;0;0;0;0;0;0;0;0;;;0;;;;;0;0;0;1;Defesa
140;141;Andrés Colorado;co COL;LT;São Paulo;23;1998;3.4;0;0;0;10;1;0;1;5;9;0.0;0.0;0;23.0;7.0;4.0;63.6;0;0;1;0;Defesa
141;142;Germán Conti;ar ARG;ZG;América (MG);28;1994;16.4;1;0;0;13;1;0;0;25;9;0.0;0.0;0;60.0;84.0;35.0;70.6;0;0;0;1;Defesa
142;143;Jonathan Copete;co COL;AT;Avaí;34;1988;3.1;1;0;0;7;4;2;6;3;2;0.0;0.0;0;17.0;8.0;8.0;50.0;0;1;0;0;Ataque
143;144;Bruno Cortez;br BRA;ZG;Avaí;35;1987;27.0;7;0;0;21;25;1;28;12;25;0.0;0.0;0;163.0;22.0;25.0;46.8;0;0;0;1;Defesa
144;145;Talles Costa;br BRA;LT;São Paulo;20;2002;5.8;1;0;0;6;15;0;5;8;9;0.0;0.0;0;27.0;5.0;4.0;55.6;0;0;1;0;Defesa
145;146;Lucas Crispim;br BRA;ZGLT;Fortaleza;28;1994;13.0;4;0;0;14;14;1;79;15;13;0.0;0.0;0;75.0;11.0;12.0;47.8;0;0;1;1;Defesa
146;147;Daniel Cruz;br BRA;ATZG;Botafogo (RJ);21;2001;0.1;0;0;0;0;0;0;0;0;1;0.0;0.0;0;1.0;1.0;1.0;50.0;0;1;0;1;Ataque
147;148;Tomás Cuello;ar ARG;AT;Atl Paranaense;22;2000;17.3;6;1;1;26;33;5;72;12;25;0.0;0.0;0;96.0;6.0;18.0;25.0;0;1;0;0;Ataque
148;149;Víctor Cuesta;ar ARG;ZG;Botafogo (RJ);33;1988;26.6;8;0;0;27;9;1;7;55;28;0.0;0.0;0;148.0;66.0;26.0;71.7;0;0;0;1;Defesa
149;150;Andrés D'Alessandro;ar ARG;AT;Internacional;41;1981;0.8;1;0;0;0;1;0;3;0;0;0.0;0.0;0;4.0;0.0;2.0;0.0;0;1;0;0;Ataque
150;151;Adailson Dadá;br BRA;LTAT;Goiás;25;1997;27.3;8;0;0;50;67;3;102;14;22;0.0;0.0;0;130.0;7.0;25.0;21.9;0;1;1;0;Ataque
151;152;Daniel;br BRA;G;Internacional;28;1994;23.0;5;0;0;0;6;0;0;1;0;0.0;0.0;0;9.0;1.0;1.0;50.0;1;0;0;0;Defesa
152;153;Danilo;br BRA;ZG;Goiás;25;1997;2.6;0;0;0;3;1;0;0;2;0;0.0;0.0;0;6.0;4.0;4.0;50.0;0;0;0;1;Defesa
153;154;Danilo;br BRA;LT;Palmeiras;21;2001;28.5;5;1;0;43;20;1;16;25;37;0.0;1.0;0;176.0;20.0;28.0;41.7;0;0;1;0;Defesa
154;155;David;br BRA;AT;Internacional;27;1995;9.1;1;0;0;21;16;7;12;0;6;0.0;0.0;0;25.0;14.0;32.0;30.4;0;1;0;0;Ataque
155;156;Giorgian De Arrascaeta;uy URU;LT;Flamengo;28;1994;16.4;1;0;0;9;48;2;132;5;23;1.0;0.0;0;74.0;13.0;17.0;43.3;0;0;1;0;Defesa
156;157;Romildo Del Piage;br BRA;LT;Botafogo (RJ);22;2000;5.7;3;0;0;16;14;0;5;7;13;1.0;0.0;0;27.0;6.0;5.0;54.5;0;0;1;0;Defesa
157;158;Denilson;br BRA;LT;Cuiabá;21;2001;5.8;3;0;0;15;13;0;1;7;11;0.0;0.0;0;40.0;3.0;4.0;42.9;0;0;1;0;Defesa
158;159;Dentinho;br BRA;AT;Ceará;33;1989;0.6;0;0;0;5;0;1;2;0;1;0.0;0.0;0;4.0;1.0;2.0;33.3;0;1;0;0;Ataque
159;160;Dentinho;br BRA;ATLT;Avaí;25;1997;3.2;4;0;0;6;11;0;7;3;3;1.0;0.0;0;16.0;2.0;6.0;25.0;0;1;1;0;Ataque
160;161;Valentín Depietri;ar ARG;ATLT;Fortaleza;22;2000;2.6;0;0;0;7;2;0;13;2;2;0.0;0.0;0;16.0;4.0;3.0;57.1;0;1;1;0;Ataque
161;162;Deyverson;br BRA;AT;Cuiabá;31;1991;12.3;3;0;0;10;25;11;10;4;3;0.0;0.0;0;37.0;65.0;56.0;53.7;0;1;0;0;Ataque
162;163;Luan Dias;br BRA;LT;Goiás;25;1997;8.1;7;0;0;20;15;1;19;8;11;0.0;0.0;0;45.0;5.0;4.0;55.6;0;0;1;0;Defesa
163;164;Matheus Dias;br BRA;LT;Internacional;25;1997;0.3;0;0;0;0;0;0;0;0;1;;;0;;;;;0;0;1;0;Defesa
164;165;Juan Díaz;co COL;LT;Coritiba;21;2001;0.5;0;0;0;1;1;0;0;0;2;0.0;0.0;0;2.0;2.0;0.0;100.0;0;0;1;0;Defesa
165;166;Diego;br BRA;LTZG;Ceará;34;1988;2.3;1;0;0;4;6;0;8;7;0;0.0;0.0;0;11.0;4.0;0.0;100.0;0;0;1;1;Defesa
166;167;Diego;br BRA;G;Atl Goianiense;24;1998;1.0;0;0;0;0;0;0;0;0;0;0.0;0.0;0;1.0;0.0;0.0;;1;0;0;0;Defesa
167;168;Diego;br BRA;ZG;São Paulo;23;1999;19.1;7;0;0;36;8;0;6;24;25;0.0;1.0;0;68.0;47.0;33.0;58.8;0;0;0;1;Defesa
168;169;Diego;br BRA;LT;Flamengo;37;1985;9.2;3;0;0;19;19;1;5;8;15;0.0;1.0;0;60.0;6.0;6.0;50.0;0;0;1;0;Defesa
169;170;Diego;br BRA;G;Botafogo (RJ);24;1998;2.0;1;0;0;0;0;0;0;0;0;0.0;0.0;0;0.0;0.0;0.0;;1;0;0;0;Defesa
170;171;Dieguinho;br BRA;LTZG;Goiás;27;1995;30.6;4;0;0;32;72;1;85;34;38;1.0;0.0;0;195.0;27.0;25.0;51.9;0;0;1;1;Defesa
171;172;Dodô;br BRA;ZG;Atlético Mineiro;30;1992;8.3;2;0;0;8;5;1;29;11;9;0.0;0.0;0;28.0;9.0;9.0;50.0;0;0;0;1;Defesa
172;173;Matheus Donelli;br BRA;G;Corinthians;20;2002;2.0;0;0;0;0;0;0;0;0;0;0.0;0.0;0;1.0;0.0;0.0;;1;0;0;0;Defesa
173;174;Renan dos Santos;br BRA;G;Atl Goianiense;33;1989;15.0;2;0;0;0;3;0;0;0;0;0.0;0.0;0;4.0;4.0;0.0;100.0;1;0;0;0;Defesa
174;175;Rodrigo Dourado;br BRA;LT;Internacional;28;1994;5.0;2;0;0;9;4;0;0;7;6;0.0;0.0;0;24.0;10.0;5.0;66.7;0;0;1;0;Defesa
175;176;David Duarte;br BRA;ZG;Fluminense;27;1995;0.9;2;0;0;2;0;0;0;4;1;0.0;0.0;0;7.0;8.0;0.0;100.0;0;0;0;1;Defesa
176;177;Dudu;br BRA;AT;Palmeiras;30;1992;29.5;2;0;0;15;59;6;71;24;7;0.0;0.0;0;143.0;7.0;25.0;21.9;0;1;0;0;Ataque
177;178;Pablo Dyego;br BRA;AT;Avaí;28;1994;3.7;0;0;0;3;6;0;5;4;5;0.0;0.0;0;14.0;3.0;9.0;25.0;0;1;0;0;Ataque
178;179;Edenílson;br BRA;LT;Internacional;32;1989;24.3;3;0;0;18;23;1;62;15;22;1.0;0.0;0;132.0;14.0;29.0;32.6;0;0;1;0;Defesa
179;180;Eder;br BRA;ZG;América (MG);27;1995;30.7;6;0;0;42;8;0;1;50;13;0.0;0.0;1;153.0;83.0;52.0;61.5;0;0;0;1;Defesa
180;181;Éder;it ITA;ATLT;São Paulo;35;1986;7.4;4;0;0;8;10;9;11;1;5;1.0;0.0;0;18.0;10.0;16.0;38.5;0;1;1;0;Ataque
181;182;Edinho;br BRA;LT;Juventude;28;1994;4.1;0;0;0;4;7;0;20;1;0;;;0;;;;;0;0;1;0;Defesa
182;183;Edson;br BRA;LTZG;Atl Goianiense;24;1998;8.3;6;0;0;16;23;0;15;9;12;0.0;0.0;0;54.0;6.0;8.0;42.9;0;0;1;1;Defesa
183;184;Edson;br BRA;ZGLT;Atl Goianiense;31;1991;15.8;5;0;0;12;16;1;1;27;15;1.0;1.0;0;86.0;35.0;26.0;57.4;0;0;1;1;Defesa
184;185;Carlos Eduardo;br BRA;LT;Botafogo (RJ);33;1989;12.2;3;0;0;21;28;0;11;10;10;0.0;0.0;0;56.0;16.0;18.0;47.1;0;0;1;0;Defesa
185;186;Carlos Eduardo;br BRA;ATLT;Bragantino;26;1996;9.3;4;0;0;29;25;5;15;5;8;1.0;0.0;0;33.0;10.0;25.0;28.6;0;1;1;0;Ataque
186;187;Elton;br BRA;LT;Juventude;32;1990;12.9;5;0;0;25;9;1;0;20;18;0.0;0.0;0;71.0;15.0;11.0;57.7;0;0;1;0;Defesa
187;188;Leandro Emmanuel Martínez;ar ARG;LT;América (MG);28;1994;2.9;1;0;0;3;6;0;19;3;6;0.0;0.0;0;15.0;0.0;1.0;0.0;0;0;1;0;Defesa
188;189;Alan Empereur;br BRA;ZG;Cuiabá;28;1994;22.7;8;1;1;18;22;1;6;36;8;0.0;0.0;0;92.0;33.0;22.0;60.0;0;0;0;1;Defesa
189;190;Endrick;br BRA;AT;Palmeiras;16;2006;2.0;0;0;0;6;3;2;1;0;3;0.0;0.0;0;4.0;0.0;3.0;0.0;0;1;0;0;Ataque
190;191;Erick;br BRA;LT;Atl Paranaense;24;1997;18.9;1;0;0;29;12;0;5;29;24;0.0;0.0;0;89.0;31.0;23.0;57.4;0;0;1;0;Defesa
191;192;Erick;br BRA;ATLT;Ceará;24;1997;10.6;3;0;0;12;32;5;53;5;4;0.0;0.0;0;55.0;5.0;8.0;38.5;0;1;1;0;Ataque
192;193;Erison;br BRA;AT;Botafogo (RJ);23;1999;16.5;2;0;0;29;25;13;10;1;3;0.0;0.0;0;26.0;26.0;80.0;24.5;0;1;0;0;Ataque
193;194;Estevão;br BRA;ATLT;Internacional;20;2002;1.1;0;0;0;1;3;0;0;1;1;0.0;0.0;0;6.0;2.0;3.0;40.0;0;1;1;0;Ataque
194;195;Lucas Evangelista;br BRA;LT;Bragantino;27;1995;27.0;2;1;0;37;55;2;27;25;33;0.0;0.0;0;145.0;60.0;53.0;53.1;0;0;1;0;Defesa
195;196;Everaldo;br BRA;LTAT;América (MG);28;1994;19.0;5;0;0;29;48;5;98;15;16;0.0;0.0;0;90.0;5.0;16.0;23.8;0;1;1;0;Ataque
196;197;Éverson;br BRA;G;Atlético Mineiro;32;1990;35.0;4;0;0;0;2;0;0;0;0;0.0;0.0;0;39.0;5.0;1.0;83.3;1;0;0;0;Defesa
197;198;Éverton;br BRA;LTAT;Cuiabá;33;1988;4.4;2;0;0;12;13;1;9;4;6;0.0;0.0;0;30.0;5.0;9.0;35.7;0;1;1;0;Ataque
198;199;Fabinho;br BRA;LT;Palmeiras;20;2002;0.8;1;0;0;4;0;0;0;2;3;0.0;0.0;0;6.0;0.0;0.0;;0;0;1;0;Defesa
199;200;Fábio;br BRA;ATLT;Atlético Mineiro;25;1997;1.5;0;0;0;1;1;0;0;0;1;0.0;0.0;0;6.0;4.0;9.0;30.8;0;1;1;0;Ataque
200;201;Fábio;br BRA;G;Fluminense;42;1980;36.0;2;0;0;0;4;0;0;0;1;0.0;0.0;0;27.0;14.0;0.0;100.0;1;0;0;0;Defesa
201;202;Fabrício;br BRA;ATLT;Coritiba;25;1997;15.2;2;0;0;15;39;1;22;6;18;0.0;0.0;0;67.0;5.0;30.0;14.3;0;1;1;0;Ataque
202;203;Fagner;br BRA;ZG;Corinthians;33;1989;9.0;3;0;0;13;7;2;46;9;19;0.0;0.0;0;42.0;7.0;8.0;46.7;0;0;0;1;Defesa
203;204;Willian Farias;br BRA;LT;Coritiba;33;1989;17.6;6;0;0;11;25;0;2;19;21;0.0;0.0;0;99.0;16.0;9.0;64.0;0;0;1;0;Defesa
204;205;Lucas Fasson;br BRA;ZG;Atl Paranaense;21;2001;0.8;0;0;0;0;0;0;0;1;0;0.0;0.0;0;7.0;1.0;1.0;50.0;0;0;0;1;Defesa
205;206;Felipe;br BRA;LT;Fortaleza;28;1994;9.8;2;1;0;12;13;0;3;13;7;0.0;0.0;0;56.0;15.0;8.0;65.2;0;0;1;0;Defesa
206;207;Luis Felipe;br BRA;ZG;Santos;29;1993;9.9;3;0;0;12;4;1;0;18;8;;;1;;;;;0;0;0;1;Defesa
207;208;Matheus Felipe;br BRA;ZG;Atl Paranaense;24;1998;17.8;3;0;0;15;5;0;1;14;15;0.0;0.0;0;63.0;25.0;17.0;59.5;0;0;0;1;Defesa
208;209;Lucas Fernandes;br BRA;LT;Botafogo (RJ);25;1997;16.8;3;0;0;25;25;0;60;6;10;0.0;0.0;0;83.0;9.0;13.0;40.9;0;0;1;0;Defesa
209;210;Matheus Fernandes;br BRA;LT;Atl Paranaense;24;1998;7.6;2;0;0;14;3;0;1;9;13;0.0;0.0;0;55.0;6.0;4.0;60.0;0;0;1;0;Defesa
210;211;Gatito Fernández;py PAR;G;Botafogo (RJ);34;1988;31.2;1;0;0;0;6;0;0;2;1;0.0;0.0;0;28.0;5.0;0.0;100.0;1;0;0;0;Defesa
211;212;Ignacio Fernández;ar ARG;LTAT;Atlético Mineiro;32;1990;22.7;6;0;0;20;55;3;149;20;24;2.0;0.0;0;131.0;6.0;18.0;25.0;0;1;1;0;Ataque
212;213;Rodrigo Fernández;uy URU;LT;Santos;26;1996;23.7;13;0;0;76;25;0;16;17;49;0.0;2.0;0;192.0;26.0;15.0;63.4;0;0;1;0;Defesa
213;214;Fernandinho;br BRA;LT;Atl Paranaense;37;1985;8.8;5;0;0;21;14;1;9;10;5;0.0;0.0;0;59.0;14.0;19.0;42.4;0;0;1;0;Defesa
214;215;Derick Fernando;br BRA;ZG;Santos;20;2002;0.2;0;0;0;0;0;0;0;0;0;0.0;0.0;0;2.0;0.0;0.0;;0;0;0;1;Defesa
215;216;Luiz Fernando;br BRA;ATLT;Atl Goianiense;26;1996;18.5;7;2;1;26;37;12;25;11;10;0.0;0.0;0;98.0;26.0;37.0;41.3;0;1;1;0;Ataque
216;217;Nahuel Ferraresi;ve VEN;ZG;São Paulo;23;1998;6.9;1;1;0;7;9;0;0;11;11;0.0;1.0;0;34.0;13.0;3.0;81.3;0;0;0;1;Defesa
217;218;Luiz Filipe;br BRA;LTAT;Goiás;21;2001;0.4;1;0;0;1;2;0;1;0;1;1.0;0.0;0;2.0;0.0;0.0;;0;1;1;0;Ataque
218;219;Flávio;br BRA;LT;América (MG);22;2000;0.3;0;0;0;1;1;0;1;2;2;0.0;0.0;0;1.0;1.0;0.0;100.0;0;0;1;0;Defesa
219;220;Rafael Forster;br BRA;ZG;Juventude;32;1990;18.1;1;0;0;15;14;0;7;26;18;0.0;0.0;0;116.0;36.0;32.0;52.9;0;0;0;1;Defesa
220;221;Matheus França;br BRA;ATLT;Flamengo;18;2004;6.6;1;0;0;13;4;0;8;3;5;0.0;0.0;0;26.0;11.0;14.0;44.0;0;1;1;0;Ataque
221;222;Fred;br BRA;ATLT;Fluminense;39;1983;1.4;1;0;0;2;0;0;1;0;0;0.0;0.0;0;1.0;3.0;4.0;42.9;0;1;1;0;Ataque
222;223;Marlon Freitas;br BRA;LT;Atl Goianiense;27;1995;26.0;2;0;0;16;5;2;23;27;28;0.0;0.0;1;155.0;16.0;17.0;48.5;0;0;1;0;Defesa
223;224;Douglas Friedrich;br BRA;G;Avaí;33;1988;10.4;1;1;0;1;2;0;0;0;0;0.0;0.0;0;8.0;6.0;0.0;100.0;1;0;0;0;Defesa
224;225;Gabriel;br BRA;LT;São Paulo;23;1999;0.5;0;0;0;2;1;0;1;0;0;0.0;0.0;0;1.0;0.0;1.0;0.0;0;0;1;0;Defesa
225;226;Gabriel;br BRA;LT;Internacional;30;1992;23.8;2;0;0;45;26;0;8;44;58;0.0;0.0;0;162.0;17.0;16.0;51.5;0;0;1;0;Defesa
226;227;Gabriel;br BRA;G;Coritiba;30;1992;11.0;1;0;0;1;1;0;0;0;0;0.0;1.0;0;11.0;3.0;1.0;75.0;1;0;0;0;Defesa
227;228;Gabriel;br BRA;LT;Botafogo (RJ);29;1993;7.3;2;0;0;12;8;0;9;15;9;0.0;1.0;0;37.0;15.0;6.0;71.4;0;0;1;0;Defesa
228;229;Eduardo Gabriel;br BRA;ZG;Santos;26;1996;32.0;6;0;0;11;33;1;0;49;16;1.0;0.0;0;114.0;79.0;57.0;58.1;0;0;0;1;Defesa
229;230;Luiz Gabriel;br BRA;ATLT;Coritiba;20;2002;1.0;1;0;0;1;4;0;0;3;3;0.0;0.0;0;4.0;0.0;2.0;0.0;0;1;1;0;Ataque
230;231;Marquinhos Gabriel;br BRA;LTAT;Goiás;32;1990;7.3;1;0;0;6;15;2;18;1;5;0.0;0.0;0;35.0;5.0;6.0;45.5;0;1;1;0;Ataque
231;232;Vitor Gabriel;br BRA;ATLT;Juventude;22;2000;7.6;6;0;0;28;11;3;3;0;2;0.0;0.0;0;25.0;31.0;38.0;44.9;0;1;1;0;Ataque
232;233;Matías Galarza;py PAR;LT;Coritiba;20;2002;6.7;4;0;0;26;15;0;10;13;9;0.0;0.0;0;53.0;3.0;11.0;21.4;0;0;1;0;Defesa
233;234;Matheus Galdezani;br BRA;LT;Avaí;30;1992;3.2;3;0;0;10;4;0;4;6;8;0.0;0.0;0;16.0;1.0;5.0;16.7;0;0;1;0;Defesa
234;235;Thiago Galhardo;br BRA;ATLT;Fortaleza;33;1989;13.8;5;0;0;14;20;2;10;5;7;1.0;0.0;0;42.0;35.0;46.0;43.2;0;1;1;0;Ataque
235;236;Giuliano Galoppo;ar ARG;LT;São Paulo;23;1999;7.1;1;0;0;13;6;0;7;3;10;0.0;0.0;0;32.0;13.0;11.0;54.2;0;0;1;0;Defesa
236;237;Léo Gamalho;br BRA;AT;Coritiba;36;1986;17.4;2;0;0;23;34;6;6;0;6;1.0;0.0;0;33.0;62.0;62.0;50.0;0;1;0;0;Ataque
237;238;Ganso;br BRA;LTAT;Fluminense;33;1989;26.6;6;0;0;28;46;0;59;9;23;1.0;0.0;0;121.0;8.0;25.0;24.2;0;1;1;0;Ataque
238;239;García;br BRA;ZGLT;Palmeiras;20;2002;1.1;1;0;0;0;1;0;1;2;0;0.0;0.0;0;4.0;3.0;1.0;75.0;0;0;1;1;Defesa
239;240;Bryan García;ec ECU;LT;Atl Paranaense;21;2001;3.0;2;0;0;4;4;0;1;2;4;0.0;0.0;0;28.0;0.0;4.0;0.0;0;0;1;0;Defesa
240;241;Luan Garcia;br BRA;ZG;Palmeiras;29;1993;12.6;2;0;0;20;9;1;1;22;4;0.0;0.0;1;53.0;19.0;11.0;63.3;0;0;0;1;Defesa
241;242;Gaspar;br BRA;AT;Avaí;20;2002;0.1;0;0;0;0;0;0;0;0;0;0.0;0.0;0;2.0;0.0;0.0;;0;1;0;0;Ataque
242;243;Rafael Gava;br BRA;LT;Cuiabá;29;1993;21.2;2;0;0;28;22;3;160;15;16;0.0;0.0;0;120.0;21.0;23.0;47.7;0;0;1;0;Defesa
243;244;Lucas Gazal;br BRA;ZG;Atl Goianiense;23;1999;12.5;1;1;0;18;2;1;3;13;3;0.0;0.0;0;45.0;28.0;16.0;63.6;0;0;0;1;Defesa
244;245;Geovane;br BRA;LT;Ceará;23;1999;5.3;4;0;0;18;11;0;3;5;3;0.0;0.0;0;32.0;3.0;7.0;30.0;0;0;1;0;Defesa
245;246;Gil;br BRA;ZG;Corinthians;35;1987;21.7;4;0;0;13;7;3;0;29;12;0.0;1.0;0;112.0;60.0;22.0;73.2;0;0;0;1;Defesa
246;247;Giovane;br BRA;ATZG;Corinthians;18;2003;3.1;2;0;0;8;4;1;6;1;2;1.0;0.0;0;7.0;5.0;10.0;33.3;0;1;0;1;Ataque
247;248;Giovani;br BRA;AT;Palmeiras;18;2004;0.2;0;0;0;0;1;0;2;0;0;0.0;0.0;0;2.0;0.0;1.0;0.0;0;1;0;0;Ataque
248;249;Glédson;br BRA;G;Avaí;39;1983;4.0;2;0;0;0;3;0;0;0;0;0.0;0.0;0;3.0;0.0;1.0;0.0;1;0;0;0;Defesa
249;250;Diego Godín;uy URU;ZG;Atlético Mineiro;36;1986;1.0;0;0;0;2;2;0;0;2;2;0.0;0.0;0;6.0;3.0;3.0;50.0;0;0;0;1;Defesa
250;251;Bruno Gomes;br BRA;LT;Coritiba;21;2001;15.6;2;0;0;28;47;0;19;23;20;0.0;0.0;0;90.0;7.0;13.0;35.0;0;0;1;0;Defesa
251;252;Igor Gomes;br BRA;LT;São Paulo;23;1999;21.9;5;1;1;34;26;3;62;18;13;0.0;0.0;0;110.0;31.0;22.0;58.5;0;0;1;0;Defesa
252;253;Igor Gomes;br BRA;ZG;Internacional;21;2001;1.2;0;0;0;1;2;0;1;1;0;0.0;1.0;0;5.0;0.0;1.0;0.0;0;0;0;1;Defesa
253;254;João Gomes;br BRA;LT;Flamengo;21;2001;19.0;7;0;0;49;47;0;7;22;51;0.0;0.0;0;126.0;10.0;16.0;38.5;0;0;1;0;Defesa
254;255;Gustavo Gómez;py PAR;ZG;Palmeiras;29;1993;29.0;8;0;0;31;19;7;12;48;21;0.0;1.0;0;139.0;98.0;67.0;59.4;0;0;0;1;Defesa
255;256;Aloísio dos Santos Gonçalves;cn CHN;ATLT;América (MG);34;1988;10.5;4;0;0;37;18;10;6;4;8;0.0;0.0;0;30.0;8.0;27.0;22.9;0;1;1;0;Ataque
256;257;Diego Gonçalves;br BRA;AT;Botafogo (RJ);28;1994;5.4;2;0;0;8;7;2;22;2;3;0.0;0.0;0;23.0;11.0;12.0;47.8;0;1;0;0;Ataque
257;258;Matheus Gonçalves;br BRA;AT;Flamengo;17;2005;0.3;0;0;0;0;0;1;1;0;0;0.0;0.0;0;5.0;0.0;0.0;;0;1;0;0;Ataque
258;259;Ricardo Goulart;br BRA;LTAT;Santos;31;1991;4.5;2;0;0;6;8;0;6;1;3;0.0;0.0;0;17.0;8.0;6.0;57.1;0;1;1;0;Ataque
259;260;Daniel Guedes;br BRA;ZGLT;Cuiabá;28;1994;8.8;4;0;0;12;5;3;85;15;9;0.0;0.0;0;36.0;7.0;10.0;41.2;0;0;1;1;Defesa
260;261;Roger Guedes;br BRA;AT;Corinthians;26;1996;26.5;4;0;0;14;52;10;15;3;3;0.0;0.0;0;80.0;31.0;35.0;47.0;0;1;0;0;Ataque
261;262;Paolo Guerrero;pe PER;AT;Avaí;38;1984;4.8;2;0;0;11;8;2;2;1;0;0.0;0.0;0;18.0;19.0;22.0;46.3;0;1;0;0;Ataque
262;263;Guga;br BRA;ZG;Atlético Mineiro;24;1998;18.5;1;0;0;19;22;1;78;26;35;0.0;0.0;0;89.0;14.0;21.0;40.0;0;0;0;1;Defesa
263;264;Marcos Guilherme;br BRA;ATLT;São Paulo;27;1995;6.2;1;0;0;4;5;1;8;2;2;0.0;0.0;0;21.0;1.0;4.0;20.0;0;1;1;0;Ataque
264;265;Marcos Guilherme;br BRA;LT;Santos;27;1995;0.3;0;0;0;1;0;0;1;0;1;0.0;0.0;0;3.0;2.0;0.0;100.0;0;0;1;0;Defesa
265;266;Gustavinho;br BRA;LT;América (MG);21;2001;4.3;2;0;0;7;12;0;14;4;9;0.0;0.0;0;21.0;4.0;7.0;36.4;0;0;1;0;Defesa
266;267;Habraão;br BRA;ZG;Fortaleza;21;2001;2.4;0;0;0;6;4;0;0;1;2;0.0;1.0;0;8.0;11.0;8.0;57.9;0;0;0;1;Defesa
267;268;Lucas Halter;br BRA;ZG;Atl Paranaense;22;2000;1.1;1;0;0;3;1;0;0;2;0;0.0;0.0;0;5.0;0.0;0.0;;0;0;0;1;Defesa
268;269;Lucas Halter;br BRA;ZG;Goiás;22;2000;9.9;2;0;0;7;1;0;2;8;6;0.0;0.0;0;29.0;13.0;12.0;52.0;0;0;0;1;Defesa
269;270;Hayner;br BRA;ZG;Atl Goianiense;27;1995;15.3;8;1;0;28;33;6;70;22;10;1.0;0.0;0;54.0;18.0;19.0;48.6;0;0;0;1;Defesa
270;271;Heitor;br BRA;ZG;Internacional;22;2000;4.4;2;0;0;2;1;0;13;9;13;0.0;0.0;0;17.0;2.0;1.0;66.7;0;0;0;1;Defesa
271;272;Thiago Heleno;br BRA;ZG;Atl Paranaense;34;1988;11.7;4;1;0;11;4;0;1;23;5;0.0;0.0;0;55.0;16.0;18.0;47.1;0;0;0;1;Defesa
272;273;Helinho;br BRA;ATLT;Bragantino;22;2000;19.0;8;0;0;36;21;4;69;19;15;0.0;0.0;0;108.0;9.0;17.0;34.6;0;1;1;0;Ataque
273;274;Henrique;br BRA;ZG;Coritiba;36;1986;16.9;5;1;0;14;4;1;3;20;12;0.0;2.0;1;65.0;20.0;22.0;47.6;0;0;0;1;Defesa
274;275;Arthur Henrique;br BRA;ZG;Atl Goianiense;28;1994;10.7;0;1;0;14;10;0;27;16;19;0.0;0.0;0;57.0;11.0;10.0;52.4;0;0;0;1;Defesa
275;276;Bruno Henrique;br BRA;ATLT;Flamengo;31;1990;6.8;3;0;0;11;20;8;11;4;8;0.0;0.0;0;28.0;13.0;11.0;54.2;0;1;1;0;Ataque
276;277;Gustavo Henrique;br BRA;ZG;Flamengo;29;1993;3.8;0;0;0;5;0;0;0;5;3;0.0;0.0;0;11.0;13.0;2.0;86.7;0;0;0;1;Defesa
277;278;Luis Henrique;br BRA;ATLT;Botafogo (RJ);20;2001;2.7;1;0;0;3;3;2;5;3;1;0.0;0.0;0;17.0;2.0;0.0;100.0;0;1;1;0;Ataque
278;279;Luiz Henrique;br BRA;ATLT;Fluminense;21;2001;11.7;0;0;0;18;21;2;21;9;19;0.0;0.0;0;64.0;19.0;27.0;41.3;0;1;1;0;Ataque
279;280;Paulo Henrique;br BRA;ZGLT;Juventude;26;1996;15.7;2;0;0;30;13;3;90;11;24;0.0;1.0;0;122.0;17.0;16.0;51.5;0;0;1;1;Defesa
280;281;Pedro Henrique;br BRA;ZG;Atl Paranaense;27;1995;24.8;7;0;0;20;22;0;3;42;24;0.0;0.0;0;121.0;69.0;35.0;66.3;0;0;0;1;Defesa
281;282;Pedro Henrique;br BRA;ATLT;Internacional;32;1990;17.5;6;0;0;41;45;17;80;9;20;1.0;0.0;0;59.0;26.0;26.0;50.0;0;1;1;0;Ataque
282;283;Hércules;br BRA;LT;Fortaleza;22;2000;13.5;1;0;0;17;11;1;13;8;14;0.0;0.0;0;94.0;12.0;9.0;57.1;0;0;1;0;Defesa
283;284;Nicolás Hernández;co COL;ZG;Atl Paranaense;24;1998;17.8;3;0;0;17;5;0;1;21;17;0.0;0.0;1;69.0;17.0;25.0;40.5;0;0;0;1;Defesa
284;285;Hugo;br BRA;ZGLT;Goiás;25;1997;7.0;3;0;0;10;6;1;18;12;11;0.0;0.0;0;43.0;13.0;8.0;61.9;0;0;1;1;Defesa
285;286;Hugo;br BRA;ATLT;Coritiba;23;1999;3.9;0;0;0;6;12;1;9;1;5;0.0;0.0;0;23.0;8.0;6.0;57.1;0;1;1;0;Ataque
286;287;Hugo;br BRA;ZGLT;Botafogo (RJ);21;2001;11.5;2;1;0;14;12;0;34;19;17;0.0;0.0;0;56.0;13.0;14.0;48.1;0;0;1;1;Defesa
287;288;Victor Hugo;br BRA;LT;Flamengo;18;2004;13.2;1;0;0;6;12;1;13;11;8;0.0;0.0;0;56.0;16.0;32.0;33.3;0;0;1;0;Defesa
288;289;Vitor Hugo;br BRA;AT;Goiás;18;2004;0.0;0;0;0;0;0;0;0;0;0;0.0;0.0;0;0.0;0.0;0.0;;0;1;0;0;Ataque
289;290;Hulk;br BRA;AT;Atlético Mineiro;36;1986;23.2;6;0;0;35;59;15;43;3;6;0.0;0.0;0;49.0;17.0;42.0;28.8;0;1;0;0;Ataque
290;291;José Hurtado;ec ECU;ZG;Bragantino;20;2001;6.6;1;0;0;8;4;1;33;5;11;0.0;1.0;0;31.0;11.0;11.0;50.0;0;0;0;1;Defesa
291;292;Hyoran;br BRA;LT;Bragantino;29;1993;14.2;1;0;0;17;14;1;73;10;16;0.0;0.0;0;60.0;7.0;12.0;36.8;0;0;1;0;Defesa
292;293;Igor;br BRA;LTAT;Flamengo;19;2003;0.3;0;0;0;0;0;0;0;0;0;0.0;0.0;0;0.0;0.0;0.0;;0;1;1;0;Ataque
293;294;Mauricio Isla;cl CHI;ZG;Flamengo;34;1988;3.8;0;0;0;3;2;0;13;6;3;0.0;1.0;0;19.0;7.0;8.0;46.7;0;0;0;1;Defesa
294;295;Jadsom;br BRA;LT;Bragantino;21;2001;12.2;6;0;0;23;6;0;3;30;16;0.0;0.0;0;88.0;6.0;6.0;50.0;0;0;1;0;Defesa
295;296;Jadson;br BRA;LT;Juventude;29;1993;28.1;8;1;0;38;48;1;31;22;44;0.0;0.0;0;176.0;7.0;18.0;28.0;0;0;1;0;Defesa
296;297;Jailson;br BRA;G;América (MG);41;1981;12.0;1;0;0;0;0;0;0;0;0;0.0;0.0;0;9.0;0.0;0.0;;1;0;0;0;Defesa
297;298;Jair;br BRA;LT;Atlético Mineiro;28;1994;21.1;5;0;0;40;28;0;11;29;38;0.0;1.0;0;115.0;31.0;22.0;58.5;0;0;1;0;Defesa
298;299;Jandrei;br BRA;G;São Paulo;29;1993;18.3;0;0;0;0;3;0;0;1;0;0.0;0.0;0;25.0;9.0;0.0;100.0;1;0;0;0;Defesa
299;300;Vinícius Jaú;br BRA;LT;Avaí;24;1998;0.1;0;0;0;0;0;0;0;0;0;0.0;0.0;0;0.0;1.0;0.0;100.0;0;0;1;0;Defesa
300;301;Pablo Javier García;uy URU;AT;Coritiba;23;1999;0.1;0;0;0;0;0;0;0;0;1;0.0;0.0;0;1.0;0.0;0.0;;0;1;0;0;Ataque
301;302;Jean;br BRA;LT;Juventude;28;1994;12.2;5;0;0;22;15;1;5;35;27;0.0;0.0;0;67.0;27.0;23.0;54.0;0;0;1;0;Defesa
302;303;Jefferson;br BRA;ZG;Atl Goianiense;25;1997;23.5;5;0;0;36;20;0;73;21;21;0.0;0.0;0;131.0;25.0;21.0;54.3;0;0;0;1;Defesa
303;304;Jefferson;br BRA;AT;Botafogo (RJ);22;1999;15.8;3;0;0;20;27;1;11;12;13;0.0;0.0;0;97.0;9.0;15.0;37.5;0;1;0;0;Ataque
304;305;Jemerson;br BRA;ZG;Atlético Mineiro;30;1992;9.1;5;0;0;18;6;1;0;7;5;0.0;0.0;0;46.0;18.0;11.0;62.1;0;0;0;1;Defesa
305;306;Jenison;br BRA;AT;Cuiabá;31;1991;3.6;2;0;0;8;3;1;3;2;1;0.0;0.0;0;15.0;18.0;11.0;62.1;0;1;0;0;Ataque
306;307;Alexandre Jesus;br BRA;LTZG;Fluminense;21;2001;0.7;0;0;0;1;1;0;5;5;0;0.0;0.0;0;10.0;2.0;5.0;28.6;0;0;1;1;Defesa
307;308;Jô;br BRA;AT;Ceará;35;1987;7.7;1;1;0;12;10;8;2;1;1;0.0;0.0;0;14.0;34.0;18.0;65.4;0;1;0;0;Ataque
308;309;Jô;br BRA;AT;Corinthians;35;1987;2.2;1;0;0;4;5;1;1;1;1;0.0;0.0;0;4.0;13.0;8.0;61.9;0;1;0;0;Ataque
309;310;Joaquim;br BRA;ZG;Cuiabá;23;1998;21.9;4;0;0;22;19;1;4;32;26;0.0;0.0;0;125.0;87.0;30.0;74.4;0;0;0;1;Defesa
310;311;John;br BRA;G;Santos;26;1996;1.0;0;0;0;0;2;0;0;0;0;0.0;0.0;0;0.0;0.0;0.0;;1;0;0;0;Defesa
311;312;Jonas;br BRA;LT;São Paulo;23;1999;0.3;0;0;0;1;1;0;2;1;0;0.0;0.0;0;1.0;0.0;0.0;;0;0;1;0;Defesa
312;313;Felipe Jonatan;br BRA;ZG;Santos;24;1998;23.0;3;0;0;25;21;2;95;34;17;0.0;0.0;0;156.0;23.0;28.0;45.1;0;0;0;1;Defesa
313;314;Jonathan;br BRA;ZG;Botafogo (RJ);24;1998;0.5;0;0;0;1;0;0;0;1;1;0.0;0.0;0;2.0;1.0;4.0;20.0;0;0;0;1;Defesa
314;315;Jorge;br BRA;ZG;Palmeiras;26;1996;5.2;1;0;0;5;10;0;18;3;8;0.0;0.0;1;25.0;8.0;9.0;47.1;0;0;0;1;Defesa
315;316;Jorginho;br BRA;LT;Atl Goianiense;31;1991;17.5;7;0;0;14;26;6;67;5;17;0.0;0.0;0;102.0;25.0;23.0;52.1;0;0;1;0;Defesa
316;317;Jhojan Julio;ec ECU;ATLT;Santos;24;1998;9.1;2;0;0;22;21;5;21;9;13;0.0;0.0;0;49.0;12.0;18.0;40.0;0;1;1;0;Ataque
317;318;Juninho;br BRA;LT;América (MG);35;1987;32.5;4;0;0;29;34;3;25;27;26;1.0;1.0;0;214.0;20.0;59.0;25.3;0;0;1;0;Defesa
318;319;Juninho;br BRA;LT;América (MG);36;1986;0.2;0;0;0;1;0;0;1;0;0;0.0;0.0;0;1.0;0.0;0.0;;0;0;1;0;Defesa
319;320;Renato Junior;br BRA;ATLT;Goiás;20;2002;5.2;3;0;0;11;10;1;4;1;4;0.0;0.0;0;27.0;14.0;20.0;41.2;0;1;1;0;Ataque
320;321;Jussa;br BRA;LTZG;Fortaleza;26;1996;7.0;1;0;0;16;0;1;2;8;1;0.0;1.0;2;39.0;9.0;9.0;50.0;0;0;1;1;Defesa
321;322;Kaiky;br BRA;ZG;Santos;18;2004;1.0;0;0;0;0;3;0;0;2;0;0.0;0.0;0;2.0;2.0;0.0;100.0;0;0;0;1;Defesa
322;323;Lucas Kal;br BRA;LT;América (MG);26;1996;24.0;4;0;0;28;10;0;3;32;19;0.0;0.0;0;142.0;37.0;23.0;61.7;0;0;1;0;Defesa
323;324;Kanu;br BRA;ZG;Botafogo (RJ);25;1997;16.1;5;0;0;15;11;0;1;23;10;0.0;0.0;0;73.0;42.0;25.0;62.7;0;0;0;1;Defesa
324;325;Alan Kardec;br BRA;ATLT;Atlético Mineiro;33;1989;2.9;0;0;0;6;4;0;0;0;1;0.0;0.0;0;7.0;14.0;12.0;53.8;0;1;1;0;Ataque
325;326;Kauan;br BRA;AT;Bragantino;19;2003;0.3;1;0;0;4;0;0;0;0;0;0.0;0.0;0;1.0;1.0;1.0;50.0;0;1;0;0;Ataque
326;327;Kawê;br BRA;LTAT;América (MG);20;2002;0.3;0;0;0;2;1;1;1;0;0;0.0;0.0;0;3.0;0.0;3.0;0.0;0;1;1;0;Ataque
327;328;Kayque;br BRA;LT;Botafogo (RJ);22;2000;3.1;3;0;0;8;11;1;2;2;5;0.0;0.0;0;22.0;3.0;5.0;37.5;0;0;1;0;Defesa
328;329;Renato Kayser;br BRA;AT;Fortaleza;26;1996;1.8;0;0;0;3;3;0;1;0;0;0.0;0.0;0;8.0;1.0;4.0;20.0;0;1;0;0;Ataque
329;330;Gabriel Kazu;br BRA;LT;Avaí;23;1999;0.0;0;0;0;0;0;0;0;1;0;0.0;0.0;0;0.0;0.0;0.0;;0;0;1;0;Defesa
330;331;Keiller;br BRA;G;Internacional;26;1996;14.0;2;0;0;1;5;0;0;0;0;0.0;1.0;0;5.0;7.0;0.0;100.0;1;0;0;0;Defesa
331;332;Thalisson Kelven;br BRA;ZG;Juventude;24;1998;18.3;3;0;0;17;6;0;0;29;11;0.0;0.0;1;62.0;37.0;34.0;52.1;0;0;0;1;Defesa
332;333;Kelvin;br BRA;LTAT;Atl Goianiense;25;1997;3.1;0;0;0;0;4;1;12;1;3;0.0;0.0;0;12.0;2.0;7.0;22.2;0;1;1;0;Ataque
333;334;Kelvyn;br BRA;ATZG;Ceará;23;1999;0.6;0;0;0;2;0;0;2;0;1;0.0;0.0;0;3.0;0.0;0.0;;0;1;0;1;Ataque
334;335;John Kennedy;br BRA;ATLT;Fluminense;20;2002;1.6;3;0;0;5;1;0;1;1;0;0.0;0.0;0;1.0;3.0;8.0;27.3;0;1;1;0;Ataque
335;336;Keno;br BRA;ATLT;Atlético Mineiro;33;1989;19.0;4;0;0;18;29;7;97;3;19;0.0;0.0;0;65.0;12.0;10.0;54.5;0;1;1;0;Ataque
336;337;Kevin;br BRA;ZG;Avaí;25;1997;29.2;3;0;0;34;20;3;184;37;40;0.0;0.0;0;185.0;32.0;25.0;56.1;0;0;0;1;Defesa
337;338;Khellven;br BRA;ZG;Atl Paranaense;21;2001;21.4;1;0;0;31;19;0;124;38;22;0.0;1.0;0;100.0;11.0;19.0;36.7;0;0;0;1;Defesa
338;339;Willian Klaus;br BRA;ZG;Atl Goianiense;28;1994;5.7;1;0;0;6;2;1;0;7;2;0.0;0.0;0;17.0;14.0;7.0;66.7;0;0;0;1;Defesa
339;340;Willian Klaus;br BRA;ZG;Botafogo (RJ);28;1994;1.0;1;0;0;0;0;0;0;0;0;0.0;0.0;0;2.0;2.0;0.0;100.0;0;0;0;1;Defesa
340;341;Benjamín Kuscevic;cl CHI;ZG;Palmeiras;26;1996;3.3;1;0;0;0;3;1;0;9;4;0.0;0.0;0;10.0;10.0;5.0;66.7;0;0;0;1;Defesa
341;342;Gabriel Lacerda;br BRA;ZG;Ceará;23;1999;19.6;4;0;0;14;3;0;6;21;14;0.0;1.0;0;89.0;49.0;30.0;62.0;0;0;0;1;Defesa
342;343;Anthony Landazuri;ec ECU;ZG;Fortaleza;25;1997;5.8;1;0;0;15;6;0;5;8;4;1.0;0.0;0;30.0;6.0;9.0;40.0;0;0;0;1;Defesa
343;344;Thauan Lara;br BRA;ZGAT;Internacional;18;2004;3.8;2;0;0;6;6;0;5;4;6;0.0;0.0;0;12.0;4.0;4.0;50.0;0;1;0;1;Ataque
344;345;Lázaro;br BRA;ATLT;Flamengo;20;2002;9.1;2;0;0;17;17;3;23;3;7;0.0;0.0;0;33.0;11.0;16.0;40.7;0;1;1;0;Ataque
345;346;Anderson Leite;br BRA;LT;Juventude;29;1993;0.8;0;0;0;3;1;0;1;4;1;0.0;0.0;0;5.0;1.0;0.0;100.0;0;0;1;0;Defesa
346;347;Vinícius Leite;br BRA;LT;Avaí;29;1993;1.5;0;0;0;1;2;0;5;6;2;0.0;0.0;0;10.0;0.0;6.0;0.0;0;0;1;0;Defesa
347;348;Bernanrdo Lemes;br BRA;LTAT;Coritiba;20;2002;10.5;1;0;0;20;17;0;6;16;15;0.0;0.0;0;63.0;11.0;6.0;64.7;0;1;1;0;Ataque
348;349;Marcos Leonardo;br BRA;AT;Santos;19;2003;30.3;8;0;0;35;81;18;8;2;2;1.0;0.0;0;52.0;32.0;69.0;31.7;0;1;0;0;Ataque
349;350;Vitor Leque;br BRA;LTZG;Juventude;21;2001;0.6;2;1;1;2;3;1;1;0;0;0.0;0.0;0;1.0;1.0;1.0;50.0;0;0;1;1;Defesa
350;351;Lima;br BRA;ATLT;Ceará;26;1996;20.5;2;1;0;26;50;3;59;16;23;0.0;0.0;0;105.0;10.0;27.0;27.0;0;1;1;0;Ataque
351;352;Anderson Lima;br BRA;LTAT;São Paulo;23;1999;2.3;3;0;0;10;8;0;6;1;6;1.0;0.0;0;5.0;1.0;3.0;25.0;0;1;1;0;Ataque
352;353;Lucas Lima;br BRA;ZGLT;Atl Goianiense;22;2000;1.4;0;0;0;4;2;0;4;0;2;0.0;0.0;0;5.0;2.0;2.0;50.0;0;0;1;1;Defesa
353;354;Lucas Lima;br BRA;LTAT;Fortaleza;32;1990;12.7;4;0;0;20;24;3;78;4;10;1.0;0.0;0;70.0;2.0;12.0;14.3;0;1;1;0;Ataque
354;355;Rodrigo Lindoso;br BRA;LT;Ceará;33;1989;9.6;6;0;0;12;13;0;4;7;7;0.0;0.0;0;50.0;18.0;10.0;64.3;0;0;1;0;Defesa
355;356;Liziero;br BRA;LT;Internacional;24;1998;5.6;3;0;0;15;10;0;7;7;12;0.0;0.0;0;39.0;1.0;5.0;16.7;0;0;1;0;Defesa
356;357;David Loiola;br BRA;ZG;Ceará;19;2002;2.4;1;0;0;0;3;0;2;2;2;0.0;0.0;0;11.0;5.0;2.0;71.4;0;0;0;1;Defesa
357;358;Marcelo Lomba;br BRA;G;Palmeiras;35;1986;3.0;1;0;0;0;1;0;0;0;0;0.0;0.0;0;5.0;0.0;0.0;;1;0;0;0;Defesa
358;359;Kevin Lomónaco;ar ARG;ZG;Bragantino;20;2002;11.4;3;0;0;14;8;0;5;9;4;0.0;0.0;0;79.0;14.0;24.0;36.8;0;0;0;1;Defesa
359;360;José López;ar ARG;AT;Palmeiras;21;2000;5.7;2;0;0;4;6;7;3;1;2;0.0;0.0;0;15.0;16.0;22.0;42.1;0;1;0;0;Ataque
360;361;Henrique Lordelo;br BRA;LT;Goiás;22;2000;1.2;2;1;1;9;0;0;0;2;3;0.0;0.0;0;10.0;2.0;1.0;66.7;0;0;1;0;Defesa
361;362;Guillermo de los Santos;uy URU;ZG;Coritiba;31;1991;10.5;2;1;0;5;5;0;4;17;12;0.0;0.0;0;52.0;28.0;17.0;62.2;0;0;0;1;Defesa
362;363;Luan;br BRA;LT;São Paulo;23;1999;1.8;1;0;0;1;0;0;0;3;1;0.0;0.0;0;14.0;3.0;0.0;100.0;0;0;1;0;Defesa
363;364;Luan;br BRA;LT;Goiás;32;1990;0.5;1;0;0;1;0;0;1;0;1;0.0;0.0;0;7.0;0.0;0.0;;0;0;1;0;Defesa
364;365;Lucão;br BRA;G;Bragantino;21;2001;1.0;0;0;0;0;0;0;0;0;0;0.0;0.0;0;0.0;0.0;0.0;;1;0;0;0;Defesa
365;366;Lucas;br BRA;ZG;Santos;21;2001;14.2;2;1;0;16;9;1;134;13;19;0.0;0.0;0;90.0;8.0;9.0;47.1;0;0;0;1;Defesa
366;367;Ayrton Lucas;br BRA;ZG;Flamengo;25;1997;26.4;3;0;0;41;43;0;61;26;36;0.0;0.0;0;165.0;25.0;19.0;56.8;0;0;0;1;Defesa
367;368;João Lucas;br BRA;ZGLT;Cuiabá;24;1998;22.8;8;1;1;38;25;2;83;33;45;0.0;2.0;0;111.0;19.0;27.0;41.3;0;0;1;1;Defesa
368;369;Luciano;br BRA;ATLT;São Paulo;29;1993;21.8;9;0;0;23;34;10;6;7;9;1.0;0.0;0;66.0;18.0;20.0;47.4;0;1;1;0;Ataque
369;370;André Luis;br BRA;ATLT;Cuiabá;25;1997;18.9;4;0;0;29;53;3;17;6;12;2.0;0.0;0;75.0;22.0;22.0;50.0;0;1;1;0;Ataque
370;371;Filipe Luís;br BRA;ZG;Flamengo;37;1985;7.1;1;0;0;7;10;0;23;12;12;0.0;0.0;0;42.0;2.0;4.0;33.3;0;0;0;1;Defesa
371;372;Victor Luis;br BRA;ZG;Ceará;29;1993;14.7;1;0;0;24;20;0;54;13;9;0.0;0.0;0;73.0;10.0;25.0;28.6;0;0;0;1;Defesa
372;373;David Luiz;br BRA;ZG;Flamengo;35;1987;14.8;4;0;0;24;5;2;6;12;3;0.0;0.0;0;60.0;27.0;12.0;69.2;0;0;0;1;Defesa
373;374;Luizão;br BRA;ZG;São Paulo;20;2002;11.0;5;0;0;11;4;0;1;10;10;0.0;0.0;0;40.0;21.0;19.0;52.5;0;0;0;1;Defesa
374;375;Vinícius Machado;br BRA;G;Ceará;22;2000;2.0;0;0;0;0;0;0;0;0;0;0.0;0.0;0;0.0;0.0;0.0;;1;0;0;0;Defesa
375;376;Mádson;br BRA;ZG;Santos;30;1992;23.8;5;0;0;19;20;1;55;32;25;0.0;0.0;0;82.0;47.0;33.0;58.8;0;0;0;1;Defesa
376;377;Maguinho;br BRA;ZGLT;Goiás;29;1993;19.6;9;0;0;41;19;2;40;32;26;1.0;1.0;0;109.0;23.0;31.0;42.6;0;0;1;1;Defesa
377;378;Gustavo Maia;br BRA;AT;Internacional;21;2001;0.2;0;0;0;0;0;0;2;1;0;0.0;0.0;0;0.0;0.0;0.0;;0;1;0;0;Ataque
378;379;Leonardo Maia;br BRA;LT;Bragantino;19;2003;0.3;0;0;0;1;0;0;0;0;0;;;0;;;;;0;0;1;0;Defesa
379;380;Pablo Maia;br BRA;LT;São Paulo;20;2002;21.8;7;0;0;50;19;0;8;21;18;0.0;1.0;0;153.0;32.0;8.0;80.0;0;0;1;0;Defesa
380;381;Thiago Maia;br BRA;LT;Flamengo;25;1997;16.8;6;0;0;29;6;0;3;21;26;0.0;0.0;0;130.0;21.0;10.0;67.7;0;0;1;0;Defesa
381;382;Maicon;br BRA;ZG;Santos;34;1988;19.3;2;0;0;6;6;2;16;27;18;0.0;0.0;0;98.0;54.0;41.0;56.8;0;0;0;1;Defesa
382;383;Iago Maidana;br BRA;ZG;América (MG);26;1996;11.5;5;1;1;20;2;0;0;8;6;0.0;0.0;0;36.0;34.0;17.0;66.7;0;0;0;1;Defesa
383;384;Léo Mana;br BRA;ZG;Corinthians;18;2004;0.5;0;0;0;0;0;0;1;3;0;0.0;0.0;0;0.0;1.0;0.0;100.0;0;0;0;1;Defesa
384;385;Alef Manga;br BRA;ATLT;Coritiba;27;1994;25.4;11;0;0;30;18;23;82;13;22;0.0;0.0;0;108.0;24.0;26.0;48.0;0;1;1;0;Ataque
385;386;Manoel;br BRA;ZG;Fluminense;32;1990;25.7;5;2;1;22;21;0;5;19;12;0.0;1.0;0;99.0;27.0;42.0;39.1;0;0;0;1;Defesa
386;387;Gustavo Mantuan;br BRA;ATZG;Corinthians;21;2001;9.6;0;0;0;8;11;3;24;7;7;0.0;0.0;0;41.0;9.0;7.0;56.3;0;1;0;1;Ataque
387;388;Luis Manuel Orejuela;co COL;ZG;Atl Paranaense;27;1995;13.0;1;0;0;17;19;0;37;10;14;0.0;0.0;0;68.0;19.0;17.0;52.8;0;0;0;1;Defesa
388;389;Maranhão;br BRA;AT;Botafogo (RJ);20;2002;1.0;1;0;0;2;1;0;2;0;1;;;0;;;;;0;1;0;0;Ataque
389;390;Willian Maranhão;br BRA;LTZG;Atl Goianiense;26;1995;13.9;7;0;0;20;9;0;3;20;11;0.0;1.0;0;69.0;11.0;21.0;34.4;0;0;1;1;Defesa
390;391;Willian Maranhão;br BRA;LT;Santos;26;1995;1.8;0;0;0;2;0;1;0;1;3;0.0;0.0;0;6.0;2.0;2.0;50.0;0;0;1;0;Defesa
391;392;Fernando Marçal;br BRA;ZG;Botafogo (RJ);33;1989;16.1;6;0;0;25;16;0;118;34;19;0.0;0.0;0;112.0;29.0;14.0;67.4;0;0;0;1;Defesa
392;393;Marcelo;br BRA;ZG;Fortaleza;26;1996;29.0;5;0;0;23;19;0;4;52;20;0.0;2.0;0;144.0;94.0;42.0;69.1;0;0;0;1;Defesa
393;394;Marcinho;br BRA;ATLT;Avaí;27;1995;4.2;0;0;0;7;8;1;11;1;7;0.0;0.0;0;12.0;2.0;7.0;22.2;0;1;1;0;Ataque
394;395;Mariano;br BRA;ZG;Atlético Mineiro;36;1986;17.2;5;0;0;17;12;1;73;19;29;0.0;0.0;0;126.0;14.0;16.0;46.7;0;0;0;1;Defesa
395;396;Marinho;br BRA;AT;Flamengo;32;1990;14.8;6;1;0;21;70;6;90;7;11;2.0;0.0;0;58.0;3.0;9.0;25.0;0;1;0;0;Ataque
396;397;Rodriguinho Marinho;br BRA;ATLT;Cuiabá;34;1988;16.3;0;0;0;15;22;6;7;4;6;0.0;0.0;0;71.0;28.0;42.0;40.0;0;1;1;0;Ataque
397;398;Marlon;br BRA;ZG;América (MG);28;1994;22.6;5;1;0;32;29;0;63;39;37;0.0;0.0;0;158.0;29.0;19.0;60.4;0;0;0;1;Defesa
398;399;Marlon;br BRA;ZG;Fluminense;25;1997;3.0;0;0;0;6;1;0;15;5;4;0.0;0.0;0;15.0;2.0;0.0;100.0;0;0;0;1;Defesa
399;400;Marlon;br BRA;LTAT;Juventude;32;1990;4.5;1;0;0;13;6;0;10;6;2;0.0;0.0;0;23.0;2.0;4.0;33.3;0;1;1;0;Ataque
400;401;Marlos;ua UKR;LTAT;Atl Paranaense;34;1988;1.7;0;0;0;1;2;0;4;0;0;0.0;0.0;0;7.0;1.0;2.0;33.3;0;1;1;0;Ataque
401;402;Felipe Marques;br BRA;ATLT;Cuiabá;32;1990;10.1;1;0;0;11;18;4;38;13;7;1.0;0.0;0;38.0;7.0;14.0;33.3;0;1;1;0;Ataque
402;403;Gustavo Marques;br BRA;ZG;América (MG);21;2001;0.5;0;0;0;1;0;0;0;0;0;0.0;0.0;0;3.0;1.0;0.0;100.0;0;0;0;1;Defesa
403;404;Marquinhos;br BRA;LT;São Paulo;19;2003;0.3;0;0;0;0;0;0;1;0;1;0.0;0.0;0;1.0;0.0;0.0;;0;0;1;0;Defesa
404;405;Marquinhos;br BRA;ATLT;Cuiabá;25;1997;2.2;0;0;0;3;10;0;4;3;5;0.0;0.0;0;19.0;1.0;2.0;33.3;0;1;1;0;Ataque
405;406;Marrony;br BRA;ATLT;Fluminense;23;1999;2.0;1;1;0;4;11;0;5;1;3;0.0;0.0;0;15.0;5.0;6.0;45.5;0;1;1;0;Ataque
406;407;Matheus Martinelli;br BRA;LT;Fluminense;21;2001;16.3;1;0;0;22;8;0;11;10;24;0.0;0.0;0;86.0;17.0;18.0;48.6;0;0;1;0;Defesa
407;408;Adrián Martínez;ar ARG;ATLT;Coritiba;30;1992;11.1;7;0;0;22;9;6;4;4;5;0.0;0.0;0;18.0;18.0;41.0;30.5;0;1;1;0;Ataque
408;409;Matheus Martins;br BRA;ATLT;Fluminense;19;2003;16.5;2;0;0;17;40;12;47;10;15;2.0;0.0;0;62.0;4.0;24.0;14.3;0;1;1;0;Ataque
409;410;Wellington Martins;br BRA;LT;Fluminense;31;1991;7.0;2;0;0;9;5;0;3;7;3;0.0;0.0;0;29.0;2.0;3.0;40.0;0;0;1;0;Defesa
410;411;Gonzalo Mastriani;uy URU;AT;América (MG);29;1993;5.0;1;0;0;9;7;1;1;0;2;1.0;0.0;0;15.0;9.0;22.0;29.0;0;1;0;0;Ataque
411;412;Mateusão;br BRA;AT;Flamengo;18;2004;2.2;0;0;0;2;4;1;2;0;0;1.0;0.0;0;5.0;6.0;9.0;40.0;0;1;0;0;Ataque
412;413;William Matheus;br BRA;ZG;Juventude;32;1990;10.1;4;1;0;14;6;0;16;5;6;0.0;2.0;0;39.0;18.0;12.0;60.0;0;0;0;1;Defesa
413;414;Matheusinho;br BRA;LTAT;América (MG);24;1998;14.6;2;1;0;18;33;3;41;16;15;0.0;0.0;0;104.0;6.0;13.0;31.6;0;1;1;0;Ataque
414;415;Matheuzinho;br BRA;ZG;Flamengo;22;2000;23.0;4;0;0;24;10;0;68;26;38;0.0;1.0;0;118.0;21.0;15.0;58.3;0;0;0;1;Defesa
415;416;Diego Matos;br BRA;ZG;Avaí;25;1997;1.2;2;1;1;2;0;0;2;2;3;0.0;0.0;0;7.0;2.0;1.0;66.7;0;0;0;1;Defesa
416;417;Mauricio;br BRA;ATLT;Internacional;21;2001;16.6;2;0;0;7;27;2;41;14;8;0.0;0.0;0;76.0;7.0;21.0;25.0;0;1;1;0;Ataque
417;418;Maycon;br BRA;LT;Corinthians;25;1997;7.9;3;0;0;11;4;0;33;10;3;0.0;0.0;0;39.0;1.0;5.0;16.7;0;0;1;0;Defesa
418;419;Mayke;br BRA;ZGAT;Palmeiras;29;1992;15.0;1;0;0;14;10;3;55;28;20;0.0;0.0;0;93.0;26.0;17.0;60.5;0;1;0;1;Ataque
419;420;Bruno Melo;br BRA;ZGLT;Corinthians;30;1992;4.1;1;0;0;6;4;2;9;2;1;0.0;0.0;0;11.0;21.0;10.0;67.7;0;0;1;1;Defesa
420;421;Felipe Melo;br BRA;ZGLT;Fluminense;39;1983;7.9;6;0;0;14;14;0;0;11;5;0.0;0.0;0;34.0;10.0;9.0;52.6;0;0;1;1;Defesa
421;422;Darlan Mendes;br BRA;LTAT;Juventude;24;1998;1.3;1;0;0;1;2;0;2;1;1;0.0;0.0;0;8.0;0.0;1.0;0.0;0;1;1;0;Ataque
422;423;Vitor Mendes;br BRA;ZG;Juventude;23;1999;16.3;9;1;1;15;15;0;0;23;8;0.0;1.0;0;60.0;36.0;23.0;61.0;0;0;0;1;Defesa
423;424;Bruno Méndez;uy URU;ZG;Internacional;23;1999;4.8;1;0;0;3;1;0;1;6;3;0.0;0.0;0;22.0;11.0;10.0;52.4;0;0;0;1;Defesa
424;425;Bruno Méndez;uy URU;ZG;Corinthians;23;1999;12.2;1;0;0;7;5;1;10;18;19;0.0;0.0;0;44.0;28.0;19.0;59.6;0;0;0;1;Defesa
425;426;Stiven Mendoza;co COL;AT;Ceará;30;1992;24.9;6;0;0;27;54;12;50;4;8;0.0;0.0;0;105.0;20.0;23.0;46.5;0;1;0;0;Ataque
426;427;Ramon Menezes Roma;br BRA;ZG;Atl Goianiense;27;1995;14.0;2;0;0;10;0;0;0;15;3;0.0;0.0;0;66.0;46.0;25.0;64.8;0;0;0;1;Defesa
427;428;Gabriel Menino;br BRA;LT;Palmeiras;22;2000;9.6;3;1;0;12;18;1;30;11;16;0.0;0.0;0;57.0;17.0;14.0;54.8;0;0;1;0;Defesa
428;429;Gabriel Mercado;ar ARG;ZG;Internacional;35;1987;22.6;9;1;1;22;18;2;4;29;19;1.0;0.0;0;90.0;37.0;33.0;52.9;0;0;0;1;Defesa
429;430;John Mercado;ec ECU;AT;Atl Paranaense;20;2002;0.0;0;0;0;0;0;0;1;0;0;0.0;0.0;0;1.0;0.0;0.0;;0;1;0;0;Ataque
430;431;Miguel Merentiel;uy URU;ATLT;Palmeiras;26;1996;2.6;0;0;0;2;1;1;1;0;0;0.0;0.0;0;4.0;1.0;6.0;14.3;0;1;1;0;Ataque
431;432;Messias;br BRA;ZG;Ceará;28;1994;23.0;4;0;0;23;7;0;1;23;8;0.0;1.0;0;69.0;75.0;14.0;84.3;0;0;0;1;Defesa
432;433;Lucas Mezenga;br BRA;ZG;Botafogo (RJ);21;2001;3.1;1;0;0;5;1;1;0;8;4;0.0;1.0;0;21.0;11.0;4.0;73.3;0;0;0;1;Defesa
433;434;Michel;br BRA;ZG;Ceará;32;1990;11.8;2;0;0;12;14;1;34;15;8;0.0;0.0;0;57.0;20.0;10.0;66.7;0;0;0;1;Defesa
434;435;Carlos Miguel;br BRA;G;Corinthians;24;1998;2.0;0;0;0;0;0;0;0;0;0;0.0;0.0;0;0.0;0.0;0.0;;1;0;0;0;Defesa
435;436;Fernando Miguel;br BRA;G;Fortaleza;37;1985;18.0;2;0;0;0;4;0;0;0;0;0.0;0.0;0;10.0;4.0;0.0;100.0;1;0;0;0;Defesa
436;437;Miranda;br BRA;ZG;São Paulo;38;1984;12.8;4;0;0;14;9;0;0;13;15;0.0;0.0;0;63.0;21.0;25.0;45.7;0;0;0;1;Defesa
437;438;Paulo Miranda;br BRA;ZG;Juventude;34;1988;16.4;4;0;0;18;7;0;0;22;4;0.0;3.0;1;63.0;50.0;28.0;64.1;0;0;0;1;Defesa
438;439;Paulinho Moccelin;br BRA;LTAT;Juventude;28;1994;4.3;2;2;0;14;8;2;14;4;7;0.0;0.0;0;25.0;4.0;11.0;26.7;0;1;1;0;Ataque
439;440;Moisés;br BRA;ZG;Internacional;27;1995;6.5;5;0;0;9;8;1;15;6;8;0.0;0.0;0;42.0;9.0;4.0;69.2;0;0;0;1;Defesa
440;441;Moises;br BRA;ATLT;Fortaleza;26;1996;24.6;0;0;0;10;22;5;27;10;11;0.0;0.0;0;76.0;15.0;33.0;31.3;0;1;1;0;Ataque
441;442;Rodrigo Moledo;br BRA;ZG;Internacional;35;1987;13.5;3;0;0;10;13;1;0;23;16;1.0;0.0;0;52.0;44.0;22.0;66.7;0;0;0;1;Defesa
442;443;Jacob Montes;us USA;LT;Botafogo (RJ);24;1998;0.9;0;0;0;0;0;0;0;1;0;0.0;0.0;0;3.0;0.0;0.0;;0;0;1;0;Defesa
443;444;Moraes;br BRA;ZG;Juventude;25;1997;14.2;3;0;0;11;13;3;50;26;18;0.0;0.0;0;97.0;13.0;17.0;43.3;0;0;0;1;Defesa
444;445;Airton Moraes;br BRA;G;América (MG);28;1994;1.0;0;0;0;0;0;0;0;0;0;0.0;0.0;0;1.0;0.0;0.0;;1;0;0;0;Defesa
445;446;Júnior Moraes;ua UKR;AT;Corinthians;35;1987;4.5;1;0;0;10;5;0;2;2;4;0.0;0.0;0;10.0;6.0;9.0;40.0;0;1;0;0;Ataque
446;447;Wesley Moraes;br BRA;AT;Internacional;25;1996;3.3;1;0;0;6;6;3;0;0;0;0.0;0.0;0;7.0;7.0;9.0;43.8;0;1;0;0;Ataque
447;448;Morato;br BRA;ATLT;Avaí;30;1992;7.3;0;1;0;17;19;3;5;2;9;0.0;0.0;0;27.0;2.0;14.0;12.5;0;1;1;0;Ataque
448;449;João Moreira;pt POR;ZG;São Paulo;18;2004;3.2;1;0;0;6;5;0;8;6;2;0.0;1.0;0;18.0;4.0;1.0;80.0;0;0;0;1;Defesa
449;450;Lucas Moreira;br BRA;LT;Cuiabá;22;2000;1.1;0;0;0;4;0;0;3;0;0;0.0;0.0;0;7.0;0.0;1.0;0.0;0;0;1;0;Defesa
450;451;Gustavo Mosquito;br BRA;ATLT;Corinthians;25;1997;12.6;1;0;0;9;26;1;51;4;4;0.0;0.0;0;55.0;3.0;14.0;17.6;0;1;1;0;Ataque
451;452;Hugo Moura;br BRA;LT;Atl Paranaense;24;1998;19.4;5;1;0;31;20;1;8;43;23;0.0;2.0;0;128.0;18.0;13.0;58.1;0;0;1;0;Defesa
452;453;Alex Muralha;br BRA;G;Coritiba;32;1989;19.0;1;0;0;0;4;0;0;0;0;0.0;0.0;0;17.0;7.0;2.0;77.8;1;0;0;0;Defesa
453;454;Muriqui;br BRA;ATLT;Avaí;36;1986;14.3;2;0;0;15;30;6;12;10;6;1.0;0.0;0;44.0;12.0;21.0;36.4;0;1;1;0;Ataque
454;455;Andrey Ramos do Nascimento;br BRA;LT;Coritiba;24;1998;5.4;1;0;0;11;12;0;8;7;11;1.0;0.0;0;35.0;3.0;4.0;42.9;0;0;1;0;Defesa
455;456;Matheus Nascimento;br BRA;ATLT;Botafogo (RJ);18;2004;6.4;1;0;0;11;10;1;1;1;4;1.0;0.0;0;13.0;17.0;29.0;37.0;0;1;1;0;Ataque
456;457;Natan;br BRA;ZG;Bragantino;21;2001;30.0;4;0;0;18;17;1;8;29;24;0.0;0.0;0;116.0;57.0;52.0;52.3;0;0;0;1;Defesa
457;458;Natanael;br BRA;ZG;Coritiba;20;2002;14.5;3;0;0;20;25;0;38;19;24;0.0;0.0;0;80.0;10.0;14.0;41.7;0;0;0;1;Defesa
458;459;Natanael;br BRA;ZGAT;Avaí;31;1990;11.4;0;0;0;14;12;2;94;11;17;0.0;0.0;0;60.0;7.0;7.0;50.0;0;1;0;1;Ataque
459;460;Léo Natel;br BRA;AT;Corinthians;25;1997;0.3;0;0;0;0;1;0;2;0;0;0.0;0.0;0;2.0;0.0;1.0;0.0;0;1;0;0;Ataque
460;461;Nathan;br BRA;ZG;Santos;21;2001;5.0;1;1;0;7;2;0;6;6;3;0.0;1.0;0;23.0;5.0;8.0;38.5;0;0;0;1;Defesa
461;462;Nathan;br BRA;LTAT;Fluminense;26;1996;10.0;3;0;0;13;10;1;54;10;11;0.0;0.0;0;30.0;12.0;12.0;50.0;0;1;1;0;Ataque
462;463;Nathan;br BRA;ZG;Coritiba;20;2002;4.5;1;1;0;8;12;0;4;6;4;0.0;0.0;0;27.0;9.0;6.0;60.0;0;0;0;1;Defesa
463;464;Nathan;br BRA;ATLT;Avaí;23;1999;1.1;0;0;0;1;0;0;0;0;3;0.0;0.0;0;6.0;5.0;6.0;45.5;0;1;1;0;Ataque
464;465;Rafael Navarro;br BRA;AT;Palmeiras;22;2000;7.7;0;0;0;34;11;6;6;0;9;0.0;0.0;0;23.0;17.0;46.0;27.0;0;1;0;0;Ataque
465;466;Kaiky Naves;br BRA;ZGLT;Palmeiras;20;2002;0.4;0;0;0;3;0;0;0;1;0;0.0;0.0;0;3.0;0.0;2.0;0.0;0;0;1;1;Defesa
466;467;Bruno Nazário;br BRA;LT;Juventude;27;1995;6.5;4;0;0;11;13;0;46;1;6;0.0;0.0;0;21.0;3.0;22.0;12.0;0;0;1;0;Defesa
467;468;Neílton;br BRA;ATZG;Coritiba;28;1994;0.9;1;0;0;1;2;0;4;1;1;0.0;0.0;0;3.0;0.0;0.0;;0;1;0;1;Ataque
468;469;Gabriel Neris;br BRA;LTZG;Juventude;21;2001;1.4;2;0;0;3;3;0;1;4;1;0.0;0.0;0;5.0;3.0;3.0;50.0;0;0;1;1;Defesa
469;470;Gustavo Nescau;br BRA;AT;Cuiabá;22;2000;0.3;1;0;0;0;0;0;0;0;0;0.0;0.0;0;1.0;2.0;4.0;33.3;0;1;0;0;Ataque
470;471;Rodrigo Nestor;br BRA;LT;São Paulo;22;2000;22.8;7;0;0;39;15;2;80;24;18;0.0;0.0;0;118.0;10.0;17.0;37.0;0;0;1;0;Defesa
471;472;Gabriel Neves;uy URU;LT;São Paulo;25;1997;6.3;4;0;0;11;1;0;0;9;11;0.0;0.0;0;47.0;4.0;5.0;44.4;0;0;1;0;Defesa
472;473;Nicolas;br BRA;ATLT;Goiás;33;1989;9.9;0;0;0;24;21;10;2;2;3;0.0;0.0;0;29.0;69.0;67.0;50.7;0;1;1;0;Ataque
473;474;Nikão;br BRA;ATLT;São Paulo;30;1992;5.8;2;0;0;2;12;3;36;1;1;0.0;0.0;0;11.0;2.0;5.0;28.6;0;1;1;0;Ataque
474;475;Nino;br BRA;ZG;Fluminense;25;1997;25.9;4;0;0;24;38;2;1;31;21;0.0;1.0;0;127.0;58.0;34.0;63.0;0;0;0;1;Defesa
475;476;Gabriel Noga;br BRA;ZG;Atl Goianiense;20;2002;0.0;0;0;0;0;0;0;0;0;0;;;0;;;;;0;0;0;1;Defesa
476;477;Ygor Nogueira;br BRA;ZG;Juventude;27;1995;5.0;1;0;0;3;3;0;0;9;5;0.0;1.0;0;23.0;10.0;6.0;62.5;0;0;0;1;Defesa
477;478;Nonato;br BRA;LT;Fluminense;24;1998;12.1;3;1;0;16;33;1;38;12;14;0.0;0.0;0;65.0;13.0;17.0;43.3;0;0;1;0;Defesa
478;479;Nonoca;br BRA;LT;Avaí;24;1998;9.5;4;0;0;20;22;0;1;8;13;0.0;1.0;0;78.0;11.0;8.0;57.9;0;0;1;0;Defesa
479;480;Gabriel Novaes;br BRA;ATLT;Bragantino;23;1999;3.1;2;0;0;7;7;2;1;1;1;1.0;0.0;0;6.0;4.0;5.0;44.4;0;1;1;0;Ataque
480;481;Thales Oleques;br BRA;ZG;Avaí;28;1994;4.2;1;0;0;1;0;0;16;4;4;0.0;0.0;0;21.0;3.0;6.0;33.3;0;0;0;1;Defesa
481;482;Bruno Oliveira;br BRA;LTAT;Santos;24;1998;5.0;2;0;0;6;18;0;33;2;4;0.0;0.0;0;35.0;0.0;5.0;0.0;0;1;1;0;Ataque
482;483;Yuri Oliveira Lima;br BRA;LT;Juventude;28;1994;14.8;6;1;0;36;8;0;6;16;14;0.0;0.0;0;68.0;12.0;16.0;42.9;0;0;1;0;Defesa
483;484;Pedro Oliveira;br BRA;LTAT;Goiás;18;2004;3.3;1;0;0;4;6;1;10;2;7;0.0;0.0;0;20.0;1.0;9.0;10.0;0;1;1;0;Ataque
484;485;Leo Ortiz;br BRA;ZG;Bragantino;26;1996;21.4;4;0;0;14;8;1;13;27;11;0.0;0.0;0;132.0;45.0;20.0;69.2;0;0;0;1;Defesa
485;486;Kelvin Osorio;co COL;LTZG;Cuiabá;29;1993;10.1;2;0;0;18;5;2;69;8;14;0.0;1.0;0;45.0;22.0;14.0;61.1;0;0;1;1;Defesa
486;487;Otávio;br BRA;LT;Atlético Mineiro;28;1994;11.9;2;0;0;25;6;0;5;12;15;0.0;0.0;0;87.0;7.0;8.0;46.7;0;0;1;0;Defesa
487;488;Luiz Otávio;br BRA;ZG;Ceará;34;1988;20.2;7;1;0;20;9;1;1;47;21;0.0;3.0;0;73.0;67.0;38.0;63.8;0;0;0;1;Defesa
488;489;Rómulo Otero;ve VEN;LTAT;Fortaleza;30;1992;2.6;0;0;0;5;11;1;30;0;1;0.0;0.0;0;10.0;2.0;7.0;22.2;0;1;1;0;Ataque
489;490;Luis Oyama;br BRA;LT;Botafogo (RJ);25;1997;12.0;1;0;0;21;21;0;1;17;17;0.0;0.0;0;86.0;9.0;7.0;56.3;0;0;1;0;Defesa
490;491;Pablo;br BRA;AT;Atl Paranaense;30;1992;16.0;6;0;0;38;18;14;5;10;10;0.0;0.0;0;50.0;51.0;53.0;49.0;0;1;0;0;Ataque
491;492;Pablo;br BRA;ZG;Flamengo;31;1991;20.6;5;0;0;30;5;1;1;33;17;0.0;0.0;0;125.0;54.0;22.0;71.1;0;0;0;1;Defesa
492;493;Juan Pablo;br BRA;ZGLT;Goiás;20;2002;1.9;0;0;0;6;0;0;2;2;2;0.0;0.0;0;10.0;3.0;2.0;60.0;0;0;1;1;Defesa
493;494;Juan Pablo Ramírez;co COL;LTAT;América (MG);24;1997;4.1;3;0;0;11;11;1;5;3;3;0.0;0.0;0;28.0;3.0;6.0;33.3;0;1;1;0;Ataque
494;495;Bruno Pacheco;br BRA;ZG;Ceará;30;1991;25.1;5;1;0;39;48;3;64;28;30;;;0;;;;;0;0;0;1;Defesa
495;496;Igor Paixão;br BRA;ATLT;Coritiba;22;2000;17.2;3;0;0;10;43;0;83;15;9;0.0;0.0;0;66.0;19.0;24.0;44.2;0;1;1;0;Ataque
496;497;Pará;br BRA;LT;Juventude;20;2002;0.3;0;0;0;1;0;0;0;0;1;0.0;0.0;0;2.0;0.0;1.0;0.0;0;0;1;0;Defesa
497;498;Nino Paraíba;br BRA;ZG;Ceará;36;1986;24.4;11;0;0;34;45;1;170;37;22;1.0;0.0;0;122.0;34.0;35.0;49.3;0;0;0;1;Defesa
498;499;Guilherme Parede;br BRA;ATLT;Juventude;27;1995;6.1;2;0;0;7;5;1;25;3;2;;;0;;;;;0;1;1;0;Ataque
499;500;Weslley Patati;br BRA;AT;Santos;19;2003;0.2;0;0;0;0;1;0;0;0;0;;;0;;;;;0;1;0;0;Ataque
500;501;Patrick;br BRA;LTAT;São Paulo;30;1992;21.8;6;0;0;30;38;3;63;13;36;0.0;0.0;0;110.0;30.0;45.0;40.0;0;1;1;0;Ataque
501;502;Alan Patrick;br BRA;LTAT;Internacional;31;1991;17.5;3;0;0;21;41;1;56;6;3;0.0;0.0;0;104.0;7.0;14.0;33.3;0;1;1;0;Ataque
502;503;Luan Patrick;br BRA;ZG;América (MG);20;2002;9.0;3;0;0;7;3;0;12;12;6;0.0;0.0;0;46.0;7.0;7.0;50.0;0;0;0;1;Defesa
503;504;Patryck;br BRA;ZG;São Paulo;19;2003;0.3;0;0;0;0;0;0;0;0;1;0.0;0.0;0;3.0;0.0;0.0;;0;0;0;1;Defesa
504;505;Giuliano de Paula;br BRA;LT;Corinthians;32;1990;17.9;2;0;0;15;15;2;18;10;12;0.0;0.0;0;97.0;8.0;16.0;33.3;0;0;1;0;Defesa
505;506;Patrick de Paula;br BRA;LT;Botafogo (RJ);23;1999;10.6;4;0;0;12;24;0;14;16;6;0.0;1.0;0;66.0;11.0;11.0;50.0;0;0;1;0;Defesa
506;507;Paulão;br BRA;ZG;Cuiabá;36;1986;8.0;2;1;1;7;1;0;3;8;1;0.0;1.0;1;20.0;28.0;7.0;80.0;0;0;0;1;Defesa
507;508;Paulinho;br BRA;ATLT;América (MG);24;1998;3.2;0;0;0;6;11;4;12;0;1;1.0;0.0;0;9.0;0.0;5.0;0.0;0;1;1;0;Ataque
508;509;Paulinho;br BRA;LT;Corinthians;34;1988;1.8;0;0;0;2;1;0;0;0;0;0.0;0.0;0;11.0;5.0;9.0;35.7;0;0;1;0;Defesa
509;510;Caio Paulista;br BRA;ZG;Fluminense;24;1998;17.9;3;1;0;10;24;2;42;11;19;0.0;0.0;0;100.0;10.0;16.0;38.5;0;0;0;1;Defesa
510;511;Wellington Paulista;br BRA;AT;América (MG);38;1984;5.3;2;0;0;11;7;4;3;0;0;0.0;0.0;0;14.0;10.0;12.0;45.5;0;1;0;0;Ataque
511;512;João Paulo;br BRA;ZG;América (MG);36;1986;3.9;0;0;0;2;0;0;21;7;5;0.0;0.0;0;21.0;6.0;6.0;50.0;0;0;0;1;Defesa
512;513;João Paulo;br BRA;G;Santos;27;1995;35.0;5;0;0;0;7;0;0;1;2;0.0;0.0;0;39.0;8.0;2.0;80.0;1;0;0;0;Defesa
513;514;Marcos Paulo;br BRA;ZG;Flamengo;19;2003;0.3;1;0;0;2;0;0;0;2;2;0.0;0.0;0;3.0;0.0;0.0;;0;0;0;1;Defesa
514;515;Cristian Pavón;ar ARG;ATLT;Atlético Mineiro;26;1996;7.5;2;0;0;11;9;1;31;3;7;0.0;0.0;0;51.0;5.0;11.0;31.3;0;1;1;0;Ataque
515;516;Pedrinho;br BRA;ATLT;América (MG);22;1999;10.8;3;0;0;19;10;4;26;8;6;0.0;0.0;0;60.0;3.0;7.0;30.0;0;1;1;0;Ataque
516;517;Pedrinho;br BRA;ZGAT;Atl Paranaense;20;2002;15.2;4;0;0;19;8;1;49;27;11;0.0;0.0;0;82.0;12.0;12.0;50.0;0;1;0;1;Ataque
517;518;Pedrinho;br BRA;LTAT;Atlético Mineiro;24;1998;2.5;0;0;0;1;6;0;7;3;3;0.0;0.0;0;19.0;3.0;3.0;50.0;0;1;1;0;Ataque
518;519;Pedrinho;br BRA;AT;Flamengo;19;2003;0.1;0;0;0;0;0;0;0;0;0;0.0;0.0;0;0.0;0.0;1.0;0.0;0;1;0;0;Ataque
519;520;Pedro;br BRA;AT;Flamengo;25;1997;13.0;3;0;0;18;15;4;3;3;3;1.0;0.0;0;25.0;29.0;16.0;64.4;0;1;0;0;Ataque
520;521;João Pedro;br BRA;ZGAT;Corinthians;25;1996;1.3;1;0;0;1;0;0;0;1;0;0.0;0.0;0;4.0;2.0;0.0;100.0;0;1;0;1;Ataque
521;522;João Pedro Pepê;br BRA;LT;Cuiabá;24;1998;25.8;4;0;0;40;44;0;73;17;34;0.0;0.0;0;153.0;26.0;29.0;47.3;0;0;1;0;Defesa
522;523;Peglow;br BRA;ATLT;Atl Goianiense;20;2002;2.6;1;0;0;2;5;1;14;4;4;0.0;0.0;0;14.0;3.0;3.0;50.0;0;1;1;0;Ataque
523;524;Pegorari;br BRA;G;Juventude;31;1991;11.7;3;0;0;0;2;0;0;0;0;0.0;0.0;0;10.0;3.0;0.0;100.0;1;0;0;0;Defesa
524;525;Matheus Peixoto;br BRA;AT;Ceará;26;1995;5.2;0;0;0;7;10;4;1;2;3;0.0;0.0;0;9.0;19.0;33.0;36.5;0;1;0;0;Ataque
525;526;Douglas Pelé;br BRA;ZG;Goiás;23;1999;0.5;0;0;0;0;1;0;0;1;1;0.0;0.0;0;1.0;0.0;4.0;0.0;0;0;0;1;Defesa
526;527;Léo Pelé;br BRA;ZG;São Paulo;26;1996;26.6;4;1;0;25;11;0;9;14;15;0.0;1.0;0;105.0;38.0;31.0;55.1;0;0;0;1;Defesa
527;528;Carlos de Pena;uy URU;LTAT;Internacional;30;1992;28.3;6;0;0;28;23;0;166;53;24;0.0;0.0;0;188.0;30.0;30.0;50.0;0;1;1;0;Ataque
528;529;Andreas Pereira;br BRA;LT;Flamengo;26;1996;8.8;2;0;0;14;8;1;51;4;5;0.0;0.0;0;44.0;9.0;8.0;52.9;0;0;1;0;Defesa
529;530;Egídio Pereira Júnior;br BRA;ZGLT;Coritiba;36;1986;13.9;1;1;0;14;18;2;116;20;13;0.0;1.0;0;98.0;11.0;8.0;57.9;0;0;1;1;Defesa
530;531;Léo Pereira;br BRA;ZG;Flamengo;26;1996;11.4;4;0;0;14;8;2;6;11;8;0.0;1.0;0;63.0;23.0;10.0;69.7;0;0;0;1;Defesa
531;532;Hernán Pérez;py PAR;AT;Coritiba;33;1989;1.1;1;0;0;5;2;0;4;0;0;0.0;0.0;0;4.0;2.0;3.0;40.0;0;1;0;0;Ataque
532;533;Lucas Perri;br BRA;G;Botafogo (RJ);24;1997;1.8;1;0;0;0;0;0;0;0;0;0.0;0.0;0;0.0;4.0;0.0;100.0;1;0;0;0;Defesa
533;534;Petterson;br BRA;ATLT;Flamengo;18;2004;0.3;0;0;0;1;0;0;1;0;0;0.0;0.0;0;1.0;0.0;1.0;0.0;0;1;1;0;Ataque
534;535;Yan Phillipe;br BRA;AT;Atlético Mineiro;18;2004;0.2;0;0;0;0;3;0;1;0;0;0.0;0.0;0;2.0;0.0;0.0;;0;1;0;0;Ataque
535;536;Lucas Piazon;br BRA;ATLT;Botafogo (RJ);28;1994;8.3;2;0;0;7;6;1;23;2;9;0.0;0.0;0;41.0;10.0;19.0;34.5;0;1;1;0;Ataque
536;537;Yago Pikachu;br BRA;ZGLT;Fortaleza;30;1992;13.4;3;0;0;12;30;2;48;5;9;0.0;0.0;0;82.0;4.0;14.0;22.2;0;0;1;1;Defesa
537;538;Mario Pineida;ec ECU;ZG;Fluminense;30;1992;3.7;0;0;0;7;6;0;9;2;2;0.0;0.0;0;12.0;5.0;1.0;83.3;0;0;0;1;Defesa
538;539;Joaquín Piquerez;uy URU;ZG;Palmeiras;24;1998;24.7;5;0;0;22;22;0;54;38;36;0.0;1.0;0;166.0;18.0;18.0;50.0;0;0;0;1;Defesa
539;540;Gabriel Pirani;br BRA;ATLT;Santos;20;2002;0.5;0;0;0;3;1;0;2;0;0;0.0;0.0;0;2.0;0.0;0.0;;0;1;1;0;Ataque
540;541;Gabriel Pirani;br BRA;LTAT;Cuiabá;20;2002;4.9;1;0;0;6;4;1;14;2;3;0.0;0.0;0;23.0;1.0;1.0;50.0;0;1;1;0;Ataque
541;542;Felipe Pires;br BRA;LTAT;Juventude;27;1995;6.7;4;0;0;14;14;3;9;0;1;0.0;0.0;0;22.0;2.0;3.0;40.0;0;1;1;0;Ataque
542;543;Rafael Pires;br BRA;G;Atlético Mineiro;33;1989;1.0;0;0;0;0;0;0;0;0;0;0.0;0.0;0;2.0;0.0;0.0;;1;0;0;0;Defesa
543;544;Lucas Piton;br BRA;ZGAT;Corinthians;22;2000;19.7;2;0;0;40;10;1;86;32;23;0.0;0.0;0;92.0;23.0;27.0;46.0;0;1;0;1;Ataque
544;545;Isidro Pitta;py PAR;AT;Juventude;23;1999;26.8;2;0;0;27;51;18;31;4;6;0.0;0.0;0;51.0;35.0;59.0;37.2;0;1;0;0;Ataque
545;546;Luan Polli;br BRA;G;Atl Goianiense;29;1993;2.0;0;0;0;0;1;0;0;0;0;0.0;0.0;0;1.0;2.0;0.0;100.0;1;0;0;0;Defesa
546;547;Diego Porfirio;br BRA;ZG;Coritiba;23;1999;5.0;4;1;1;3;6;1;11;5;6;0.0;0.0;0;23.0;4.0;8.0;33.3;0;0;0;1;Defesa
547;548;William Pottker;br BRA;ATLT;Avaí;28;1993;21.9;6;0;0;23;50;12;55;17;11;4.0;1.0;0;117.0;26.0;49.0;34.7;0;1;1;0;Ataque
548;549;Bruno Praxedes;br BRA;LT;Bragantino;20;2002;6.5;3;0;0;13;19;2;13;4;3;0.0;0.0;0;40.0;2.0;10.0;16.7;0;0;1;0;Defesa
549;550;Erick Pulgar;cl CHI;LT;Flamengo;28;1994;2.9;1;0;0;8;2;0;2;2;3;0.0;0.0;0;19.0;7.0;4.0;63.6;0;0;1;0;Defesa
550;551;Jean Pyerre;br BRA;LT;Avaí;24;1998;8.4;2;0;0;4;13;1;26;7;4;0.0;0.0;0;51.0;7.0;7.0;50.0;0;0;1;0;Defesa
551;552;Du Queiroz;br BRA;LT;Corinthians;22;2000;26.9;4;0;0;47;9;1;18;33;27;0.0;0.0;0;152.0;12.0;17.0;41.4;0;0;1;0;Defesa
552;553;Igor Rabello;br BRA;ZG;Atlético Mineiro;27;1995;6.7;1;0;0;7;3;0;0;14;5;0.0;0.0;0;27.0;21.0;11.0;65.6;0;0;0;1;Defesa
553;554;Rafael;br BRA;ZG;Botafogo (RJ);32;1990;3.0;1;0;0;7;2;0;9;9;7;0.0;0.0;0;9.0;1.0;4.0;20.0;0;0;0;1;Defesa
554;555;Léo Rafael;br BRA;LT;Ceará;21;2001;0.1;0;0;0;0;0;0;1;0;0;0.0;0.0;0;0.0;0.0;0.0;;0;0;1;0;Defesa
555;556;Zé Rafael;br BRA;LT;Palmeiras;29;1993;27.7;11;1;1;48;62;1;13;27;28;0.0;0.0;0;224.0;32.0;17.0;65.3;0;0;1;0;Defesa
556;557;Rafinha;br BRA;ZG;São Paulo;37;1985;27.5;7;1;1;30;20;0;29;30;32;0.0;0.0;0;141.0;18.0;17.0;51.4;0;0;0;1;Defesa
557;558;Rafinha;au AUS;ATLT;Juventude;19;2002;3.9;0;0;0;3;1;0;5;4;2;0.0;0.0;0;13.0;4.0;3.0;57.1;0;1;1;0;Ataque
558;559;Eric Ramires;br BRA;LTAT;Bragantino;22;2000;12.9;1;2;0;18;11;0;13;4;16;1.0;1.0;0;86.0;5.0;21.0;19.2;0;1;1;0;Ataque
559;560;Ramon;br BRA;ZG;Bragantino;21;2001;7.5;2;1;0;11;7;0;30;11;9;0.0;0.0;0;53.0;8.0;11.0;42.1;0;0;0;1;Defesa
560;561;Lucas Ramos;br BRA;LTAT;Internacional;21;2001;0.6;0;0;0;1;4;0;1;2;0;0.0;0.0;0;5.0;1.0;1.0;50.0;0;1;1;0;Ataque
561;562;Rafael Ramos;pt POR;ZG;Corinthians;27;1995;14.0;3;0;0;21;14;0;36;18;23;0.0;0.0;0;79.0;8.0;24.0;25.0;0;0;0;1;Defesa
562;563;Raniele;br BRA;LTZG;Avaí;25;1996;31.3;9;0;0;38;87;0;13;39;33;3.0;0.0;0;139.0;70.0;56.0;55.6;0;0;1;1;Defesa
563;564;Wellington Rato;br BRA;ATLT;Atl Goianiense;30;1992;29.4;3;0;0;30;48;5;105;8;21;0.0;0.0;0;143.0;18.0;27.0;40.0;0;1;1;0;Ataque
564;565;Raul;br BRA;LT;Bragantino;26;1996;26.8;3;0;0;35;48;0;8;47;39;0.0;1.0;0;178.0;19.0;22.0;46.3;0;0;1;0;Defesa
565;566;Pedro Raul;br BRA;AT;Goiás;26;1996;29.6;7;0;0;47;30;19;7;4;9;0.0;0.0;0;58.0;94.0;131.0;41.8;0;1;0;0;Ataque
566;567;Leonardo Realpe;ec ECU;ZG;Bragantino;21;2001;6.4;3;0;0;6;2;0;2;15;3;0.0;0.0;0;47.0;10.0;11.0;47.6;0;0;0;1;Defesa
567;568;Régis;br BRA;LT;Coritiba;29;1992;7.2;2;0;0;14;9;1;27;1;7;1.0;0.0;0;24.0;3.0;15.0;16.7;0;0;1;0;Defesa
568;569;Reinaldo;br BRA;ZGAT;São Paulo;33;1989;16.1;3;0;0;16;12;1;138;9;12;0.0;0.0;0;79.0;7.0;10.0;41.2;0;1;0;1;Ataque
569;570;César Reis;br BRA;G;Juventude;27;1995;23.3;1;0;0;0;4;0;0;0;0;0.0;0.0;0;18.0;5.0;0.0;100.0;1;0;0;0;Defesa
570;571;Renan;br BRA;ZG;Bragantino;20;2002;3.2;1;0;0;2;1;0;0;2;3;0.0;0.0;1;22.0;3.0;7.0;30.0;0;0;0;1;Defesa
571;572;Robert Renan;br BRA;ZG;Corinthians;19;2003;8.0;2;0;0;5;2;0;0;16;7;0.0;0.0;0;32.0;7.0;15.0;31.8;0;0;0;1;Defesa
572;573;Renato;br BRA;ZGLT;Avaí;32;1990;11.3;2;0;0;11;25;5;63;8;9;0.0;0.0;0;53.0;19.0;27.0;41.3;0;0;1;1;Defesa
573;574;Renê;br BRA;ZG;Internacional;30;1992;26.5;0;0;0;20;26;0;39;51;49;0.0;1.0;0;177.0;22.0;20.0;52.4;0;0;0;1;Defesa
574;575;Réver;br BRA;ZGLT;Atlético Mineiro;37;1985;8.7;2;0;0;7;5;0;0;10;8;0.0;1.0;0;43.0;22.0;12.0;64.7;0;0;1;1;Defesa
575;576;Rhaldney;br BRA;LTAT;Atl Goianiense;23;1998;1.9;1;0;0;5;2;0;1;2;3;0.0;0.0;0;14.0;5.0;3.0;62.5;0;1;1;0;Ataque
576;577;Everton Ribeiro;br BRA;LTAT;Flamengo;33;1989;19.9;0;0;0;32;62;1;63;19;20;0.0;0.0;0;131.0;11.0;28.0;28.2;0;1;1;0;Ataque
577;578;Lucas Ribeiro;br BRA;ZGLT;Ceará;23;1999;5.6;2;0;0;7;5;0;0;9;0;0.0;0.0;0;30.0;8.0;9.0;47.1;0;0;1;1;Defesa
578;579;Matheus Ribeiro;br BRA;ZG;Avaí;29;1993;0.2;0;0;0;1;0;0;0;0;1;0.0;0.0;0;2.0;0.0;1.0;0.0;0;0;0;1;Defesa
579;580;Wesley Ribeiro;br BRA;LTAT;Corinthians;17;2005;0.1;0;0;0;1;0;0;0;0;0;0.0;0.0;0;1.0;0.0;0.0;;0;1;1;0;Ataque
580;581;Ricardinho;br BRA;AT;Atl Goianiense;21;2001;2.6;2;0;0;4;3;2;1;0;0;0.0;0.0;0;5.0;4.0;11.0;26.7;0;1;0;0;Ataque
581;582;João Ricardo Riedi;br BRA;G;Ceará;34;1988;34.0;5;0;0;0;1;0;0;0;1;0.0;0.0;0;32.0;9.0;0.0;100.0;1;0;0;0;Defesa
582;583;Vitor Ricardo;br BRA;ZG;Fortaleza;22;2000;1.3;1;0;0;0;0;0;6;0;2;0.0;0.0;0;7.0;1.0;1.0;50.0;0;0;0;1;Defesa
583;584;Zé Ricardo;br BRA;LT;América (MG);26;1996;2.6;0;0;0;5;4;0;2;5;2;0.0;0.0;0;18.0;1.0;2.0;33.3;0;0;1;0;Defesa
584;585;Richard;br BRA;LT;Ceará;28;1994;25.7;11;1;0;53;34;3;8;34;38;0.0;0.0;0;154.0;59.0;37.0;61.5;0;0;1;0;Defesa
585;586;Richardson;br BRA;LT;Ceará;31;1991;21.5;12;1;0;57;35;0;9;17;27;0.0;1.0;0;108.0;25.0;14.0;64.1;0;0;1;0;Defesa
586;587;Rickson;br BRA;LTAT;Atl Goianiense;24;1998;0.8;1;0;0;2;3;1;1;0;2;0.0;0.0;0;3.0;3.0;7.0;30.0;0;1;1;0;Ataque
587;588;Emiliano Rigoni;ar ARG;ATLT;São Paulo;29;1993;2.7;0;0;0;6;3;0;34;2;3;0.0;0.0;0;13.0;5.0;1.0;83.3;0;1;1;0;Ataque
588;589;Rikelme;br BRA;ZG;Cuiabá;19;2003;0.2;0;0;0;0;1;0;2;1;0;0.0;0.0;0;2.0;1.0;0.0;100.0;0;0;0;1;Defesa
589;590;Rikelmi;br BRA;ZG;Botafogo (RJ);21;2001;0.0;0;0;0;0;0;0;0;0;0;0.0;0.0;0;0.0;0.0;0.0;;0;0;0;1;Defesa
590;591;Cristian Rivas;ve VEN;LT;Cuiabá;25;1997;2.4;2;0;0;3;0;0;1;5;1;0.0;0.0;0;16.0;1.0;0.0;100.0;0;0;1;0;Defesa
591;592;Zé Roberto;br BRA;AT;Ceará;29;1993;8.2;3;1;0;24;25;3;5;7;2;1.0;0.0;0;19.0;34.0;33.0;50.7;0;1;0;0;Ataque
592;593;Robinho;br BRA;LT;Coritiba;34;1987;9.3;2;0;0;13;13;2;58;6;16;0.0;0.0;0;51.0;0.0;3.0;0.0;0;0;1;0;Defesa
593;594;Robson;br BRA;ATLT;Fortaleza;31;1991;16.1;6;0;0;47;37;18;20;6;12;1.0;0.0;0;51.0;42.0;63.0;40.0;0;1;1;0;Ataque
594;595;Felipe Rocha;br BRA;AT;Avaí;20;2002;0.3;0;0;0;0;1;0;0;0;0;0.0;0.0;0;3.0;0.0;1.0;0.0;0;1;0;0;Ataque
595;596;Kaique Rocha;br BRA;ZG;Internacional;21;2001;5.0;2;0;0;3;3;0;1;9;2;0.0;0.0;0;18.0;8.0;4.0;66.7;0;0;0;1;Defesa
596;597;Marcos Rocha;br BRA;ZG;Palmeiras;33;1988;24.2;3;0;0;28;18;0;40;29;53;1.0;0.0;0;159.0;18.0;13.0;58.1;0;0;0;1;Defesa
597;598;Pedro Rocha Neves;br BRA;AT;Atl Paranaense;28;1994;3.1;0;0;0;1;4;1;9;2;1;0.0;0.0;0;12.0;2.0;7.0;22.2;0;1;0;0;Ataque
598;599;Pedro Rocha Neves;br BRA;ATLT;Fortaleza;28;1994;6.2;1;0;0;7;3;5;8;4;3;0.0;0.0;0;22.0;8.0;6.0;57.1;0;1;1;0;Ataque
599;600;Rodinei;br BRA;ZGAT;Flamengo;30;1992;8.1;0;1;0;3;6;0;36;12;17;0.0;0.0;1;35.0;4.0;6.0;40.0;0;1;0;1;Ataque
600;601;Rodrigo;br BRA;ATLT;São Paulo;18;2004;0.8;0;0;0;0;1;0;0;0;1;0.0;0.0;0;4.0;0.0;1.0;0.0;0;1;1;0;Ataque
601;602;Rodrigo;br BRA;ZG;Avaí;24;1998;5.3;2;0;0;3;5;0;2;10;2;0.0;0.0;0;24.0;9.0;6.0;60.0;0;0;0;1;Defesa
602;603;Élton Rodrigues Brandão;br BRA;AT;Cuiabá;37;1985;3.3;1;0;0;7;5;2;4;0;1;0.0;0.0;0;6.0;14.0;12.0;53.8;0;1;0;0;Ataque
603;604;Raphael Rodrigues;br BRA;ZG;Avaí;23;1999;1.4;0;0;0;0;1;0;0;0;0;0.0;0.0;0;4.0;3.0;4.0;42.9;0;0;0;1;Defesa
604;605;Rodriguinho;br BRA;LT;América (MG);19;2003;2.1;2;0;0;5;5;0;10;5;3;0.0;0.0;0;19.0;3.0;4.0;42.9;0;0;1;0;Defesa
605;606;Romarinho;br BRA;ATLT;Fortaleza;28;1994;12.9;4;1;0;18;27;3;34;4;10;0.0;0.0;0;71.0;5.0;17.0;22.7;0;1;1;0;Ataque
606;607;Braian Romero;ar ARG;AT;Internacional;31;1991;3.7;1;0;0;9;8;1;2;1;7;0.0;0.0;0;11.0;5.0;12.0;29.4;0;1;0;0;Ataque
607;608;Silvio Romero;ar ARG;AT;Fortaleza;34;1988;11.7;1;0;0;8;9;12;5;2;2;0.0;0.0;0;28.0;8.0;15.0;34.8;0;1;0;0;Ataque
608;609;Rômulo;br BRA;AT;Atl Paranaense;20;2002;12.7;1;0;0;13;14;1;5;4;12;0.0;0.0;0;48.0;25.0;49.0;33.8;0;1;0;0;Ataque
609;610;Romulo;br BRA;ZG;Juventude;22;2000;1.9;1;0;0;1;2;0;6;2;1;0.0;0.0;0;16.0;3.0;2.0;60.0;0;0;0;1;Defesa
610;611;Rômulo;br BRA;ATLT;Avaí;27;1995;4.7;0;0;0;6;10;0;7;5;4;0.0;0.0;0;18.0;6.0;6.0;50.0;0;1;1;0;Ataque
611;612;Ronald;br BRA;LTAT;Fortaleza;25;1997;11.4;5;0;0;20;8;0;10;8;14;0.0;0.0;0;73.0;5.0;14.0;26.3;0;1;1;0;Ataque
612;613;Ronaldo;br BRA;G;Atl Goianiense;26;1996;18.0;1;0;0;0;2;0;0;0;0;0.0;0.0;0;10.0;2.0;0.0;100.0;1;0;0;0;Defesa
613;614;Budiga Roni;br BRA;LT;Corinthians;23;1999;8.2;5;1;0;15;6;0;5;7;14;0.0;1.0;1;50.0;7.0;7.0;50.0;0;0;1;0;Defesa
614;615;Rony;br BRA;AT;Palmeiras;27;1995;24.9;3;0;0;37;34;27;30;6;8;1.0;0.0;0;53.0;38.0;63.0;37.6;0;1;0;0;Ataque
615;616;Vitor Roque;br BRA;AT;Atl Paranaense;17;2005;13.2;6;0;0;24;41;5;3;8;9;5.0;0.0;0;36.0;19.0;53.0;26.4;0;1;0;0;Ataque
616;617;Ruan;br BRA;ATLT;Juventude;17;2005;1.7;1;0;0;3;3;0;5;0;5;0.0;0.0;0;8.0;3.0;2.0;60.0;0;1;1;0;Ataque
617;618;Rubens;br BRA;ZGLT;Atlético Mineiro;21;2001;13.4;3;0;0;26;17;0;45;20;30;0.0;0.0;0;77.0;17.0;21.0;44.7;0;0;1;1;Defesa
618;619;Óscar Ruiz;py PAR;LTAT;Juventude;31;1991;11.0;1;0;0;4;15;5;29;5;7;1.0;0.0;0;32.0;15.0;28.0;34.9;0;1;1;0;Ataque
619;620;Rwan;br BRA;ATLT;Santos;21;2001;4.8;1;0;0;10;12;2;6;4;4;0.0;0.0;0;21.0;12.0;20.0;37.5;0;1;1;0;Ataque
620;621;João Victor Santos Sá;br BRA;AT;Botafogo (RJ);28;1994;19.0;2;0;0;17;30;3;34;16;24;0.0;0.0;0;81.0;12.0;32.0;27.3;0;1;0;0;Ataque
621;622;Matheus Sales;br BRA;LTZG;Goiás;27;1995;18.1;5;0;0;23;12;0;13;13;23;0.0;1.0;0;69.0;15.0;20.0;42.9;0;0;1;1;Defesa
622;623;Philipe Sampaio;br BRA;ZG;Botafogo (RJ);27;1994;12.5;4;2;1;19;8;2;1;27;8;0.0;1.0;0;63.0;36.0;17.0;67.9;0;0;0;1;Defesa
623;624;Carlos Sánchez;uy URU;LT;Santos;37;1984;8.7;3;0;0;11;14;2;63;5;8;0.0;0.0;0;44.0;4.0;6.0;40.0;0;0;1;0;Defesa
624;625;Sandry;br BRA;LT;Santos;20;2002;6.7;2;0;0;12;5;0;20;11;12;0.0;1.0;0;45.0;1.0;3.0;25.0;0;0;1;0;Defesa
625;626;Alex Santana;br BRA;LT;Atl Paranaense;27;1995;8.5;4;0;0;14;8;1;0;11;8;0.0;0.0;0;64.0;4.0;4.0;50.0;0;0;1;0;Defesa
626;627;Santos;br BRA;G;Flamengo;32;1990;19.0;1;0;0;0;2;0;0;0;0;0.0;0.0;0;10.0;3.0;0.0;100.0;1;0;0;0;Defesa
627;628;Ademir Santos;br BRA;ATLT;Atlético Mineiro;27;1995;16.2;4;0;0;19;58;12;43;7;17;1.0;0.0;0;68.0;6.0;29.0;17.1;0;1;1;0;Ataque
628;629;Chayene Santos;br BRA;LTAT;Botafogo (RJ);32;1990;6.5;3;0;0;10;18;0;17;5;9;0.0;0.0;0;33.0;3.0;14.0;17.6;0;1;1;0;Ataque
629;630;Fábio Santos;br BRA;ZG;Corinthians;37;1985;16.4;3;0;0;12;13;0;31;18;15;0.0;0.0;0;88.0;24.0;20.0;54.5;0;0;0;1;Defesa
630;631;Gustavo Santos;br BRA;AT;Avaí;20;2002;0.2;0;0;0;1;1;0;1;0;0;;;0;;;;;0;1;0;0;Ataque
631;632;Juan Santos;br BRA;AT;São Paulo;20;2002;0.5;0;0;0;0;1;3;0;0;0;0.0;0.0;0;1.0;0.0;2.0;0.0;0;1;0;0;Ataque
632;633;Júnior Santos;br BRA;ATLT;Botafogo (RJ);28;1994;10.3;0;0;0;17;10;2;15;2;11;0.0;1.0;0;39.0;17.0;15.0;53.1;0;1;1;0;Ataque
633;634;Luis Eduardo Marques dos Santos;br BRA;ZG;Atl Goianiense;25;1997;16.5;1;0;0;11;14;2;68;25;17;0.0;0.0;0;90.0;15.0;13.0;53.6;0;0;0;1;Defesa
634;635;Matheus Santos;br BRA;LT;Goiás;24;1998;0.1;0;0;0;0;0;0;0;0;0;0.0;0.0;0;0.0;1.0;0.0;100.0;0;0;1;0;Defesa
635;636;Rafael Santos;br BRA;ZG;Coritiba;24;1998;10.8;1;0;0;6;7;0;64;6;7;0.0;0.0;0;51.0;13.0;8.0;61.9;0;0;0;1;Defesa
636;637;Mateus Sarará;br BRA;LT;Avaí;20;2002;4.7;2;0;0;6;10;0;1;4;3;0.0;0.0;0;24.0;7.0;5.0;58.3;0;0;1;0;Defesa
637;638;Renzo Saravia;ar ARG;ZGLT;Botafogo (RJ);29;1993;19.9;10;0;0;36;41;0;46;31;31;0.0;0.0;0;136.0;26.0;36.0;41.9;0;0;1;1;Defesa
638;639;Eduardo Sasha;br BRA;ATLT;Atlético Mineiro;30;1992;14.3;1;0;0;11;20;4;9;6;6;0.0;0.0;0;45.0;27.0;24.0;52.9;0;1;1;0;Ataque
639;640;Lucas Sasha;br BRA;LT;Fortaleza;32;1990;14.0;2;0;0;20;16;0;8;20;45;0.0;0.0;0;98.0;19.0;20.0;48.7;0;0;1;0;Defesa
640;641;Gustavo Sauer;br BRA;ATLT;Botafogo (RJ);29;1993;3.2;1;0;0;5;4;0;7;1;3;0.0;0.0;0;13.0;4.0;3.0;57.1;0;1;1;0;Ataque
641;642;Jefferson Savarino;ve VEN;AT;Atlético Mineiro;25;1996;1.0;0;0;0;0;2;0;3;0;1;0.0;0.0;0;5.0;0.0;0.0;;0;1;0;0;Ataque
642;643;Sávio;br BRA;ATLT;Atlético Mineiro;18;2004;2.4;0;0;0;3;7;0;7;3;1;0.0;0.0;0;11.0;1.0;2.0;33.3;0;1;1;0;Ataque
643;644;Savio;br BRA;ZG;Goiás;27;1995;8.9;6;1;1;7;8;0;53;6;11;0.0;0.0;0;51.0;8.0;10.0;44.4;0;0;0;1;Defesa
644;645;Gustavo Scarpa;br BRA;LTAT;Palmeiras;28;1994;27.2;3;0;0;12;70;12;329;13;10;0.0;0.0;0;130.0;20.0;27.0;42.6;0;1;1;0;Ataque
645;646;Cleiton Schwengber;br BRA;G;Bragantino;25;1997;35.0;3;0;0;2;10;0;0;0;0;0.0;2.0;1;35.0;6.0;1.0;85.7;1;0;0;0;Defesa
646;647;Shaylon;br BRA;ATLT;Atl Goianiense;25;1997;13.6;3;0;0;13;3;1;68;5;8;0.0;0.0;0;66.0;2.0;18.0;10.0;0;1;1;0;Ataque
647;648;Sidcley;br BRA;ZGLT;Cuiabá;29;1993;3.5;0;0;0;0;2;0;6;9;1;0.0;0.0;0;12.0;2.0;3.0;40.0;0;0;1;1;Defesa
648;649;Sidimar;br BRA;ZG;Goiás;30;1992;5.0;0;0;0;2;4;0;0;8;4;0.0;0.0;0;11.0;20.0;6.0;76.9;0;0;0;1;Defesa
649;650;Sidnei;br BRA;ZG;Goiás;33;1989;3.3;1;0;0;1;2;0;0;7;3;0.0;0.0;0;16.0;5.0;5.0;50.0;0;0;0;1;Defesa
650;651;Pablo Siles;uy URU;LT;Atl Paranaense;25;1997;1.8;2;0;0;7;2;0;2;3;1;0.0;1.0;0;14.0;2.0;2.0;50.0;0;0;1;0;Defesa
651;652;Aderlan Silva;br BRA;ZG;Bragantino;32;1990;28.7;9;0;0;76;16;5;153;45;58;0.0;0.0;0;163.0;51.0;35.0;59.3;0;0;0;1;Defesa
652;653;Bruno Silva;br BRA;LT;Avaí;36;1986;28.2;14;1;1;74;37;1;14;30;50;0.0;0.0;0;181.0;47.0;39.0;54.7;0;0;1;0;Defesa
653;654;Da Silva;br BRA;ZG;Goiás;21;2001;6.3;3;0;0;4;1;0;0;7;3;0.0;0.0;0;16.0;20.0;7.0;74.1;0;0;0;1;Defesa
654;655;Cristiano da Silva Leite;br BRA;ZG;Fluminense;29;1993;8.3;1;0;0;10;12;0;48;10;8;0.0;0.0;0;50.0;8.0;10.0;44.4;0;0;0;1;Defesa
655;656;Felipe Silva Lipe;br BRA;ZG;Avaí;20;2002;1.0;0;0;0;0;0;0;0;6;1;0.0;0.0;0;2.0;1.0;1.0;50.0;0;0;0;1;Defesa
656;657;Lucas Silva;br BRA;ATLT;Avaí;24;1998;1.0;0;0;0;1;3;0;3;2;0;0.0;0.0;0;5.0;0.0;0.0;;0;1;1;0;Ataque
657;658;Marcão Silva;br BRA;LTZG;Cuiabá;31;1991;14.1;1;0;0;25;6;0;1;11;16;0.0;0.0;0;76.0;34.0;19.0;64.2;0;0;1;1;Defesa
658;659;Márcio Silva;br BRA;ZG;Coritiba;21;2001;2.0;0;0;0;0;3;0;0;1;1;0.0;0.0;0;3.0;3.0;2.0;60.0;0;0;0;1;Defesa
659;660;Nathan Silva;br BRA;ZG;Atlético Mineiro;25;1997;19.0;8;0;0;35;7;0;2;29;14;0.0;1.0;0;109.0;55.0;36.0;60.4;0;0;0;1;Defesa
660;661;Ricardo Silva;br BRA;ZG;América (MG);30;1992;8.3;1;0;0;15;7;0;0;7;6;0.0;1.0;0;43.0;31.0;22.0;58.5;0;0;0;1;Defesa
661;662;Miguel Silveira;br BRA;LTAT;Bragantino;19;2003;5.8;1;0;0;8;14;0;30;1;6;1.0;0.0;0;26.0;3.0;3.0;50.0;0;1;1;0;Ataque
662;663;Jailson Siqueira;br BRA;LT;Palmeiras;27;1995;0.2;0;0;0;0;0;0;3;0;0;0.0;0.0;0;0.0;2.0;3.0;40.0;0;0;1;0;Defesa
663;664;Everton Soares;br BRA;ATLT;Flamengo;26;1996;13.7;0;1;0;11;16;0;43;5;11;0.0;0.0;0;58.0;9.0;18.0;33.3;0;1;1;0;Ataque
664;665;Tiquinho Soares;br BRA;AT;Botafogo (RJ);31;1991;11.7;1;0;0;19;34;9;6;2;2;0.0;0.0;0;36.0;36.0;46.0;43.9;0;1;0;0;Ataque
665;666;Fernando Sobral;br BRA;LT;Ceará;27;1994;10.2;2;0;0;14;15;0;6;4;21;0.0;0.0;0;58.0;15.0;11.0;57.7;0;0;1;0;Defesa
666;667;Yeferson Soteldo;ve VEN;ATLT;Santos;25;1997;6.3;1;0;0;4;13;1;38;1;0;0.0;0.0;0;20.0;3.0;3.0;50.0;0;1;1;0;Ataque
667;668;Yan Souto;br BRA;ZG;Goiás;21;2001;6.8;3;0;0;13;2;0;1;10;4;0.0;3.0;0;37.0;15.0;10.0;60.0;0;0;0;1;Defesa
668;669;Hugo Souza;br BRA;G;Flamengo;23;1999;13.0;3;0;0;0;1;0;0;1;1;0.0;0.0;0;17.0;5.0;1.0;83.3;1;0;0;0;Defesa
669;670;Igor Vinícius de Souza;br BRA;ZGAT;São Paulo;25;1997;12.9;2;0;0;16;11;0;57;12;24;0.0;0.0;0;58.0;14.0;9.0;60.9;0;1;0;1;Ataque
670;671;Bruno Tabata;br BRA;AT;Palmeiras;25;1997;4.4;0;0;0;6;6;0;14;1;4;;;0;;;;;0;1;0;0;Ataque
671;672;Tadeu;br BRA;G;Goiás;30;1992;36.0;0;0;0;0;13;0;0;2;0;0.0;0.0;0;21.0;18.0;2.0;90.0;1;0;0;0;Defesa
672;673;Tailson;br BRA;LT;Santos;23;1999;0.1;0;0;0;0;0;0;0;0;0;0.0;0.0;0;0.0;0.0;1.0;0.0;0;0;1;0;Defesa
673;674;Taison;br BRA;LTAT;Internacional;34;1988;7.3;6;0;0;7;24;3;13;5;6;0.0;0.0;0;33.0;1.0;8.0;11.1;0;1;1;0;Ataque
674;675;Tchê Tchê;br BRA;LT;Botafogo (RJ);30;1992;23.7;3;0;0;37;40;0;6;26;16;1.0;0.0;0;119.0;7.0;16.0;30.4;0;0;1;0;Defesa
675;676;David Terans;uy URU;LT;Atl Paranaense;28;1994;20.4;3;0;0;21;19;5;92;5;9;0.0;0.0;0;94.0;5.0;27.0;15.6;0;0;1;0;Defesa
676;677;Miguel Terceros;bo BOL;AT;Santos;18;2004;0.3;0;0;0;0;0;0;2;0;1;0.0;0.0;0;1.0;0.0;0.0;;0;1;0;0;Ataque
677;678;Thiago;br BRA;G;São Paulo;23;1999;2.7;1;0;0;1;0;0;0;0;0;0.0;1.0;0;0.0;3.0;0.0;100.0;1;0;0;0;Defesa
678;679;Guilherme Tinga;br BRA;ZG;Fortaleza;29;1993;11.4;3;0;0;13;7;1;26;15;16;0.0;0.0;0;79.0;44.0;26.0;62.9;0;0;0;1;Defesa
679;680;Titi;br BRA;ZG;Fortaleza;34;1988;29.1;2;0;0;48;26;2;2;40;18;0.0;0.0;0;154.0;30.0;23.0;56.6;0;0;0;1;Defesa
680;681;Igor Torres;br BRA;ATLT;Fortaleza;22;2000;0.1;1;0;0;2;1;0;1;0;0;0.0;0.0;0;1.0;0.0;0.0;;0;1;1;0;Ataque
681;682;Jesús Trindade;uy URU;LT;Coritiba;29;1993;12.7;2;0;0;11;7;0;33;7;14;0.0;0.0;0;94.0;10.0;9.0;52.6;0;0;1;0;Defesa
682;683;Bruno Tubarão;br BRA;ATLT;Bragantino;27;1995;5.0;0;0;0;5;3;1;26;6;3;0.0;0.0;0;16.0;12.0;11.0;52.2;0;1;1;0;Ataque
683;684;Uendel;br BRA;ZG;Cuiabá;34;1988;14.7;0;0;0;9;7;0;49;10;8;0.0;0.0;0;68.0;21.0;13.0;61.8;0;0;0;1;Defesa
684;685;Valdemir;br BRA;LT;Coritiba;25;1997;6.9;6;0;0;15;11;0;12;9;12;0.0;0.0;0;38.0;7.0;6.0;53.8;0;0;1;0;Defesa
685;686;Valdívia;br BRA;LTAT;Cuiabá;28;1994;15.4;4;1;0;17;26;2;63;8;10;0.0;0.0;0;56.0;16.0;32.0;33.3;0;1;1;0;Ataque
686;687;Vanderlan;br BRA;ZG;Palmeiras;20;2002;5.2;0;0;0;12;7;0;18;13;7;0.0;0.0;0;22.0;3.0;5.0;37.5;0;0;0;1;Defesa
687;688;Guillermo Varela;uy URU;ZG;Flamengo;29;1993;2.6;0;0;0;0;6;0;5;4;3;0.0;0.0;0;10.0;1.0;5.0;16.7;0;0;0;1;Defesa
688;689;Eduardo Vargas;cl CHI;ATLT;Atlético Mineiro;32;1989;10.8;1;0;0;12;14;5;5;4;4;0.0;0.0;0;50.0;14.0;18.0;43.8;0;1;1;0;Ataque
689;690;Matheus de Vargas;br BRA;LT;Fortaleza;26;1996;4.6;2;0;0;12;11;3;5;3;2;0.0;0.0;0;20.0;8.0;12.0;40.0;0;0;1;0;Defesa
690;691;Jhon Vasquez;co COL;ATLT;Ceará;27;1995;4.6;2;0;0;9;11;4;18;1;5;0.0;0.0;0;14.0;7.0;9.0;43.8;0;1;1;0;Ataque
691;692;Rafael Vaz;br BRA;ZG;Avaí;34;1988;15.5;2;0;0;8;6;0;8;12;9;0.0;1.0;0;65.0;32.0;18.0;64.0;0;0;0;1;Defesa
692;693;Raphael Veiga;br BRA;LT;Palmeiras;27;1995;14.0;1;0;0;18;33;4;42;3;10;0.0;0.0;0;47.0;7.0;9.0;43.8;0;0;1;0;Defesa
693;694;Emiliano Velázquez;uy URU;ZG;Santos;28;1994;6.0;0;0;0;3;2;0;1;14;9;0.0;1.0;0;28.0;10.0;12.0;45.5;0;0;0;1;Defesa
694;695;Fausto Vera;ar ARG;LT;Corinthians;22;2000;13.0;4;0;0;15;12;0;4;16;21;0.0;0.0;0;113.0;13.0;14.0;48.1;0;0;1;0;Defesa
695;696;Gabriel Veron;br BRA;ATLT;Palmeiras;20;2002;6.3;0;0;0;4;6;0;6;6;8;1.0;0.0;0;29.0;3.0;9.0;25.0;0;1;1;0;Ataque
696;697;João Vialle;br BRA;ZG;Atl Paranaense;20;2002;0.3;0;0;0;0;0;0;0;0;0;0.0;0.0;0;2.0;0.0;0.0;;0;0;0;1;Defesa
697;698;João Victor;br BRA;LT;Ceará;18;2004;0.2;0;0;0;1;1;0;0;0;0;0.0;0.0;0;1.0;0.0;1.0;0.0;0;0;1;0;Defesa
698;699;João Victor;br BRA;ZG;Corinthians;24;1998;5.4;2;0;0;7;5;0;0;11;2;0.0;0.0;0;22.0;15.0;7.0;68.2;0;0;0;1;Defesa
699;700;Marcos Victor;br BRA;ZG;Ceará;20;2001;3.3;1;0;0;1;4;0;0;8;3;0.0;0.0;0;18.0;3.0;2.0;60.0;0;0;0;1;Defesa
700;701;Arturo Vidal;cl CHI;LT;Flamengo;35;1987;8.4;2;0;0;18;10;0;12;20;14;0.0;1.0;0;54.0;11.0;9.0;55.0;0;0;1;0;Defesa
701;702;Caio Vidal;br BRA;ATLT;Internacional;22;2000;1.7;1;0;0;7;9;1;1;3;2;0.0;0.0;0;5.0;1.0;5.0;16.7;0;1;1;0;Ataque
702;703;Elvis Vieira Araújo;br BRA;LTAT;Goiás;32;1990;9.4;4;0;0;13;14;0;71;6;4;0.0;0.0;0;62.0;6.0;3.0;66.7;0;1;1;0;Ataque
703;704;Gabriel Vieira;br BRA;AT;Palmeiras;20;2002;0.1;0;0;0;0;0;0;0;0;0;0.0;0.0;0;0.0;0.0;1.0;0.0;0;1;0;0;Ataque
704;705;Luan Vieira;br BRA;LTAT;Santos;29;1993;4.0;0;0;0;3;11;0;15;0;4;0.0;0.0;0;19.0;1.0;8.0;11.1;0;1;1;0;Ataque
705;706;Marcos Vinicios Sorriso;br BRA;AT;Bragantino;21;2001;14.5;3;0;0;19;29;1;61;8;15;0.0;0.0;0;73.0;19.0;44.0;30.2;0;1;0;0;Ataque
706;707;Vinícius;br BRA;ATLT;Ceará;31;1991;25.7;9;2;2;11;40;6;156;23;3;1.0;0.0;0;126.0;10.0;15.0;40.0;0;1;1;0;Ataque
707;708;Vinicius;br BRA;LTZG;Santos;23;1999;0.6;0;0;0;2;1;0;2;1;0;0.0;0.0;0;2.0;2.0;0.0;100.0;0;0;1;1;Defesa
708;709;Vinícius;br BRA;LTAT;Goiás;29;1993;20.7;1;0;0;18;17;6;57;13;14;0.0;0.0;0;78.0;16.0;17.0;48.5;0;1;1;0;Ataque
709;710;Vinícius;br BRA;AT;Botafogo (RJ);23;1999;9.7;3;0;0;19;26;3;10;11;10;0.0;0.0;0;45.0;14.0;20.0;41.2;0;1;0;0;Ataque
710;711;Vinicius;br BRA;LT;Cuiabá;23;1999;0.1;0;0;0;1;0;0;0;1;0;0.0;0.0;0;3.0;0.0;1.0;0.0;0;0;1;0;Defesa
711;712;Caio Vinícius;br BRA;LT;Goiás;23;1999;17.3;7;1;0;43;27;2;4;30;23;0.0;1.0;0;86.0;24.0;27.0;47.1;0;0;1;0;Defesa
712;713;Mateus Vital;br BRA;ATLT;Corinthians;24;1998;7.4;0;0;0;8;13;2;16;7;12;0.0;0.0;0;48.0;6.0;13.0;31.6;0;1;1;0;Ataque
713;714;Vitão;br BRA;ZG;Internacional;22;2000;30.0;1;0;0;14;4;0;0;18;14;0.0;0.0;0;73.0;54.0;43.0;55.7;0;0;0;1;Defesa
714;715;Vitinho;br BRA;AT;Atl Paranaense;23;1999;14.5;3;1;1;21;23;5;19;5;11;0.0;0.0;0;69.0;15.0;36.0;29.4;0;1;0;0;Ataque
715;716;Vitinho;br BRA;ATLT;Flamengo;29;1993;5.3;1;0;0;13;6;0;8;1;6;0.0;0.0;0;21.0;10.0;10.0;50.0;0;1;1;0;Ataque
716;717;Vitinho;br BRA;LTAT;Avaí;21;2000;2.0;1;0;0;4;9;0;0;0;1;0.0;0.0;0;6.0;4.0;3.0;57.1;0;1;1;0;Ataque
717;718;João Vitor;br BRA;LT;Coritiba;22;2000;0.1;0;0;0;0;1;0;0;0;0;0.0;0.0;0;1.0;0.0;0.0;;0;0;1;0;Defesa
718;719;Vladimir;br BRA;G;Avaí;33;1989;21.5;3;0;0;1;3;0;0;0;0;0.0;1.0;0;24.0;4.0;1.0;80.0;1;0;0;0;Defesa
719;720;Max Walef;br BRA;G;Fortaleza;29;1993;5.0;0;0;0;0;0;0;0;0;0;0.0;0.0;0;7.0;0.0;0.0;;1;0;0;0;Defesa
720;721;Walter;br BRA;G;Cuiabá;34;1987;25.4;0;0;0;0;3;0;0;1;2;0.0;0.0;0;16.0;8.0;0.0;100.0;1;0;0;0;Defesa
721;722;Wanderson;br BRA;ZG;Atl Goianiense;31;1991;25.5;2;0;0;19;6;1;0;21;9;0.0;0.0;0;67.0;67.0;35.0;65.7;0;0;0;1;Defesa
722;723;Wanderson;br BRA;ATLT;Internacional;28;1994;16.8;3;0;0;18;17;3;56;3;7;0.0;0.0;0;56.0;4.0;16.0;20.0;0;1;1;0;Ataque
723;724;Warley;br BRA;ATZG;Coritiba;23;1999;6.0;1;2;0;9;10;0;15;8;4;0.0;0.0;0;40.0;4.0;5.0;44.4;0;1;0;1;Ataque
724;725;Welington;br BRA;ZGAT;São Paulo;21;2001;17.7;5;1;1;18;29;1;123;15;22;0.0;0.0;0;86.0;16.0;17.0;48.5;0;1;0;1;Ataque
725;726;José Welison;br BRA;LT;Fortaleza;27;1995;17.1;4;0;0;35;15;0;22;37;20;0.0;0.0;0;131.0;33.0;24.0;57.9;0;0;1;0;Defesa
726;727;Weliton;cl CHI;LT;Juventude;17;2005;0.0;0;0;0;0;0;0;0;0;0;0.0;0.0;0;0.0;0.0;1.0;0.0;0;0;1;0;Defesa
727;728;Wellington;br BRA;ZG;Avaí;27;1995;1.0;0;0;0;1;0;0;0;0;0;0.0;1.0;0;4.0;1.0;1.0;50.0;0;0;0;1;Defesa
728;729;Welliton;br BRA;ATLT;Bragantino;22;2000;0.9;0;0;0;0;0;0;8;0;3;0.0;0.0;0;6.0;1.0;2.0;33.3;0;1;1;0;Ataque
729;730;Werik;br BRA;AT;Bragantino;21;2001;5.2;3;0;0;9;5;1;2;0;2;0.0;0.0;0;12.0;10.0;11.0;47.6;0;1;0;0;Ataque
730;731;Werton;br BRA;AT;Flamengo;19;2003;0.1;0;0;0;0;0;0;0;0;0;0.0;0.0;0;1.0;0.0;2.0;0.0;0;1;0;0;Ataque
731;732;Wescley;br BRA;LT;Ceará;31;1991;0.8;0;0;0;1;1;0;3;0;2;0.0;0.0;0;4.0;0.0;1.0;0.0;0;0;1;0;Defesa
732;733;Wesley;br BRA;AT;Palmeiras;23;1999;7.2;2;0;0;8;20;2;30;3;6;0.0;0.0;0;50.0;14.0;9.0;60.9;0;1;0;0;Ataque
733;734;Weverson;br BRA;LT;Bragantino;22;2000;0.5;0;0;0;0;0;0;3;0;0;0.0;0.0;0;4.0;1.0;5.0;16.7;0;0;1;0;Defesa
734;735;Weverton;br BRA;ZG;Internacional;23;1999;0.5;0;0;0;0;1;0;3;0;0;0.0;0.0;0;4.0;0.0;1.0;0.0;0;0;0;1;Defesa
735;736;Wéverton;br BRA;G;Palmeiras;34;1987;33.0;0;0;0;0;5;0;0;1;1;0.0;0.0;0;29.0;9.0;2.0;81.8;1;0;0;0;Defesa
736;737;Rafael William;br BRA;G;Coritiba;21;2001;6.0;1;0;0;1;0;0;0;0;0;0.0;1.0;0;3.0;1.0;0.0;100.0;1;0;0;0;Defesa
737;738;Willian;br BRA;ATLT;Fluminense;35;1986;5.3;2;0;0;8;3;2;8;8;5;0.0;0.0;0;26.0;3.0;8.0;27.3;0;1;1;0;Ataque
738;739;Willian;br BRA;AT;Corinthians;34;1988;9.2;1;0;0;6;30;2;33;8;10;0.0;0.0;0;42.0;5.0;3.0;62.5;0;1;0;0;Ataque
739;740;Xavier;br BRA;LT;Corinthians;22;2000;1.8;1;0;0;2;0;0;0;2;1;0.0;0.0;0;13.0;2.0;2.0;50.0;0;0;1;0;Defesa
740;741;Samuel Xavier;br BRA;ZG;Fluminense;32;1990;29.4;4;0;0;25;47;2;71;24;15;0.0;0.0;0;112.0;24.0;26.0;48.0;0;0;0;1;Defesa
741;742;Yago;br BRA;LTZG;Fluminense;27;1995;11.4;2;0;0;11;30;2;30;11;12;0.0;0.0;0;50.0;8.0;17.0;32.0;0;0;1;1;Defesa
742;743;Ytalo;br BRA;AT;Bragantino;34;1988;6.9;0;0;0;2;6;0;2;3;3;0.0;0.0;0;10.0;7.0;14.0;33.3;0;1;0;0;Ataque
743;744;Vinícius Zanocelo;br BRA;LT;Santos;21;2001;22.3;8;0;0;47;12;2;2;24;17;0.0;2.0;0;112.0;31.0;32.0;49.2;0;0;1;0;Defesa
744;745;Federico Zaracho;ar ARG;LTAT;Atlético Mineiro;24;1998;19.1;2;0;0;30;25;1;16;21;27;0.0;0.0;0;107.0;23.0;45.0;33.8;0;1;1;0;Ataque
