Rk;Player;Nation;Pos;Squad;Age;Born;90s;CrdY;CrdR;2CrdY;Fls;Fld;Off;Crs;Int;TklW;PKwon;PKcon;OG;Recov;Won;Lost
1;Luis Abram;pePER;DF;Granada;25;1996;6.2;2;0;0;5;4;0;0;5;3;0.0;0.0;1;14.0;7.0;14.0
2;Marcos Acuña;arARG;DF;Sevilla;29;1991;25.1;10;0;0;38;48;0;178;14;29;0.0;1.0;0;173.0;22.0;32.0
3;Martin Agirregabiria;esESP;DF;Alavés;25;1996;18.0;4;0;0;24;22;1;45;25;22;0.0;1.0;0;79.0;31.0;27.0
4;Julen Agirrezabala;esESP;GK;Athletic Club;20;2000;4.0;0;0;0;0;0;0;0;0;0;0.0;0.0;0;6.0;0.0;0.0
5;Sergio Agüero;arARG;FW;Barcelona;33;1988;1.7;0;0;0;1;2;1;3;0;1;0.0;0.0;0;3.0;3.0;2.0
6;Álvaro Aguirre;esESP;FW;Rayo Vallecano;21;2000;0.1;0;0;0;0;0;0;0;0;0;0.0;0.0;0;2.0;0.0;0.0
7;Joseph Aidoo;ghGHA;DF;Celta Vigo;25;1995;29.3;1;0;0;10;18;1;3;38;26;0.0;0.0;1;164.0;62.0;47.0
8;Carlos Akapo;gqEQG;DF;Cádiz;28;1993;20.5;4;0;0;23;25;2;45;51;31;0.0;1.0;0;112.0;37.0;32.0
9;Ilias Akhomach;esESP;FW;Barcelona;17;2004;1.4;0;0;0;3;4;0;6;0;0;0.0;0.0;0;11.0;1.0;2.0
10;Paul Akouokou;ciCIV;MF;Betis;23;1997;5.7;2;1;0;13;2;0;1;11;9;0.0;0.0;0;42.0;6.0;2.0
11;David Alaba;atAUT;DF;Real Madrid;29;1992;29.4;2;0;0;16;6;2;40;22;13;0.0;0.0;0;141.0;14.0;22.0
12;Tomás Alarcón;clCHI;MF;Cádiz;22;1999;15.8;5;0;0;19;9;1;64;30;20;0.0;2.0;0;107.0;15.0;19.0
13;Jordi Alba;esESP;DF;Barcelona;32;1989;29.4;11;0;0;26;19;11;121;33;34;0.0;0.0;0;214.0;13.0;23.0
14;Raúl Albiol;esESP;DF;Villarreal;35;1985;27.4;8;0;0;18;12;2;3;21;15;0.0;0.0;0;137.0;41.0;27.0
15;Paco Alcácer;esESP;FW;Villarreal;27;1993;8.7;1;0;0;5;7;8;1;6;3;0.0;0.0;0;28.0;10.0;25.0
16;Rubén Alcaraz;esESP;MF;Cádiz;30;1991;12.3;7;0;0;30;35;1;23;13;20;0.0;1.0;0;86.0;22.0;23.0
17;Omar Alderete;pyPAR;DF;Valencia;24;1996;26.7;15;0;0;42;7;0;4;35;34;0.0;2.0;0;158.0;69.0;39.0
18;Iván Alejo;esESP;MF,FW;Cádiz;26;1995;11.8;7;0;0;37;33;5;97;8;15;0.0;1.0;0;74.0;11.0;12.0
19;Carles Aleñá;esESP;MF;Getafe;23;1998;25.8;6;1;0;50;37;1;44;15;19;0.0;0.0;0;129.0;13.0;25.0
20;Mircea Alexandru Tirlea;roROU;DF;Alavés;21;2000;0.2;0;0;0;0;0;0;2;0;0;0.0;0.0;0;2.0;0.0;1.0
21;Hugo Álvarez;esESP;FW;Celta Vigo;18;2003;0.1;0;0;0;0;0;0;0;0;0;0.0;0.0;0;0.0;0.0;0.0
22;Yeray Álvarez;esESP;DF;Athletic Club;26;1995;20.7;6;0;0;23;13;1;3;45;14;0.0;0.0;0;141.0;56.0;41.0
23;Dani Alves;brBRA;DF;Barcelona;38;1983;12.2;2;1;0;27;6;0;75;11;19;0.0;1.0;0;98.0;9.0;8.0
24;Emmanuel Amankwaa Akurugu;ghGHA;DF;Getafe;19;2001;0.9;0;0;0;1;1;0;4;0;0;0.0;0.0;0;4.0;2.0;2.0
25;Amath;snSEN;FW,MF;Mallorca;25;1996;9.8;5;0;0;19;18;6;7;7;11;0.0;0.0;0;34.0;5.0;20.0
26;Florin Andone;roROU;FW;Cádiz;28;1993;2.0;1;0;0;3;2;3;0;0;1;0.0;0.0;0;6.0;7.0;11.0
27;José Ángel;esESP;DF;Osasuna;31;1989;12.0;2;1;0;10;5;0;46;10;13;0.0;0.0;0;78.0;10.0;6.0
28;Josep Antoni Gayá;esESP;DF;Mallorca;21;2000;0.6;0;0;0;0;0;0;0;1;0;0.0;0.0;0;1.0;0.0;0.0
29;Mauro Arambarri;uyURU;MF;Getafe;25;1995;29.6;13;0;0;51;48;0;116;32;37;0.0;1.0;0;182.0;27.0;26.0
30;Néstor Araujo;mxMEX;DF;Celta Vigo;29;1991;29.1;4;0;0;19;10;0;3;27;14;0.0;0.0;1;160.0;63.0;48.0
31;Ronald Araújo;uyURU;DF;Barcelona;22;1999;25.2;6;0;0;25;12;1;7;23;23;0.0;0.0;0;135.0;60.0;24.0
32;Jesús Areso;esESP;DF;Osasuna;22;1999;2.1;1;0;0;3;4;0;2;0;3;0.0;0.0;0;6.0;3.0;6.0
33;Matias Arezo;uyURU;FW,MF;Granada;18;2002;1.8;1;0;0;3;1;0;4;1;3;0.0;0.0;0;3.0;7.0;5.0
34;Santiago Arias;coCOL;DF;Granada;29;1992;4.9;1;0;0;6;5;2;15;5;5;0.0;0.0;0;23.0;9.0;14.0
35;Santiago Arzamendia;pyPAR;MF;Cádiz;23;1998;5.2;2;0;0;6;4;1;18;4;6;0.0;0.0;0;36.0;12.0;19.0
36;Sergio Asenjo;esESP;GK;Villarreal;32;1989;6.0;1;0;0;0;0;0;0;1;0;0.0;0.0;0;17.0;2.0;0.0
37;Alejandro Asensio;esESP;FW;Rayo Vallecano;20;2000;0.1;0;0;0;0;0;0;1;0;0;0.0;0.0;0;0.0;1.0;0.0
38;Marco Asensio;esESP;FW,MF;Real Madrid;25;1996;19.2;2;0;0;8;20;2;71;12;8;0.0;0.0;0;83.0;0.0;9.0
39;Iago Aspas;esESP;FW;Celta Vigo;33;1987;34.3;9;0;0;22;50;20;108;11;7;0.0;1.0;0;113.0;22.0;32.0
40;Pierre-Emerick Aubameyang;gaGAB;FW;Barcelona;32;1989;12.0;0;0;0;7;7;7;5;2;2;0.0;0.0;0;17.0;7.0;13.0
41;Ludwig Augustinsson;seSWE;DF,FW;Sevilla;27;1994;8.8;3;0;0;13;10;0;47;5;14;0.0;0.0;0;41.0;15.0;7.0
42;Serge Aurier;ciCIV;DF;Villarreal;28;1992;11.2;4;0;0;15;6;1;27;11;9;0.0;1.0;0;52.0;21.0;16.0
43;Ezequiel Ávila;arARG;FW,MF;Osasuna;27;1994;20.8;9;1;1;31;40;13;79;13;7;0.0;1.0;0;77.0;50.0;70.0
44;Iddrisu Baba;ghGHA;MF;Mallorca;25;1996;21.5;9;0;0;42;38;0;5;24;30;0.0;0.0;0;187.0;41.0;34.0
45;Carlos Bacca;coCOL;FW;Granada;34;1986;5.7;3;0;0;3;8;5;4;1;4;1.0;0.0;0;12.0;8.0;16.0
46;Édgar Badía;esESP;GK;Elche;29;1992;24.0;2;0;0;0;1;0;0;0;0;0.0;0.0;0;44.0;8.0;3.0
47;Miguel Baeza;esESP;DF;Celta Vigo;21;2000;0.0;0;0;0;0;0;0;1;0;0;0.0;0.0;0;0.0;0.0;0.0
48;Alejandro Balde;esESP;DF,FW;Barcelona;17;2003;2.1;0;0;0;4;4;0;6;1;1;0.0;0.0;0;13.0;0.0;2.0
49;Gareth Bale;wlsWAL;FW;Real Madrid;32;1989;3.1;2;0;0;3;0;1;3;2;1;0.0;0.0;0;4.0;7.0;5.0
50;Mikel Balenziaga;esESP;DF;Athletic Club;33;1988;22.5;2;0;0;21;12;1;51;21;24;0.0;0.0;0;125.0;33.0;18.0
51;Iván Balliu;alALB;DF;Rayo Vallecano;29;1992;35.0;10;1;0;42;57;4;111;39;22;0.0;3.0;0;166.0;23.0;33.0
52;Barbero;esESP;FW,MF;Osasuna;22;1998;0.2;0;0;0;2;1;0;0;0;0;0.0;0.0;0;0.0;2.0;2.0
53;Barcia;esESP;DF;Granada;20;2000;0.8;0;0;0;0;0;0;0;1;0;0.0;0.0;0;6.0;1.0;1.0
54;Enis Bardhi;mkMKD;MF,FW;Levante;26;1995;18.9;3;0;0;33;44;4;87;10;12;0.0;1.0;0;95.0;6.0;8.0
55;Keidi Bare;alALB;MF;Espanyol;23;1997;16.5;9;0;0;25;29;0;7;15;17;1.0;0.0;0;90.0;13.0;30.0
56;Kike Barja;esESP;MF,FW;Osasuna;24;1997;9.6;2;0;0;17;23;0;55;9;11;0.0;0.0;0;65.0;9.0;11.0
57;Antonio Barragán;esESP;DF;Elche;34;1987;11.3;5;0;0;19;17;0;33;17;14;0.0;2.0;0;54.0;8.0;2.0
58;Ander Barrenetxea;esESP;FW,MF;Real Sociedad;19;2001;6.1;0;0;0;10;16;1;8;2;10;0.0;0.0;0;39.0;4.0;4.0
59;Marc Bartra;esESP;DF;Betis;30;1991;22.1;5;0;0;21;16;0;0;33;14;0.0;0.0;0;99.0;59.0;36.0
60;Álvaro Bastida;esESP;MF;Cádiz;17;2004;2.2;1;0;0;1;0;0;0;3;4;0.0;0.0;0;12.0;1.0;8.0
61;Rodrigo Battaglia;arARG;MF;Mallorca;30;1991;13.1;4;0;0;28;18;0;1;10;16;0.0;1.0;0;82.0;32.0;24.0
62;Jon Bautista;esESP;MF;Real Sociedad;26;1995;0.5;0;0;0;1;2;1;0;1;0;0.0;0.0;0;3.0;1.0;0.0
63;Bebé;cvCPV;FW;Rayo Vallecano;31;1990;9.6;2;0;0;12;16;6;87;3;5;1.0;0.0;0;47.0;8.0;14.0
64;Héctor Bellerín;esESP;DF;Betis;26;1995;22.0;2;1;0;23;14;2;42;23;32;0.0;0.0;1;95.0;27.0;19.0
65;Fran Beltrán;esESP;MF;Celta Vigo;22;1999;28.9;4;0;0;17;25;0;17;32;41;0.0;0.0;0;207.0;16.0;40.0
66;Darío Benedetto;arARG;FW,MF;Elche;31;1990;6.6;1;0;0;3;6;3;6;1;1;0.0;0.0;0;12.0;10.0;14.0
67;Iker Benito;esESP;FW,MF;Osasuna;18;2002;1.3;1;0;0;1;3;0;4;0;1;0.0;0.0;0;4.0;1.0;1.0
68;Pedro Benito;esESP;FW;Cádiz;21;2000;0.3;0;0;0;3;0;0;1;0;0;0.0;0.0;0;0.0;0.0;4.0
69;Karim Benzema;frFRA;FW;Real Madrid;33;1987;28.8;0;0;0;13;9;31;10;4;9;0.0;0.0;0;44.0;18.0;30.0
70;Yuri Berchiche;esESP;DF;Athletic Club;31;1990;11.3;3;0;0;7;19;0;33;13;11;0.0;0.0;0;81.0;21.0;8.0
71;Álex Berenguer;esESP;MF;Athletic Club;26;1995;24.1;8;0;0;44;46;14;145;16;26;0.0;0.0;0;105.0;49.0;58.0
72;Pedro Bigas;esESP;DF;Elche;30;1990;17.2;6;0;0;16;11;0;2;18;10;0.0;0.0;0;73.0;35.0;11.0
73;Blanco;esESP;MF;Real Madrid;21;2000;0.3;0;0;0;1;0;0;0;1;0;0.0;0.0;0;4.0;0.0;1.0
74;Yassine Bounou;maMAR;GK;Sevilla;30;1991;31.0;2;0;0;0;3;0;0;0;0;0.0;0.0;0;29.0;7.0;1.0
75;Lucas Boyé;arARG;FW;Elche;25;1996;19.0;3;0;0;39;40;13;7;2;13;0.0;0.0;0;65.0;31.0;53.0
76;Martin Braithwaite;dkDEN;FW;Barcelona;30;1991;2.6;0;0;0;5;2;2;2;1;1;0.0;0.0;0;7.0;3.0;6.0
77;Darko Brašanac;rsSRB;MF;Osasuna;29;1992;26.7;8;0;0;52;24;9;27;25;22;0.0;0.0;0;143.0;33.0;59.0
78;Claudio Bravo;clCHI;GK;Betis;38;1983;16.2;2;0;0;1;1;0;0;0;0;0.0;1.0;0;20.0;6.0;1.0
79;Yan Brice Eteki;cmCMR;MF;Granada;23;1997;3.8;3;0;0;18;5;0;0;4;3;0.0;0.0;0;21.0;7.0;7.0
80;Bryan;esESP;MF,FW;Valencia;20;2001;8.4;3;0;0;13;20;7;44;1;8;0.0;0.0;0;54.0;1.0;7.0
81;Ante Budimir;hrCRO;FW;Osasuna;30;1991;19.3;3;0;0;37;32;16;7;3;10;1.0;0.0;0;50.0;106.0;99.0
82;Sergio Busquets;esESP;MF;Barcelona;33;1988;35.5;12;0;0;53;67;2;3;45;49;0.0;0.0;0;281.0;57.0;68.0
83;Adrián Butzke;esESP;FW;Granada;22;1999;0.0;0;0;0;0;0;0;0;0;0;0.0;0.0;0;0.0;0.0;0.0
84;Erick Cabaco;uyURU;DF;Getafe;26;1995;4.5;4;1;1;7;4;0;1;4;1;0.0;0.0;1;14.0;8.0;6.0
85;Leandro Cabrera;uyURU;DF;Espanyol;30;1991;37.0;7;0;0;32;21;2;13;44;24;0.0;2.0;1;147.0;82.0;48.0
86;Martín Cáceres;uyURU;DF;Levante;34;1987;7.4;2;0;0;8;8;0;4;11;2;0.0;0.0;0;43.0;7.0;12.0
87;Cala;esESP;DF;Cádiz;31;1989;10.5;8;1;1;11;7;1;0;12;4;0.0;2.0;0;44.0;15.0;15.0
88;Calderón;esESP;DF;Betis;21;2000;0.7;0;0;0;1;1;0;4;0;0;0.0;0.0;0;6.0;0.0;2.0
89;Fernando Calero;esESP;DF;Espanyol;25;1995;12.1;3;0;0;10;6;0;0;16;10;0.0;1.0;0;46.0;21.0;22.0
90;Víctor Camarasa;esESP;MF,FW;Betis;27;1994;1.2;0;0;0;2;3;0;0;2;1;0.0;0.0;0;6.0;2.0;1.0
91;Eduardo Camavinga;frFRA;MF;Real Madrid;18;2002;13.7;8;0;0;35;29;1;3;17;35;0.0;0.0;0;85.0;28.0;13.0
92;José Campaña;esESP;MF;Levante;28;1993;15.8;6;1;0;17;22;1;56;21;16;0.0;0.0;0;109.0;17.0;18.0
93;Sergio Canales;esESP;FW,MF;Betis;30;1991;31.0;6;0;0;19;39;11;67;10;14;0.0;0.0;0;179.0;11.0;26.0
94;Álex Cantero;esESP;FW,MF;Levante;21;2000;6.8;1;0;0;13;4;0;6;1;4;0.0;0.0;0;17.0;3.0;13.0
95;Ander Capa;esESP;DF;Athletic Club;29;1992;0.0;0;0;0;0;0;0;0;0;0;0.0;0.0;0;0.0;0.0;0.0
96;Étienne Capoue;frFRA;MF;Villarreal;33;1988;25.4;9;0;0;44;44;0;5;35;26;0.0;0.0;0;135.0;52.0;24.0
97;Isaac Carcelen;esESP;DF,MF;Cádiz;28;1993;17.2;2;0;0;23;25;1;49;34;29;0.0;0.0;0;114.0;15.0;18.0
98;Cárdenas;esESP;GK;Levante;24;1997;24.0;3;0;0;0;3;0;0;1;1;0.0;0.0;0;33.0;2.0;1.0
99;Carlo;esESP;MF;Villarreal;20;2001;0.1;0;0;0;0;0;0;0;0;0;0.0;0.0;0;0.0;0.0;0.0
100;Diego Carlos;brBRA;DF;Sevilla;28;1993;32.9;4;1;1;33;19;1;3;24;24;0.0;2.0;0;190.0;80.0;42.0
101;Carmona;esESP;DF;Sevilla;19;2002;0.3;0;0;0;0;1;0;0;1;0;0.0;0.0;0;1.0;0.0;1.0
102;Yannick Carrasco;beBEL;FW,MF;Atlético Madrid;27;1993;28.7;5;0;0;30;39;13;133;19;19;0.0;0.0;0;159.0;8.0;12.0
103;Guido Carrillo;arARG;FW;Elche;30;1991;13.0;3;0;0;33;25;6;1;1;4;0.0;0.0;0;38.0;80.0;60.0
104;Dani Carvajal;esESP;DF;Real Madrid;29;1992;17.2;1;0;0;19;11;0;40;20;28;0.0;1.0;0;97.0;14.0;14.0
105;William Carvalho;ptPOR;MF;Betis;29;1992;20.1;6;0;0;31;28;0;4;16;33;0.0;0.0;0;128.0;34.0;25.0
106;Casemiro;brBRA;MF;Real Madrid;29;1992;28.5;11;0;0;54;38;4;17;38;51;1.0;0.0;0;230.0;101.0;50.0
107;Kiko Casilla;esESP;GK;Elche;34;1986;14.0;3;0;0;0;1;0;0;1;0;0.0;0.0;0;21.0;3.0;0.0
108;Catena;esESP;DF;Rayo Vallecano;26;1994;36.0;8;0;0;26;14;3;2;30;23;0.0;1.0;0;190.0;117.0;40.0
109;Dani Ceballos;esESP;MF;Real Madrid;24;1996;3.1;1;0;0;3;7;0;1;4;5;0.0;0.0;0;25.0;0.0;0.0
110;Franco Cervi;arARG;MF;Celta Vigo;27;1994;20.0;5;0;0;22;40;2;78;21;41;1.0;0.0;0;146.0;17.0;31.0
111;Chapela;esESP;MF,FW;Cádiz;22;1999;4.4;0;0;0;4;9;1;12;4;2;0.0;0.0;0;22.0;4.0;6.0
112;Chema;esESP;MF;Getafe;29;1992;0.5;1;1;0;2;0;0;0;0;0;0.0;0.0;0;1.0;0.0;1.0
113;Denis Cheryshev;ruRUS;MF,FW;Valencia;30;1990;6.3;1;0;0;15;7;4;27;9;5;1.0;0.0;0;35.0;5.0;13.0
114;Samuel Chukwueze;ngNGA;MF,FW;Villarreal;22;1999;14.8;4;0;0;11;16;12;16;5;9;0.0;0.0;0;57.0;7.0;18.0
115;Víctor Chust;esESP;DF;Cádiz;21;2000;20.3;2;0;0;14;8;0;2;16;10;0.0;2.0;0;124.0;30.0;36.0
116;Jasper Cillessen;nlNED;GK;Valencia;32;1989;16.2;1;0;0;0;1;0;0;1;0;0.0;0.0;0;20.0;1.0;0.0
117;Pathé Ciss;snSEN;MF;Rayo Vallecano;27;1994;12.2;5;0;0;19;9;1;0;30;15;0.0;1.0;1;103.0;34.0;22.0
118;Carlos Clerc;esESP;DF;Levante;29;1992;16.8;6;0;0;23;18;0;47;26;17;0.0;0.0;0;99.0;13.0;17.0
119;Coke;esESP;DF;Levante;34;1987;1.3;1;0;0;4;1;0;0;2;2;0.0;0.0;0;8.0;4.0;3.0
120;Álex Collado;esESP;MF,FW;Granada;22;1999;11.3;1;0;0;15;16;0;42;6;12;0.0;0.0;0;59.0;6.0;17.0
121;Eray Cömert;chSUI;DF;Valencia;23;1998;4.5;2;0;0;3;0;0;0;2;3;0.0;1.0;0;24.0;2.0;7.0
122;Santi Comesaña;esESP;MF;Rayo Vallecano;24;1996;29.8;12;1;1;60;56;1;10;33;56;0.0;0.0;0;213.0;56.0;63.0
123;Diego Conde;esESP;GK;Getafe;22;1998;0.1;0;0;0;0;0;0;0;0;0;0.0;0.0;0;0.0;0.0;0.0
124;Francis Coquelin;frFRA;MF;Villarreal;30;1991;9.2;3;0;0;23;13;0;1;19;17;0.0;0.0;0;57.0;15.0;10.0
125;Jesús Corona;mxMEX;FW,DF;Sevilla;28;1993;12.9;2;0;0;11;27;7;52;8;7;0.0;0.0;0;64.0;7.0;13.0
126;Ángel Correa;arARG;FW,MF;Atlético Madrid;26;1995;20.6;3;1;0;24;27;10;34;10;8;0.0;0.0;0;78.0;5.0;16.0
127;Thierry Correia;ptPOR;DF;Valencia;22;1999;15.7;5;0;0;32;29;0;48;19;23;0.0;0.0;0;109.0;19.0;14.0
128;Hélder Costa;aoANG;MF,FW;Valencia;27;1994;12.4;3;0;0;28;14;1;46;3;16;0.0;0.0;0;60.0;8.0;12.0
129;Jaume Costa;esESP;DF;Mallorca;33;1988;20.3;5;1;0;21;26;2;75;23;26;0.0;0.0;0;100.0;25.0;31.0
130;Thibaut Courtois;beBEL;GK;Real Madrid;29;1992;36.0;1;0;0;1;1;0;0;0;0;0.0;1.0;0;44.0;8.0;1.0
131;Philippe Coutinho;brBRA;MF,FW;Barcelona;29;1992;5.6;1;0;0;7;13;2;19;4;3;1.0;0.0;0;23.0;2.0;4.0
132;Cristo;esESP;DF;Real Sociedad;21;2000;0.2;0;0;0;1;0;0;2;0;0;0.0;0.0;0;2.0;0.0;1.0
133;Juan Cruz Armada;esESP;DF;Osasuna;29;1992;21.5;4;0;0;19;5;0;8;16;21;0.0;0.0;0;124.0;23.0;27.0
134;Marc Cucurella;esESP;MF,DF;Getafe;23;1998;0.3;0;0;0;0;1;0;2;0;0;0.0;0.0;0;4.0;0.0;0.0
135;Jorge Cuenca;esESP;DF;Getafe;21;1999;29.8;6;2;0;33;14;0;5;39;32;0.0;0.0;0;144.0;79.0;38.0
136;Matheus Cunha;brBRA;FW;Atlético Madrid;22;1999;11.8;3;0;0;22;26;1;7;6;12;2.0;1.0;0;44.0;21.0;74.0
137;Sergi Darder;esESP;MF;Espanyol;27;1993;34.7;4;0;0;28;38;0;70;26;22;0.0;0.0;0;171.0;12.0;16.0
138;Rodrigo De Paul;arARG;MF;Atlético Madrid;27;1994;23.9;7;0;0;45;59;1;92;21;30;0.0;0.0;0;159.0;17.0;21.0
139;Thomas Delaney;dkDEN;MF;Sevilla;29;1991;17.2;4;1;1;26;21;1;14;13;24;0.0;0.0;0;82.0;55.0;35.0
140;Ousmane Dembélé;frFRA;FW;Barcelona;24;1997;15.7;3;0;0;11;17;4;144;8;16;0.0;0.0;0;63.0;4.0;5.0
141;Yusuf Demir;atAUT;FW;Barcelona;18;2003;2.1;0;0;0;0;4;0;2;2;1;0.0;0.0;0;9.0;0.0;0.0
142;Sergiño Dest;usUSA;DF,FW;Barcelona;20;2000;16.8;2;0;0;17;19;1;59;2;15;0.0;0.0;0;93.0;7.0;13.0
143;Boulaye Dia;snSEN;FW;Villarreal;24;1996;14.1;3;0;0;23;13;7;1;5;6;0.0;0.0;0;36.0;31.0;35.0
144;Mouctar Diakhaby;gnGUI;DF;Valencia;24;1996;21.6;11;0;0;26;16;1;5;30;24;0.0;1.0;2;144.0;33.0;29.0
145;Javier Díaz;esESP;GK;Sevilla;24;1997;1.0;0;0;0;0;0;0;0;0;0;0.0;0.0;0;2.0;0.0;0.0
146;Víctor Díaz;esESP;DF;Granada;33;1988;16.7;5;0;0;15;4;0;13;17;15;0.0;0.0;0;71.0;29.0;31.0
147;Landry Dimata;beBEL;FW,MF;Espanyol;23;1997;6.0;0;0;0;14;20;3;0;1;2;0.0;0.0;0;14.0;17.0;24.0
148;Stole Dimitrievski;mkMKD;GK;Rayo Vallecano;27;1993;30.8;0;0;0;0;6;0;0;1;0;0.0;0.0;0;24.0;11.0;2.0
149;Matías Dituro;arARG;GK;Celta Vigo;34;1987;38.0;1;0;0;1;3;0;0;0;0;0.0;0.0;0;51.0;8.0;0.0
150;Djené;tgTOG;DF;Getafe;29;1991;34.6;11;1;0;47;36;1;22;59;26;0.0;2.0;0;222.0;52.0;31.0
151;Naïs Djouahra;frFRA;FW,MF;Real Sociedad;21;1999;2.4;0;0;0;3;2;1;15;2;3;0.0;0.0;0;14.0;2.0;2.0
152;Marko Dmitrović;rsSRB;GK;Sevilla;29;1992;6.0;0;0;0;0;0;0;0;0;0;0.0;0.0;0;18.0;1.0;0.0
153;Jaume Doménech;esESP;GK;Valencia;30;1990;3.8;1;0;0;0;0;0;0;0;0;0.0;0.0;0;5.0;0.0;0.0
154;Carlos Dominguez;esESP;DF;Celta Vigo;20;2001;3.8;1;0;0;3;4;0;0;4;1;0.0;1.0;0;21.0;10.0;6.0
155;Mario Dominguez;esESP;FW;Valencia;17;2004;0.3;0;0;0;1;0;0;0;0;0;0.0;0.0;0;1.0;0.0;2.0
156;John Donald;esESP;DF;Elche;20;2000;2.0;0;0;0;2;0;0;0;3;4;0.0;0.0;0;12.0;2.0;4.0
157;Domingos Duarte;ptPOR;DF;Granada;26;1995;18.7;7;1;0;24;15;0;1;22;14;0.0;3.0;0;93.0;39.0;23.0
158;Óscar Duarte;crCRC;DF;Levante;32;1989;19.7;5;0;0;26;4;2;0;24;8;0.0;0.0;0;98.0;67.0;35.0
159;Rubén Duarte;esESP;DF;Alavés;25;1995;29.1;12;1;1;45;40;2;119;57;47;1.0;1.0;0;163.0;54.0;37.0
160;Unai Dufur;esESP;DF;Osasuna;22;1999;1.0;0;0;0;1;0;0;0;4;0;0.0;0.0;0;8.0;2.0;2.0
161;Hugo Duro;esESP;DF,MF;Getafe;21;1999;0.1;0;0;0;1;1;0;0;0;0;0.0;0.0;0;1.0;2.0;1.0
162;Hugo Duro;esESP;FW,MF;Valencia;21;1999;20.4;3;1;1;29;44;7;12;4;19;2.0;1.0;0;64.0;39.0;68.0
163;Aritz Elustondo;esESP;DF;Real Sociedad;27;1994;23.4;3;1;0;18;22;2;5;29;14;0.0;1.0;0;123.0;54.0;23.0
164;Adri Embarba;esESP;FW,MF;Espanyol;29;1992;22.1;4;0;0;30;43;7;192;19;29;0.0;0.0;0;108.0;17.0;31.0
165;Emerson;brBRA;DF;Barcelona;22;1999;1.0;0;0;0;3;3;0;2;2;3;0.0;0.0;0;2.0;0.0;1.0
166;Youssef En-Nesyri;maMAR;FW;Sevilla;24;1997;14.2;1;0;0;11;10;18;5;4;5;1.0;0.0;0;28.0;45.0;51.0
167;Gonzalo Escalante;arARG;MF;Alavés;28;1993;14.4;8;1;1;25;23;3;3;21;14;1.0;0.0;0;93.0;34.0;23.0
168;Aarón Escandell;esESP;GK;Granada;25;1995;3.2;1;1;0;0;1;0;0;0;0;0.0;0.0;0;4.0;0.0;0.0
169;Sergio Escudero;esESP;DF,MF;Granada;31;1989;15.9;6;0;0;14;20;5;30;26;24;0.0;1.0;0;90.0;33.0;36.0
170;Alfonso Espino;uyURU;DF;Cádiz;29;1992;37.0;6;0;0;50;43;6;150;54;63;0.0;1.0;0;278.0;46.0;54.0
171;Estanis;esESP;FW;Barcelona;17;2003;0.1;0;0;0;1;0;0;0;0;1;0.0;0.0;0;0.0;0.0;2.0
172;Pervis Estupiñán;ecECU;DF;Villarreal;23;1998;17.5;3;0;0;24;11;11;73;25;22;0.0;1.0;0;126.0;23.0;19.0
173;Abdessamad Ezzalzouli;maMAR;FW;Barcelona;19;2001;6.4;4;0;0;17;15;2;15;9;9;0.0;0.0;0;29.0;3.0;7.0
174;Radamel Falcao;coCOL;FW;Rayo Vallecano;35;1986;9.3;1;0;0;17;18;15;4;2;1;0.0;0.0;0;17.0;27.0;33.0
175;Fali;esESP;DF,MF;Cádiz;27;1993;20.0;6;0;0;19;11;0;11;24;19;0.0;0.0;0;110.0;31.0;26.0
176;Omar Faraj;seSWE;FW;Levante;19;2002;0.0;0;0;0;1;0;0;0;0;0;0.0;0.0;0;3.0;0.0;1.0
177;Ansu Fati;esESP;FW;Barcelona;18;2002;3.7;0;0;0;9;12;3;3;1;2;1.0;0.0;0;10.0;1.0;3.0
178;Aleix Febas;esESP;MF;Mallorca;25;1996;1.3;1;0;0;2;5;0;0;0;1;0.0;0.0;0;9.0;1.0;2.0
179;Nabil Fekir;frFRA;MF;Betis;28;1993;31.0;7;1;0;65;92;9;173;7;29;0.0;0.0;0;106.0;26.0;48.0
180;Felipe;brBRA;DF;Atlético Madrid;32;1989;16.7;5;1;0;21;14;2;0;28;15;0.0;0.0;0;100.0;45.0;29.0
181;João Félix;ptPOR;FW,MF;Atlético Madrid;21;1999;14.0;3;1;1;15;57;9;18;7;2;0.0;0.0;0;31.0;19.0;18.0
182;Aitor Fernández;esESP;GK;Levante;30;1991;13.0;1;1;0;1;2;0;0;0;1;0.0;0.0;0;20.0;1.0;0.0
183;Álex Fernández;esESP;MF;Cádiz;28;1992;22.8;2;0;0;15;23;2;69;30;31;0.0;0.0;0;164.0;18.0;30.0
184;Fernando;brBRA;MF,DF;Sevilla;34;1987;20.6;6;0;0;16;11;1;1;29;17;0.0;0.0;0;131.0;35.0;45.0
185;Fidel;esESP;MF;Elche;31;1989;25.1;9;0;0;26;29;7;118;7;23;0.0;1.0;0;141.0;6.0;21.0
186;José Fontán;esESP;DF;Celta Vigo;21;2000;3.1;3;0;0;10;0;0;5;10;3;0.0;1.0;0;17.0;4.0;2.0
187;Dimitri Foulquier;frFRA;DF;Granada;28;1993;2.0;0;0;0;1;3;0;7;1;0;0.0;0.0;0;4.0;1.0;3.0
188;Dimitri Foulquier;frFRA;DF;Valencia;28;1993;26.0;11;0;0;39;40;1;60;29;17;1.0;1.0;0;164.0;20.0;22.0
189;Juan Foyth;arARG;DF;Villarreal;23;1998;21.4;6;1;1;39;22;0;7;20;49;0.0;1.0;0;125.0;36.0;24.0
190;Enric Franquesa;esESP;DF,FW;Levante;24;1997;6.9;1;0;0;7;7;1;10;7;3;0.0;0.0;0;28.0;8.0;7.0
191;Jorge de Frutos;esESP;MF,FW;Levante;24;1997;19.6;4;0;0;39;21;13;69;12;15;0.0;2.0;0;96.0;7.0;16.0
192;Javi Galán;esESP;DF;Celta Vigo;26;1994;36.6;8;0;0;54;75;11;173;45;66;0.0;0.0;0;234.0;25.0;48.0
193;Iñigo Ruiz de Galarreta;esESP;MF;Mallorca;27;1993;15.3;4;0;0;25;33;0;14;20;21;0.0;0.0;0;109.0;18.0;12.0
194;Thiago Galhardo;brBRA;FW,MF;Celta Vigo;32;1989;12.8;5;0;0;21;13;16;9;6;6;0.0;0.0;0;31.0;48.0;66.0
195;Álvaro García;esESP;FW,MF;Rayo Vallecano;28;1992;33.3;6;0;0;23;25;11;194;42;23;0.0;0.0;0;187.0;5.0;23.0
196;Dani García;esESP;MF;Athletic Club;31;1990;24.2;9;0;0;44;22;1;4;24;22;0.0;0.0;0;132.0;33.0;33.0
197;David García;esESP;DF;Osasuna;27;1994;34.5;8;0;0;53;21;0;0;52;14;0.0;1.0;0;221.0;134.0;42.0
198;Eric García;esESP;DF;Barcelona;20;2001;22.7;5;1;0;34;5;2;2;44;18;0.0;1.0;0;95.0;32.0;21.0
199;Francisco Garcia;esESP;DF;Rayo Vallecano;21;1999;33.6;4;0;0;24;15;2;128;45;35;0.0;0.0;0;210.0;25.0;37.0
200;Joan García;esESP;GK;Espanyol;20;2001;1.2;0;0;0;0;0;0;0;1;0;0.0;0.0;0;4.0;0.0;0.0
201;Manu García;esESP;MF;Alavés;23;1998;12.0;3;0;0;24;33;0;43;13;9;0.0;0.0;0;81.0;3.0;10.0
202;Raúl García;esESP;FW;Athletic Club;35;1986;20.0;3;0;0;49;32;12;20;9;17;0.0;0.0;0;62.0;57.0;66.0
203;Rubén García;esESP;MF,FW;Osasuna;28;1993;26.4;1;0;0;37;28;8;199;24;26;0.0;1.0;0;139.0;28.0;44.0
204;Saúl García;esESP;MF;Alavés;26;1994;0.0;0;0;0;0;0;0;0;0;1;0.0;0.0;0;1.0;0.0;0.0
205;Unai García;esESP;DF;Osasuna;29;1992;15.6;5;0;0;10;7;0;8;22;12;0.0;1.0;0;75.0;34.0;33.0
206;Mario Gaspar;esESP;DF;Villarreal;30;1990;6.9;1;0;0;8;2;0;4;6;4;0.0;0.0;0;30.0;8.0;11.0
207;Gavi;esESP;MF,FW;Barcelona;16;2004;25.7;11;1;1;63;69;12;48;25;18;1.0;0.0;0;122.0;32.0;35.0
208;Óscar Gil;esESP;DF;Espanyol;24;1997;18.8;7;0;0;36;24;2;38;19;35;0.0;0.0;0;72.0;6.0;24.0
209;Mario Gila;esESP;DF;Real Madrid;20;2000;0.3;0;0;0;0;0;0;0;1;0;0.0;0.0;0;6.0;0.0;0.0
210;Dani Gómez;esESP;FW;Levante;23;1998;11.8;1;0;0;18;20;11;5;3;4;1.0;0.0;0;32.0;4.0;29.0
211;Maxi Gómez;uyURU;FW;Valencia;24;1996;21.7;7;1;1;49;55;10;19;3;3;1.0;0.0;0;48.0;82.0;67.0
212;Moi Gómez;esESP;MF,FW;Villarreal;27;1994;14.3;2;0;0;22;11;1;33;6;7;0.0;0.0;0;76.0;11.0;14.0
213;Papu Gómez;arARG;FW,MF;Sevilla;33;1988;19.8;4;0;0;21;48;1;57;7;11;0.0;0.0;0;80.0;10.0;20.0
214;Sergi Gómez;esESP;DF;Espanyol;29;1992;30.2;1;1;0;11;4;0;0;40;24;0.0;0.0;0;103.0;39.0;50.0
215;Maxime Gonalons;frFRA;MF;Granada;32;1989;17.2;6;0;0;29;31;0;6;18;28;0.0;0.0;0;110.0;33.0;16.0
216;Diego González;esESP;DF;Elche;26;1995;19.9;3;1;0;25;3;0;0;19;16;0.0;1.0;0;85.0;27.0;27.0
217;Édgar González;esESP;DF;Betis;24;1997;16.3;6;0;0;21;8;0;1;23;19;0.0;0.0;0;70.0;32.0;34.0
218;Giovanni González;uyURU;DF;Mallorca;26;1994;4.1;1;0;0;3;3;0;10;4;3;0.0;0.0;0;20.0;6.0;12.0
219;Nicolás González;esESP;MF;Barcelona;19;2002;12.4;6;0;0;37;19;1;7;6;20;0.0;0.0;0;66.0;5.0;13.0
220;Peter González;doDOM;MF,DF;Real Madrid;19;2002;0.3;0;0;0;0;2;0;1;1;0;0.0;0.0;0;3.0;0.0;1.0
221;Roberto González;esESP;FW,MF;Betis;20;2001;1.5;0;0;0;2;3;0;1;1;4;0.0;0.0;0;2.0;1.0;1.0
222;Gori;esESP;MF;Espanyol;19;2002;0.1;1;0;0;1;0;0;0;0;0;0.0;0.0;0;0.0;0.0;1.0
223;Andoni Gorosabel;esESP;DF;Real Sociedad;24;1996;25.4;4;0;0;27;18;0;63;18;31;0.0;0.0;0;137.0;22.0;30.0
224;Jaume Grau;esESP;MF;Osasuna;24;1997;0.0;0;0;0;0;0;0;0;0;1;0.0;0.0;0;1.0;0.0;1.0
225;Dominik Greif;skSVK;GK;Mallorca;24;1997;1.0;0;0;0;0;0;0;0;0;0;0.0;0.0;0;4.0;0.0;0.0
226;Clément Grenier;frFRA;MF;Mallorca;30;1991;0.7;1;0;0;2;0;0;2;0;0;0.0;0.0;0;4.0;1.0;2.0
227;Antoine Griezmann;frFRA;FW;Barcelona;30;1991;2.9;0;0;0;2;4;0;0;3;5;0.0;0.0;0;9.0;4.0;6.0
228;Antoine Griezmann;frFRA;FW,MF;Atlético Madrid;30;1991;18.8;3;0;0;18;27;10;34;7;14;0.0;0.0;0;72.0;31.0;53.0
229;Arnaut Groeneveld;nlNED;FW;Villarreal;24;1997;16.4;1;0;0;3;18;17;27;2;6;0.0;0.0;0;31.0;3.0;8.0
230;Andrés Guardado;mxMEX;MF;Betis;34;1986;15.5;4;0;0;24;18;0;9;21;13;0.0;1.0;0;100.0;12.0;32.0
231;Sergi Guardiola;esESP;FW;Rayo Vallecano;30;1991;19.0;3;0;0;29;29;14;16;4;9;1.0;0.0;0;47.0;23.0;45.0
232;Nemanja Gudelj;rsSRB;DF,MF;Sevilla;29;1991;11.6;5;0;0;15;9;0;0;22;7;0.0;0.0;0;73.0;29.0;8.0
233;Gonçalo Guedes;ptPOR;FW,MF;Valencia;24;1996;29.0;3;0;0;37;74;5;110;9;14;1.0;0.0;0;108.0;16.0;29.0
234;Ander Guevara;esESP;MF;Real Sociedad;24;1997;9.6;2;0;0;15;5;0;0;12;13;0.0;1.0;0;66.0;15.0;22.0
235;John Guidetti;seSWE;FW,MF;Alavés;29;1992;3.1;2;0;0;9;3;3;4;0;1;1.0;0.0;0;7.0;1.0;6.0
236;Hugo Guillamón;esESP;MF,DF;Valencia;21;2000;26.2;11;2;1;71;63;2;6;30;27;0.0;0.0;1;169.0;48.0;39.0
237;Gerard Gumbau;esESP;MF;Elche;26;1994;21.0;8;1;0;50;22;0;93;23;19;0.0;0.0;0;104.0;15.0;22.0
238;Jon Guridi;esESP;MF;Real Sociedad;26;1995;2.3;0;0;0;4;3;0;3;3;3;0.0;0.0;0;9.0;1.0;12.0
239;Raúl Guti;esESP;MF;Elche;24;1996;18.1;4;1;1;16;34;0;9;25;15;0.0;0.0;0;106.0;9.0;17.0
240;Marcos Mauro López Gutiérrez;arARG;DF;Cádiz;30;1991;1.5;1;0;0;1;1;0;0;1;0;0.0;0.0;0;5.0;4.0;1.0
241;Miguel Gutiérrez;esESP;DF;Real Madrid;20;2001;2.9;1;0;0;3;8;0;9;2;5;0.0;0.0;0;14.0;2.0;2.0
242;Munir El Haddadi;maMAR;FW,MF;Sevilla;25;1995;5.3;3;0;0;7;13;3;6;5;4;0.0;0.0;0;23.0;8.0;16.0
243;Varazdat Haroyan;amARM;DF;Cádiz;28;1992;16.0;9;0;0;22;6;1;1;15;21;0.0;0.0;0;68.0;29.0;19.0
244;Eden Hazard;beBEL;FW,MF;Real Madrid;30;1991;8.0;3;0;0;9;30;4;12;2;3;0.0;0.0;0;24.0;1.0;6.0
245;Kike Hermoso;esESP;DF;Betis;21;1999;1.0;0;0;0;1;0;0;0;0;1;0.0;0.0;0;5.0;6.0;2.0
246;Mario Hermoso;esESP;DF;Atlético Madrid;26;1995;20.7;6;1;0;26;11;1;24;29;15;0.0;0.0;1;126.0;49.0;22.0
247;Aridane Hernández;gqEQG;DF;Osasuna;32;1989;12.9;1;0;0;5;4;3;1;20;9;0.0;0.0;1;67.0;22.0;20.0
248;Luis Hernández;esESP;DF;Cádiz;32;1989;15.2;5;0;0;9;7;1;9;16;5;0.0;0.0;0;68.0;14.0;17.0
249;Mario Hernández;esESP;DF,FW;Rayo Vallecano;22;1999;4.4;3;0;0;4;4;1;15;4;4;0.0;0.0;0;20.0;2.0;5.0
250;Héctor Herrera;mxMEX;MF;Atlético Madrid;31;1990;9.5;4;0;0;19;8;1;10;12;8;0.0;1.0;0;73.0;23.0;23.0
251;Sergio Herrera;esESP;GK;Osasuna;28;1993;36.0;3;0;0;0;11;0;0;1;2;0.0;0.0;0;50.0;5.0;0.0
252;Yangel Herrera;veVEN;MF;Espanyol;23;1998;18.3;7;1;1;44;34;1;9;19;31;0.0;0.0;0;128.0;55.0;60.0
253;Matthew Hoppe;usUSA;FW,MF;Mallorca;20;2001;1.5;0;0;0;4;1;2;0;0;0;0.0;0.0;0;6.0;2.0;10.0
254;Robert Ibáñez;esESP;MF,FW;Osasuna;28;1993;1.0;0;0;0;0;5;1;0;1;3;0.0;0.0;0;8.0;0.0;2.0
255;Vicente Iborra;esESP;MF;Villarreal;33;1988;11.5;4;0;0;19;10;0;0;11;10;0.0;0.0;0;69.0;26.0;15.0
256;Oussama Idrissi;maMAR;MF,FW;Sevilla;25;1996;1.4;1;0;0;4;4;2;4;1;0;1.0;0.0;0;6.0;0.0;1.0
257;Oussama Idrissi;maMAR;MF;Cádiz;25;1996;10.0;2;0;0;10;3;2;45;3;4;0.0;0.0;0;48.0;0.0;8.0
258;Iglesias;esESP;DF;Getafe;23;1998;8.0;1;0;0;16;17;1;46;10;10;0.0;0.0;0;51.0;10.0;14.0
259;Borja Iglesias;esESP;FW;Betis;28;1993;17.5;4;0;0;25;31;8;6;4;4;2.0;0.0;0;33.0;20.0;27.0
260;Asier Illarramendi;esESP;MF;Real Sociedad;31;1990;4.2;1;0;0;4;1;0;5;4;5;0.0;0.0;0;37.0;12.0;7.0
261;Nikita Iosifov;ruRUS;MF;Villarreal;20;2001;0.0;0;0;0;0;0;0;2;0;0;0.0;0.0;0;0.0;0.0;0.0
262;Alexander Isak;seSWE;FW;Real Sociedad;21;1999;23.8;6;0;0;32;30;15;17;3;4;0.0;0.0;0;56.0;28.0;34.0
263;Isco;esESP;MF,FW;Real Madrid;29;1992;3.7;1;0;0;7;8;0;8;2;5;0.0;0.0;0;19.0;4.0;1.0
264;Nicolas Jackson;snSEN;FW,MF;Villarreal;20;2001;1.8;1;0;0;2;5;1;1;1;0;1.0;0.0;0;6.0;13.0;6.0
265;Jakub Jankto;czCZE;DF,MF;Getafe;25;1996;6.5;1;1;0;3;7;0;27;4;7;0.0;0.0;0;38.0;2.0;3.0
266;Adnan Januzaj;beBEL;FW,MF;Real Sociedad;26;1995;18.1;5;0;0;28;51;4;146;12;11;1.0;0.0;0;93.0;10.0;19.0
267;Jason;esESP;MF,FW;Alavés;27;1994;7.5;1;0;0;13;13;0;61;7;7;0.0;1.0;0;37.0;9.0;16.0
268;Jason;esESP;MF,DF;Valencia;27;1994;0.8;2;0;0;3;4;0;7;1;1;0.0;0.0;0;7.0;0.0;2.0
269;Luis Javier Suárez;coCOL;FW;Granada;23;1997;31.6;6;0;0;40;36;5;38;6;14;0.0;0.0;0;86.0;55.0;115.0
270;Álvaro Jiménez;esESP;MF,FW;Cádiz;26;1995;2.6;0;0;0;4;7;0;23;3;3;0.0;0.0;0;9.0;2.0;3.0
271;Joaquín;esESP;FW,MF;Betis;40;1981;5.2;0;0;0;1;9;0;36;3;2;0.0;0.0;0;30.0;3.0;12.0
272;Jofre;esESP;MF,DF;Espanyol;20;2001;0.2;0;0;0;0;4;0;3;0;1;1.0;0.0;0;0.0;1.0;0.0
273;Frenkie de Jong;nlNED;MF;Barcelona;24;1997;27.5;7;1;1;24;35;6;31;20;19;0.0;0.0;0;154.0;25.0;15.0
274;Luuk de Jong;nlNED;FW;Barcelona;30;1990;7.3;1;0;0;8;12;6;1;0;7;0.0;0.0;0;23.0;33.0;18.0
275;Joan Jordán;esESP;MF;Sevilla;27;1994;27.9;9;0;0;54;26;1;23;30;30;0.0;0.0;0;185.0;11.0;23.0
276;Josan;esESP;DF,MF;Elche;31;1989;13.5;2;0;0;14;30;4;74;10;22;0.0;0.0;0;60.0;3.0;16.0
277;Willian José;brBRA;FW;Betis;29;1991;17.8;2;0;0;12;23;7;7;3;13;0.0;0.0;0;64.0;22.0;34.0
278;Joselu;esESP;FW;Alavés;31;1990;34.7;0;0;0;43;57;11;31;7;11;2.0;0.0;0;87.0;281.0;132.0
279;Josema;esESP;DF;Elche;25;1996;2.0;0;0;0;3;4;0;3;0;2;0.0;1.0;0;9.0;3.0;5.0
280;Luka Jović;rsSRB;FW;Real Madrid;23;1997;4.1;1;0;0;3;3;2;0;1;1;0.0;0.0;0;9.0;7.0;8.0
281;Miguel Juan Llambrich;esESP;DF;Espanyol;25;1996;0.8;0;0;0;0;1;0;1;0;2;0.0;0.0;0;6.0;0.0;2.0
282;José Juan Macías;mxMEX;FW,MF;Getafe;21;1999;2.2;1;0;0;1;11;4;3;1;0;1.0;0.0;0;5.0;4.0;6.0
283;Juanmi;esESP;FW;Betis;28;1993;23.7;5;0;0;40;15;18;4;9;25;1.0;0.0;0;106.0;32.0;37.0
284;Lago Junior;ciCIV;FW,MF;Mallorca;30;1990;2.0;0;0;0;5;7;0;5;2;2;0.0;0.0;0;6.0;4.0;10.0
285;Vinicius Júnior;brBRA;FW;Real Madrid;21;2000;29.9;6;0;0;34;74;26;44;6;24;4.0;0.0;0;105.0;3.0;8.0
286;Jutglà;esESP;FW;Barcelona;22;1999;3.3;1;0;0;4;6;1;6;1;1;0.0;0.0;0;9.0;6.0;4.0
287;Jens Jønsson;dkDEN;MF;Cádiz;28;1993;14.5;3;0;0;16;8;1;5;34;29;0.0;0.0;0;83.0;28.0;13.0
288;Lee Kangin;krKOR;MF,FW;Mallorca;20;2001;15.7;4;1;1;23;36;1;73;5;6;0.0;0.0;1;77.0;16.0;39.0
289;Kike;esESP;FW;Osasuna;31;1989;20.7;2;0;0;23;36;9;21;3;7;1.0;0.0;0;68.0;75.0;107.0
290;Koba Koindredi;frFRA;MF;Valencia;19;2001;2.0;1;0;0;8;6;0;2;4;3;0.0;0.0;0;8.0;5.0;7.0
291;Koke;esESP;MF;Atlético Madrid;29;1992;27.9;6;0;0;29;27;0;33;24;30;0.0;0.0;0;169.0;12.0;26.0
292;Luca Koleosho;caCAN;FW;Espanyol;16;2004;0.0;0;0;0;2;0;0;0;0;0;0.0;0.0;0;0.0;0.0;1.0
293;Geoffrey Kondogbia;cfCTA;MF,DF;Atlético Madrid;28;1993;20.9;13;2;2;40;37;0;1;44;44;0.0;0.0;0;188.0;38.0;21.0
294;Jules Koundé;frFRA;DF;Sevilla;22;1998;30.4;2;2;0;15;28;2;18;21;17;1.0;0.0;0;199.0;77.0;49.0
295;Toni Kroos;deGER;MF;Real Madrid;31;1990;23.4;4;0;0;20;39;0;86;12;26;0.0;0.0;0;125.0;8.0;10.0
296;Takefusa Kubo;jpJPN;FW,MF;Mallorca;20;2001;17.8;4;0;0;17;47;5;51;8;19;0.0;0.0;0;101.0;11.0;14.0
297;Víctor Laguardia;esESP;DF;Alavés;31;1989;33.8;9;0;0;21;6;4;3;27;16;0.0;0.0;0;171.0;62.0;47.0
298;Diego Lainez;mxMEX;FW;Betis;21;2000;1.6;0;0;0;4;1;0;2;1;1;0.0;0.0;0;10.0;0.0;2.0
299;Érik Lamela;arARG;FW,MF;Sevilla;29;1992;11.3;5;0;0;21;13;5;15;5;18;0.0;0.0;0;54.0;10.0;12.0
300;Latasa;esESP;FW;Real Madrid;20;2001;0.1;0;0;0;0;0;0;0;0;0;0.0;0.0;0;0.0;0.0;0.0
301;Toni Lato;esESP;DF;Valencia;23;1997;6.6;5;0;0;14;6;1;19;8;12;0.0;0.0;0;52.0;4.0;19.0
302;Robin Le Normand;frFRA;DF;Real Sociedad;24;1996;37.0;6;0;0;37;22;2;1;48;32;0.0;0.0;0;155.0;107.0;66.0
303;Jeremías Ledesma;arARG;GK;Cádiz;28;1993;38.0;4;0;0;2;7;0;0;1;1;0.0;2.0;0;39.0;13.0;1.0
304;Wu Lei;cnCHN;FW,MF;Espanyol;29;1991;5.3;0;0;0;5;5;5;4;4;2;0.0;0.0;0;16.0;8.0;22.0
305;Florian Lejeune;frFRA;DF;Alavés;30;1991;30.0;9;1;1;34;5;2;3;31;24;0.0;2.0;0;164.0;71.0;43.0
306;Iñigo Lekue;esESP;DF;Athletic Club;28;1993;21.4;3;0;0;19;9;0;66;23;23;0.0;0.0;0;144.0;18.0;17.0
307;Thomas Lemar;frFRA;MF;Atlético Madrid;25;1995;16.0;2;0;0;11;21;2;90;8;14;0.0;2.0;0;71.0;12.0;10.0
308;Ruben Lendinez;esESP;DF;Valencia;18;2003;1.5;2;0;0;2;0;0;0;2;3;0.0;0.0;0;8.0;0.0;1.0
309;Clément Lenglet;frFRA;DF;Barcelona;26;1995;9.2;4;0;0;19;4;0;1;13;11;0.0;1.0;0;60.0;16.0;25.0
310;Javier Llabrés;esESP;FW,MF;Mallorca;18;2002;1.5;0;0;0;0;0;1;4;0;1;0.0;0.0;0;9.0;1.0;1.0
311;Marcos Llorente;esESP;MF,DF;Atlético Madrid;26;1995;27.2;5;0;0;30;16;7;71;27;23;0.0;1.0;0;174.0;18.0;23.0
312;Giovani Lo Celso;arARG;FW,MF;Villarreal;25;1996;11.0;3;0;0;16;42;3;15;5;12;0.0;0.0;0;61.0;3.0;6.0
313;Julen Lobete;esESP;FW,MF;Real Sociedad;20;2000;3.2;0;0;0;9;11;5;0;1;3;0.0;0.0;0;16.0;4.0;8.0
314;Renan Lodi;brBRA;DF;Atlético Madrid;23;1998;13.1;4;0;0;21;21;3;48;13;18;0.0;1.0;0;64.0;28.0;21.0
315;David López;esESP;MF,DF;Espanyol;31;1989;8.3;1;0;0;9;6;0;0;10;13;0.0;0.0;0;56.0;21.0;17.0
316;Diego López;esESP;GK;Espanyol;39;1981;35.3;4;0;0;0;6;0;0;1;0;0.0;0.0;0;49.0;10.0;0.0
317;Javi López;esESP;DF;Alavés;19;2002;5.1;2;0;0;6;12;0;14;4;6;0.0;0.0;0;13.0;0.0;6.0
318;Unai López;esESP;MF;Rayo Vallecano;25;1995;12.9;5;0;0;26;17;5;62;10;9;0.0;0.0;0;76.0;8.0;22.0
319;Mamadou Loum;snSEN;MF;Alavés;24;1996;25.7;10;0;0;50;22;1;4;37;22;0.0;0.0;0;160.0;100.0;42.0
320;Anthony Lozano;hnHON;FW,MF;Cádiz;28;1993;18.6;8;0;0;43;38;9;26;2;4;4.0;0.0;0;64.0;44.0;75.0
321;Florentino Luís;ptPOR;MF;Getafe;21;1999;11.0;2;0;0;18;2;0;2;21;25;0.0;0.0;0;70.0;17.0;22.0
322;José Luis Gayà;esESP;DF;Valencia;26;1995;20.8;8;2;1;34;21;4;94;19;21;1.0;1.0;0;111.0;8.0;15.0
323;José Luis Morales;esESP;FW,MF;Levante;34;1987;30.2;7;0;0;28;40;15;121;4;17;1.0;0.0;0;132.0;16.0;31.0
324;Luismi;esESP;FW,MF;Sevilla;20;2001;0.1;0;0;0;0;0;0;0;0;0;0.0;0.0;0;1.0;0.0;0.0
325;Andriy Lunin;uaUKR;GK;Real Madrid;22;1999;2.0;0;0;0;1;0;0;0;0;0;0.0;1.0;0;1.0;0.0;0.0
326;Darwin Machís;veVEN;MF,FW;Granada;28;1993;15.3;2;0;0;20;30;6;66;15;13;0.0;0.0;0;85.0;12.0;18.0
327;Pablo Maffeo;esESP;DF;Mallorca;24;1997;32.7;10;0;0;32;59;3;109;46;47;3.0;0.0;0;170.0;59.0;57.0
328;Nemanja Maksimović;rsSRB;MF;Getafe;26;1995;32.6;5;0;0;13;13;0;13;71;32;0.0;0.0;0;143.0;47.0;42.0
329;Hugo Mallo;esESP;DF;Celta Vigo;30;1991;20.3;5;2;1;38;4;6;73;20;25;0.0;1.0;0;97.0;41.0;28.0
330;Mickael Malsa;mqMTQ;MF;Levante;25;1995;12.7;7;0;0;19;15;0;0;18;17;0.0;0.0;0;99.0;10.0;20.0
331;Giorgi Mamardashvili;geGEO;GK;Valencia;20;2000;18.0;2;0;0;0;2;0;0;0;0;0.0;0.0;0;29.0;6.0;0.0
332;Reinildo Mandava;mzMOZ;DF;Atlético Madrid;27;1994;14.4;5;0;0;26;20;0;16;21;25;0.0;1.0;0;88.0;22.0;26.0
333;Aïssa Mandi;dzALG;DF;Villarreal;29;1991;15.3;3;0;0;14;5;1;0;13;5;0.0;0.0;1;54.0;26.0;21.0
334;Maranhão;brBRA;FW,MF;Valencia;24;1996;10.8;3;0;0;23;22;4;3;7;11;1.0;0.0;0;34.0;41.0;51.0
335;Nikola Maraš;rsSRB;DF;Rayo Vallecano;25;1995;11.6;4;0;0;11;4;0;0;15;9;0.0;0.0;0;37.0;29.0;27.0
336;Marcelo;brBRA;DF;Real Madrid;33;1988;5.8;0;0;0;3;8;0;29;1;4;0.0;0.0;0;32.0;3.0;4.0
337;Iván Marcone;arARG;MF;Elche;31;1990;9.0;5;0;0;12;4;0;1;12;14;0.0;0.0;0;59.0;6.0;3.0
338;Óscar de Marcos;esESP;DF;Athletic Club;32;1989;18.7;5;0;0;25;8;3;48;19;37;0.0;0.0;0;120.0;22.0;16.0
339;José Mari;esESP;MF;Cádiz;33;1987;4.3;3;1;1;8;7;0;1;7;7;0.0;0.0;0;25.0;4.0;7.0
340;José María Giménez;uyURU;DF;Atlético Madrid;26;1995;22.7;7;0;0;11;21;2;1;25;12;0.0;0.0;0;99.0;41.0;24.0
341;Mariano;doDOM;FW;Real Madrid;27;1993;3.8;2;0;0;2;0;4;1;1;0;0.0;0.0;0;4.0;9.0;4.0
342;Mika Màrmol;esESP;DF;Barcelona;19;2002;0.0;0;0;0;0;0;0;0;0;0;0.0;0.0;0;1.0;0.0;0.0
343;Roger Martí;esESP;FW;Levante;30;1991;23.5;8;0;0;62;28;12;10;2;14;1.0;0.0;0;49.0;29.0;54.0
344;Anthony Martial;frFRA;FW,MF;Sevilla;25;1995;5.4;1;0;0;5;11;0;6;0;1;0.0;0.0;0;7.0;6.0;9.0
345;Martín;esESP;MF;Cádiz;22;1999;1.3;1;0;0;4;1;0;3;1;2;0.0;0.0;0;5.0;6.0;5.0
346;Ander Martin;esESP;FW,MF;Real Sociedad;20;2000;1.0;0;0;0;4;0;0;5;3;0;0.0;0.0;0;4.0;2.0;2.0
347;Andrés Martín;esESP;FW,MF;Rayo Vallecano;22;1999;2.1;0;0;0;3;2;3;2;0;0;0.0;0.0;0;3.0;2.0;2.0
348;Carlos Martín;esESP;DF;Atlético Madrid;19;2002;0.1;1;0;0;1;0;0;0;0;0;0.0;0.0;0;0.0;1.0;1.0
349;Iván Martín;esESP;MF,FW;Alavés;22;1999;1.8;0;0;0;2;1;0;3;1;1;0.0;0.0;0;6.0;3.0;3.0
350;Iñigo Martínez;esESP;DF;Athletic Club;30;1991;26.0;9;2;1;33;27;2;11;39;13;0.0;1.0;0;175.0;69.0;46.0
351;Javi Martínez;esESP;MF,FW;Osasuna;21;1999;9.8;1;0;0;15;9;0;31;9;14;0.0;0.0;0;62.0;9.0;16.0
352;Pablo Martínez;esESP;MF;Levante;23;1998;7.3;2;0;0;11;9;1;14;15;8;0.0;0.0;0;46.0;11.0;12.0
353;Omar Mascarell;esESP;MF;Elche;28;1993;27.7;6;0;0;37;22;0;5;48;26;0.0;0.0;0;172.0;42.0;39.0
354;Jaime Mata;esESP;FW;Getafe;32;1988;7.5;7;0;0;25;17;9;10;1;5;0.0;0.0;0;21.0;25.0;54.0
355;Luís Maximiano;ptPOR;GK;Granada;22;1999;34.8;2;0;0;0;3;0;0;1;1;0.0;0.0;1;50.0;6.0;1.0
356;Borja Mayoral;esESP;FW;Getafe;24;1997;11.6;3;0;0;13;20;4;7;4;5;0.0;0.0;0;47.0;21.0;30.0
357;Jordi Mboula;esESP;FW;Mallorca;22;1999;4.8;2;0;0;6;9;5;12;3;2;0.0;1.0;0;20.0;10.0;9.0
358;Óscar Melendo;esESP;MF,FW;Espanyol;23;1997;11.0;0;0;0;9;37;0;4;1;5;0.0;0.0;0;56.0;6.0;15.0
359;Gonzalo Melero;esESP;MF;Levante;27;1994;18.8;5;0;0;20;27;2;3;7;16;0.0;0.0;0;96.0;25.0;31.0
360;Memphis;nlNED;FW;Barcelona;27;1994;20.6;3;0;0;23;44;13;125;3;4;3.0;0.0;0;52.0;10.0;15.0
361;Tomás Mendes;esESP;MF;Alavés;16;2004;0.1;0;0;0;0;0;0;0;0;0;0.0;0.0;0;0.0;0.0;1.0
362;Brais Méndez;esESP;MF;Celta Vigo;24;1997;33.6;8;0;0;75;54;9;41;37;35;0.0;0.0;0;199.0;45.0;50.0
363;Édgar Méndez;esESP;FW,MF;Alavés;31;1990;17.9;6;0;0;50;31;15;59;4;14;0.0;0.0;0;73.0;34.0;37.0
364;Ferland Mendy;frFRA;DF;Real Madrid;26;1995;19.3;4;0;0;15;24;3;28;18;14;1.0;1.0;0;98.0;11.0;13.0
365;Fran Mérida;esESP;MF;Espanyol;31;1990;3.0;2;1;0;6;6;0;8;6;3;0.0;0.0;0;29.0;0.0;4.0
366;Mikel Merino;esESP;MF;Real Sociedad;25;1996;32.1;8;0;0;60;67;4;23;21;38;2.0;1.0;0;287.0;109.0;83.0
367;Martín Merquelanz;esESP;FW,MF;Rayo Vallecano;26;1995;1.9;0;0;0;2;2;0;12;0;1;0.0;0.0;0;7.0;3.0;4.0
368;Matt Miazga;usUSA;DF;Alavés;26;1995;9.3;2;0;0;6;2;0;0;11;7;0.0;0.0;0;35.0;32.0;8.0
369;Miguel;esESP;FW,MF;Alavés;21;1999;9.2;2;0;0;19;20;5;6;1;3;1.0;0.0;0;32.0;14.0;41.0
370;Éder Militão;brBRA;DF;Real Madrid;23;1998;33.7;5;0;0;38;39;1;11;52;32;1.0;0.0;0;204.0;83.0;38.0
371;Luis Milla;esESP;MF;Granada;26;1994;30.8;4;0;0;26;64;1;132;25;29;0.0;0.0;0;217.0;30.0;30.0
372;Pere Milla;esESP;MF,FW;Elche;28;1992;18.3;4;0;0;17;50;9;13;5;15;0.0;1.0;0;104.0;31.0;43.0
373;Santi Mina;esESP;FW;Celta Vigo;25;1995;26.3;4;0;0;53;39;10;12;6;17;2.0;0.0;0;105.0;126.0;154.0
374;Óscar Mingueza;esESP;DF;Barcelona;22;1999;9.9;2;0;0;12;4;1;32;9;11;0.0;0.0;0;45.0;9.0;6.0
375;Rafa Mir;esESP;FW;Sevilla;24;1997;20.1;6;0;0;32;18;23;9;0;3;0.0;0.0;0;49.0;58.0;52.0
376;Jorge Miramón;esESP;DF;Levante;32;1989;22.0;5;0;0;31;23;0;49;35;19;0.0;0.0;0;147.0;18.0;23.0
377;Juan Miranda;esESP;DF;Betis;21;2000;8.7;3;0;0;13;13;0;28;15;11;0.0;0.0;0;36.0;12.0;18.0
378;Stefan Mitrović;rsSRB;DF;Getafe;31;1990;29.6;8;1;0;18;4;0;0;22;8;0.0;0.0;0;106.0;56.0;30.0
379;Luka Modrić;hrCRO;MF;Real Madrid;35;1985;22.6;4;0;0;24;32;1;48;20;10;0.0;0.0;0;123.0;6.0;14.0
380;Johan Mojica;coCOL;DF;Elche;28;1992;31.7;4;1;0;32;50;4;158;25;25;0.0;0.0;0;234.0;28.0;21.0
381;Jorge Molina;esESP;FW;Granada;39;1982;21.8;2;0;0;19;39;11;9;6;2;0.0;0.0;0;47.0;89.0;93.0
382;Jon Moncayola;esESP;MF;Osasuna;23;1998;32.4;2;0;0;20;15;1;98;20;20;0.0;0.0;0;207.0;18.0;21.0
383;Monchu;esESP;MF;Granada;21;1999;7.4;3;1;0;29;11;0;6;4;6;0.0;0.0;0;35.0;10.0;8.0
384;Gonzalo Montiel;arARG;DF;Sevilla;24;1997;11.8;7;0;0;9;12;4;33;10;4;0.0;0.0;0;68.0;10.0;7.0
385;Ángel Montoro;esESP;MF;Granada;33;1988;14.8;5;0;0;29;18;2;45;11;13;0.0;0.0;0;83.0;8.0;18.0
386;Martín Montoya;esESP;DF;Betis;30;1991;5.8;2;0;0;8;10;0;13;11;12;0.0;0.0;0;27.0;10.0;6.0
387;Jon Morcillo;esESP;MF,FW;Athletic Club;22;1998;0.6;2;0;0;2;1;0;7;0;0;0.0;0.0;0;4.0;0.0;0.0
388;Alberto Moreno;esESP;MF,DF;Villarreal;29;1992;13.6;3;0;0;20;21;6;47;27;7;0.0;2.0;0;65.0;7.0;10.0
389;Álex Moreno;esESP;DF;Betis;28;1993;26.7;3;1;0;33;38;3;84;34;40;1.0;0.0;0;145.0;24.0;34.0
390;Gerard Moreno;esESP;FW;Villarreal;29;1992;13.2;2;0;0;11;14;8;12;6;2;1.0;0.0;0;33.0;18.0;18.0
391;Tete Morente;esESP;MF;Elche;24;1996;18.1;4;0;0;32;22;8;74;12;14;0.0;0.0;0;90.0;22.0;21.0
392;Ilaix Moriba;gnGUI;MF;Valencia;18;2003;9.1;9;1;1;21;25;0;3;12;18;0.0;0.0;0;51.0;14.0;21.0
393;Manu Morlanes;esESP;MF;Espanyol;22;1999;12.7;6;1;0;13;11;0;6;13;15;0.0;0.0;0;78.0;17.0;24.0
394;Loren Morón;esESP;FW,MF;Espanyol;27;1993;6.3;0;0;0;10;15;7;5;2;4;0.0;0.0;0;15.0;19.0;29.0
395;Loren Morón;esESP;FW;Betis;27;1993;0.0;0;0;0;0;0;0;0;0;1;0.0;0.0;0;1.0;0.0;0.0
396;Cristhian Mosquera;coCOL;DF;Valencia;17;2004;2.4;1;0;0;4;0;0;0;3;2;0.0;0.0;0;12.0;1.0;3.0
397;Toni Moya;esESP;MF;Alavés;23;1998;15.4;2;0;0;27;10;0;81;20;10;0.0;1.0;0;99.0;10.0;20.0
398;Iker Muniain;esESP;MF;Athletic Club;28;1992;30.9;3;0;0;15;81;5;173;17;10;2.0;0.0;0;159.0;5.0;9.0
399;Aihen Muñoz;esESP;DF;Real Sociedad;23;1997;14.9;4;1;1;27;14;0;39;17;17;0.0;0.0;0;80.0;25.0;22.0
400;Jeison Murillo;coCOL;DF;Celta Vigo;29;1992;12.4;5;1;0;13;13;0;1;17;10;0.0;1.0;0;61.0;31.0;33.0
401;Vedat Muriqi;xkKVX;FW;Mallorca;27;1994;16.0;6;0;0;27;16;7;7;6;3;0.0;0.0;0;42.0;116.0;98.0
402;Yunus Musah;usUSA;MF,FW;Valencia;18;2002;14.0;5;0;0;24;16;0;29;14;13;0.0;1.0;0;50.0;16.0;21.0
403;Shkodran Mustafi;deGER;DF;Levante;29;1992;7.3;1;0;0;3;4;3;0;15;6;0.0;0.0;0;27.0;24.0;7.0
404;Nacho;esESP;DF;Real Madrid;31;1990;17.3;7;0;0;15;13;0;11;34;14;0.0;0.0;0;95.0;28.0;19.0
405;Roberto Navarro;esESP;MF,FW;Real Sociedad;19;2002;2.2;0;0;0;3;2;1;2;2;3;0.0;0.0;0;15.0;1.0;6.0
406;Ximo Navarro;esESP;DF;Alavés;31;1990;15.0;4;1;0;16;25;2;29;22;19;0.0;2.0;0;79.0;9.0;23.0
407;Jesús Navas;esESP;DF;Sevilla;35;1985;19.8;4;0;0;5;10;2;112;17;13;0.0;0.0;0;106.0;13.0;19.0
408;Álvaro Negredo;esESP;FW;Cádiz;35;1985;24.0;3;0;0;16;34;11;15;2;3;1.0;1.0;0;40.0;114.0;111.0
409;Neto;brBRA;GK;Barcelona;32;1989;3.0;0;0;0;0;0;0;0;0;0;0.0;0.0;0;4.0;0.0;0.0
410;Carlos Neva;esESP;DF;Granada;25;1996;23.4;1;0;0;8;22;0;84;32;19;0.0;0.0;0;111.0;20.0;31.0
411;Saúl Ñíguez;esESP;FW,MF;Atlético Madrid;26;1994;2.2;0;0;0;2;2;1;5;0;2;0.0;0.0;0;12.0;6.0;3.0
412;Fernando Niño;esESP;FW;Mallorca;20;2000;9.8;2;0;0;18;19;3;1;3;4;1.0;0.0;0;31.0;46.0;52.0
413;Peru Nolaskoain;esESP;DF;Athletic Club;22;1998;0.0;0;0;0;1;0;0;0;0;0;0.0;0.0;0;0.0;0.0;0.0
414;Nolito;esESP;MF;Celta Vigo;34;1986;15.4;2;0;0;21;11;6;18;9;15;0.0;1.0;0;75.0;12.0;13.0
415;Randy Ntekja;frFRA;FW,MF;Rayo Vallecano;23;1997;16.2;2;0;0;41;24;3;9;8;13;2.0;0.0;0;56.0;61.0;67.0
416;Unai Núñez;esESP;DF;Athletic Club;24;1997;6.9;2;0;0;10;7;0;1;8;4;0.0;1.0;0;46.0;12.0;11.0
417;Allan Nyom;cmCMR;DF;Getafe;33;1988;2.7;1;0;0;1;3;0;3;2;1;0.0;0.0;0;12.0;4.0;2.0
418;Jan Oblak;siSVN;GK;Atlético Madrid;28;1993;38.0;2;0;0;0;7;0;0;1;0;0.0;0.0;1;39.0;7.0;0.0
419;Lucas Ocampos;arARG;FW;Sevilla;27;1994;23.6;7;0;0;45;41;2;63;9;24;0.0;1.0;0;114.0;27.0;30.0
420;Lucas Olaza;uyURU;DF;Elche;27;1994;3.3;1;0;0;3;4;0;16;4;3;0.0;0.0;0;25.0;1.0;2.0
421;Oier Olazábal;esESP;GK;Espanyol;31;1989;1.5;0;0;0;0;0;0;0;0;0;0.0;0.0;0;0.0;1.0;0.0
422;Brian Oliván;esESP;DF;Mallorca;27;1994;24.3;7;0;0;31;7;4;73;28;20;1.0;1.0;0;113.0;21.0;36.0
423;Mathías Olivera;uyURU;DF;Getafe;23;1997;31.1;10;0;0;55;46;3;63;55;47;0.0;0.0;0;195.0;111.0;111.0
424;Javier Ontiveros;esESP;FW,MF;Osasuna;23;1997;0.4;0;0;0;1;1;0;3;1;0;0.0;0.0;0;2.0;1.0;0.0
425;Pedro Ortiz;esESP;MF;Sevilla;20;2000;0.1;0;0;0;1;0;0;0;0;0;0.0;0.0;0;1.0;0.0;0.0
426;Milutin Osmajić;meMNE;FW,MF;Cádiz;22;1999;2.9;0;0;0;3;7;5;2;1;1;0.0;0.0;0;9.0;12.0;22.0
427;Jesús Owono;gqEQG;GK;Alavés;20;2001;1.0;0;0;0;0;0;0;0;0;0;0.0;0.0;0;3.0;0.0;0.0
428;Mikel Oyarzabal;esESP;FW,MF;Real Sociedad;24;1997;18.6;0;1;0;14;26;5;110;10;10;0.0;0.0;0;86.0;22.0;35.0
429;Fernando Pacheco;esESP;GK;Alavés;29;1992;33.9;1;0;0;0;2;0;0;0;1;0.0;0.0;0;26.0;4.0;0.0
430;Jon Pacheco;esESP;DF;Real Sociedad;20;2001;4.2;1;0;0;3;1;0;0;6;4;0.0;0.0;0;18.0;12.0;11.0
431;Helibelton Palacios;coCOL;DF;Elche;28;1993;21.5;6;0;0;28;30;0;37;18;38;0.0;1.0;0;115.0;25.0;22.0
432;Isaac Palazón Camacho;esESP;FW,MF;Rayo Vallecano;26;1994;25.4;7;0;0;32;69;5;70;13;28;0.0;0.0;0;161.0;46.0;72.0
433;Daniel Parejo;esESP;MF;Villarreal;32;1989;30.0;3;0;0;16;56;0;143;29;29;0.0;0.0;0;192.0;16.0;18.0
434;Raúl Parra;esESP;DF;Cádiz;21;1999;1.0;0;0;0;0;1;0;0;0;1;0.0;0.0;0;6.0;0.0;0.0
435;Javier Pastore;arARG;MF,FW;Elche;32;1989;5.8;2;1;0;7;5;1;8;4;3;0.0;0.0;0;26.0;4.0;6.0
436;Gabriel Paulista;brBRA;DF;Valencia;30;1990;17.7;2;0;0;11;12;1;0;39;12;0.0;0.0;0;125.0;38.0;19.0
437;Alfonso Pedraza;esESP;DF;Villarreal;25;1996;18.9;2;0;0;35;26;2;101;31;16;0.0;0.0;0;119.0;14.0;14.0
438;Pedri;esESP;MF;Barcelona;18;2002;9.8;0;0;0;1;17;0;18;5;12;0.0;0.0;0;63.0;4.0;3.0
439;Pedrosa;esESP;DF;Espanyol;23;1998;30.2;8;0;0;19;45;0;115;25;30;0.0;0.0;1;163.0;17.0;20.0
440;Facundo Pellistri;uyURU;MF,FW;Alavés;19;2001;7.5;0;0;0;8;20;3;13;6;5;0.0;0.0;0;33.0;8.0;18.0
441;Rubén Peña;esESP;MF,FW;Villarreal;30;1991;1.5;1;0;0;8;4;0;6;5;0;0.0;0.0;0;11.0;3.0;5.0
442;Alberto Perea;esESP;MF;Cádiz;30;1990;8.6;2;0;0;7;20;0;48;9;9;0.0;0.0;0;54.0;2.0;9.0
443;Victor Perea;esESP;DF;Espanyol;21;2000;0.0;0;0;0;0;0;0;0;0;0;0.0;0.0;0;0.0;0.0;0.0
444;Iñigo Pérez;esESP;MF;Osasuna;33;1988;3.8;0;0;0;0;3;0;31;0;2;0.0;0.0;0;22.0;2.0;11.0
445;Juan Pérez;esESP;GK;Osasuna;25;1996;2.0;0;0;0;0;0;0;0;0;0;0.0;0.0;0;2.0;0.0;0.0
446;Kike Pérez;esESP;MF,FW;Elche;24;1997;5.8;1;0;0;17;6;1;7;3;6;0.0;0.0;0;39.0;14.0;11.0
447;Lucas Pérez;esESP;FW;Elche;32;1988;14.1;0;0;0;5;15;10;45;3;1;1.0;0.0;0;41.0;2.0;10.0
448;Lucas Pérez;esESP;FW,MF;Cádiz;32;1988;11.8;1;0;0;4;9;10;67;0;3;0.0;0.0;0;34.0;1.0;11.0
449;Njegoš Petrović;rsSRB;MF;Granada;22;1999;10.2;5;0;0;11;14;1;5;9;11;0.0;0.0;0;57.0;10.0;20.0
450;Alex Petxa;esESP;DF,MF;Athletic Club;24;1997;4.6;4;0;0;11;12;0;13;4;9;0.0;0.0;0;28.0;6.0;8.0
451;Germán Pezzella;arARG;DF;Betis;30;1991;22.1;5;1;0;26;6;2;1;39;9;0.0;0.0;1;82.0;58.0;30.0
452;Pablo Piatti;arARG;MF,FW;Elche;32;1989;3.5;0;0;0;8;8;1;3;2;4;0.0;0.0;0;17.0;7.0;7.0
453;Cristiano Piccini;itITA;DF;Valencia;28;1992;3.6;1;0;0;10;3;0;8;1;8;0.0;0.0;0;25.0;2.0;1.0
454;Tomás Pina Isla;esESP;MF;Alavés;33;1987;16.0;4;0;0;39;29;0;5;22;16;0.0;0.0;0;105.0;31.0;24.0
455;Orbelín Pineda;mxMEX;MF,FW;Celta Vigo;25;1996;1.1;0;0;0;2;4;0;0;0;1;0.0;0.0;0;12.0;1.0;3.0
456;Yeremi Pino;esESP;MF,FW;Villarreal;18;2002;18.6;2;0;0;29;34;10;15;6;14;0.0;0.0;0;83.0;16.0;27.0
457;Gerard Piqué;esESP;DF;Barcelona;34;1987;23.2;10;1;1;30;15;1;0;34;12;0.0;0.0;0;165.0;80.0;42.0
458;Ezequiel Ponce;arARG;FW;Elche;24;1997;7.4;1;1;0;14;11;6;6;1;4;0.0;0.0;0;29.0;17.0;25.0
459;Pere Pons;esESP;MF;Alavés;28;1993;15.2;2;0;0;25;17;2;8;6;18;0.0;0.0;0;64.0;17.0;33.0
460;Portu;esESP;FW,MF;Real Sociedad;29;1992;17.7;5;0;0;19;25;11;35;7;7;1.0;0.0;0;62.0;14.0;37.0
461;Sergio Postigo;esESP;DF;Levante;32;1988;9.4;3;0;0;5;3;0;0;7;7;0.0;0.0;0;49.0;12.0;12.0
462;Darío Poveda;esESP;FW,MF;Getafe;24;1997;4.2;0;0;0;3;2;2;5;1;0;0.0;0.0;0;15.0;12.0;14.0
463;José Pozo;esESP;MF,DF;Rayo Vallecano;25;1996;0.8;0;0;0;3;2;0;2;0;2;0.0;0.0;0;8.0;0.0;1.0
464;Abdón Prats;esESP;FW;Mallorca;28;1992;7.1;3;0;0;8;15;2;2;1;2;0.0;0.0;0;21.0;31.0;30.0
465;Alejandro Primo;esESP;GK;Levante;17;2004;1.0;0;0;0;0;0;0;0;0;0;0.0;0.0;0;1.0;0.0;0.0
466;Javi Puado;esESP;MF,FW;Espanyol;23;1998;24.9;5;0;0;23;25;6;18;11;14;0.0;0.0;0;91.0;13.0;35.0
467;Pubill;esESP;DF,MF;Levante;18;2003;5.7;1;0;0;11;8;0;15;4;6;0.0;0.0;0;24.0;5.0;3.0
468;Antonio Puertas;esESP;MF,FW;Granada;29;1992;25.1;4;0;0;44;30;9;42;11;20;0.0;1.0;0;114.0;48.0;74.0
469;Riqui Puig;esESP;MF;Barcelona;21;1999;5.4;0;0;0;9;10;0;1;3;3;0.0;0.0;0;42.0;1.0;3.0
470;Yacine Qasmi;maMAR;FW;Rayo Vallecano;30;1991;0.0;0;0;0;0;0;0;0;0;0;0.0;0.0;0;0.0;1.0;1.0
471;Quini;esESP;DF;Granada;31;1989;25.6;11;0;0;39;13;1;72;36;34;0.0;0.0;0;135.0;26.0;34.0
472;Dani Raba;esESP;MF,FW;Villarreal;25;1995;1.0;1;0;0;4;5;1;10;0;0;0.0;0.0;0;5.0;2.0;2.0
473;Dani Raba;esESP;MF,FW;Granada;25;1995;0.3;0;0;0;1;1;0;0;1;2;0.0;0.0;0;1.0;0.0;0.0
474;Uroš Račić;rsSRB;MF;Valencia;23;1998;13.4;3;1;1;29;25;1;5;16;18;0.0;0.0;0;97.0;31.0;28.0
475;Nemanja Radoja;rsSRB;MF;Levante;28;1993;13.5;3;0;0;16;13;0;5;22;8;1.0;1.0;0;80.0;18.0;13.0
476;Rafinha;brBRA;MF;Real Sociedad;28;1993;11.7;3;0;0;21;38;0;21;12;27;0.0;0.0;0;90.0;13.0;15.0
477;Antonio Raillo;esESP;DF;Mallorca;29;1991;17.0;8;0;0;20;14;1;1;18;7;0.0;0.0;1;66.0;27.0;28.0
478;Ivan Rakitić;hrCRO;MF;Sevilla;33;1988;24.2;5;0;0;36;35;0;83;23;22;0.0;0.0;0;149.0;37.0;30.0
479;Jonás Ramalho;esESP;DF;Osasuna;28;1993;2.7;0;0;0;1;0;0;5;3;2;0.0;0.0;0;17.0;7.0;6.0
480;Sandro Ramírez;esESP;FW;Getafe;26;1995;16.2;7;0;0;31;45;11;39;2;3;0.0;0.0;0;54.0;14.0;23.0
481;Raúl;esESP;FW,DF;Betis;20;2000;0.0;0;0;0;0;0;0;0;0;0;0.0;0.0;0;0.0;0.0;0.0
482;Lluís Recasens;esESP;DF;Espanyol;19;2002;0.5;0;0;0;0;0;0;0;2;0;0.0;0.0;0;1.0;1.0;0.0
483;Manolo Reina;esESP;GK;Mallorca;36;1985;21.0;5;1;0;0;5;0;0;1;0;0.0;0.0;1;15.0;5.0;1.0
484;Karim Rekik;nlNED;DF;Sevilla;26;1994;12.2;2;0;0;16;8;1;6;9;8;0.0;0.0;0;65.0;23.0;22.0
485;Álex Remiro;esESP;GK;Real Sociedad;26;1995;35.0;1;0;0;0;3;0;0;1;0;0.0;0.0;0;51.0;4.0;0.0
486;Nico Ribaudo;esESP;MF,FW;Espanyol;20;2001;12.4;5;1;1;26;36;3;16;7;6;0.0;0.0;0;49.0;9.0;36.0
487;Diego Rico;esESP;DF;Real Sociedad;28;1993;18.3;4;0;0;16;17;4;57;30;20;0.0;1.0;0;111.0;26.0;13.0
488;Sergio Rico;esESP;GK;Mallorca;27;1993;14.0;0;0;0;0;0;0;0;0;0;0.0;0.0;0;14.0;2.0;1.0
489;Luis Rioja;esESP;MF,FW;Alavés;27;1993;34.6;3;0;0;17;39;12;170;25;15;0.0;0.0;0;191.0;17.0;27.0
490;Rober;esESP;DF;Levante;26;1995;22.3;5;1;1;35;10;0;6;30;20;0.0;1.0;0;150.0;28.0;31.0
491;Sergi Roberto;esESP;MF,DF;Barcelona;29;1992;4.4;1;0;0;1;4;1;9;4;1;0.0;0.0;0;25.0;2.0;2.0
492;Rubén Rochina;esESP;MF,FW;Granada;30;1991;8.3;3;0;0;11;16;1;36;6;13;0.0;0.0;0;45.0;6.0;9.0
493;Enzo Roco;clCHI;DF;Elche;28;1992;28.4;10;0;0;37;7;1;1;28;20;0.0;2.0;0;149.0;61.0;27.0
494;Rodrigo;esESP;FW;Betis;21;2000;9.8;1;0;0;2;15;1;10;3;7;0.0;0.0;0;54.0;0.0;8.0
495;Kévin Rodrigues;ptPOR;DF,FW;Rayo Vallecano;27;1994;4.8;0;0;0;5;7;0;10;7;11;0.0;0.0;0;33.0;10.0;8.0
496;Ángel Rodríguez;esESP;FW,MF;Mallorca;34;1987;17.2;4;0;0;37;23;17;10;3;9;1.0;0.0;0;47.0;19.0;30.0
497;Óscar Rodríguez Arnaiz;esESP;MF,FW;Getafe;23;1998;10.5;2;0;0;8;11;1;43;11;11;0.0;0.0;0;53.0;9.0;15.0
498;Óscar Rodríguez Arnaiz;esESP;FW,MF;Sevilla;23;1998;4.6;1;0;0;5;6;1;15;5;3;0.0;0.0;0;18.0;3.0;5.0
499;Dani Rodríguez;esESP;MF,FW;Mallorca;33;1988;31.5;7;0;0;65;69;3;55;20;31;0.0;0.0;0;175.0;39.0;59.0
500;Guido Rodríguez;arARG;MF;Betis;27;1994;28.1;9;1;1;47;50;2;4;31;53;0.0;0.0;0;206.0;33.0;17.0
501;Rodrygo;brBRA;FW;Real Madrid;20;2001;16.9;4;0;0;20;29;13;41;11;14;3.0;0.0;0;72.0;14.0;25.0
502;Leonardo Román;esESP;GK;Mallorca;21;2000;2.0;0;0;0;0;0;0;0;0;0;0.0;0.0;0;3.0;0.0;0.0
503;Iván Romero;esESP;FW;Sevilla;20;2001;2.0;0;0;0;4;6;1;0;2;2;0.0;0.0;0;3.0;1.0;10.0
504;Unai Ropero;esESP;MF;Alavés;19;2001;0.1;0;0;0;0;1;0;0;1;0;0.0;0.0;0;1.0;0.0;0.0
505;Rubén;esESP;DF;Espanyol;20;2001;1.7;0;0;0;4;1;0;9;2;1;0.0;0.0;0;4.0;5.0;2.0
506;Aitor Ruibal;esESP;FW,DF;Betis;25;1996;9.5;6;0;0;23;15;1;17;8;15;0.0;0.0;0;41.0;5.0;14.0
507;Isma Ruiz;esESP;MF;Granada;20;2001;3.1;1;0;0;2;3;1;1;3;1;0.0;0.0;0;18.0;3.0;6.0
508;Víctor Ruiz;esESP;DF;Betis;32;1989;15.8;2;0;0;12;2;2;0;29;9;0.0;0.0;0;96.0;46.0;29.0
509;Gerónimo Rulli;arARG;GK;Villarreal;29;1992;32.0;2;0;0;0;3;0;0;1;0;0.0;0.0;0;37.0;11.0;0.0
510;Franco Russo;arARG;DF;Mallorca;26;1994;16.3;7;2;2;26;11;1;1;27;10;0.0;2.0;1;82.0;29.0;33.0
511;Mathew Ryan;auAUS;GK;Real Sociedad;29;1992;3.0;0;0;0;0;0;0;0;0;0;0.0;0.0;0;1.0;1.0;0.0
512;Youssouf Sabaly;snSEN;DF;Betis;28;1993;8.8;1;0;0;5;9;1;17;13;10;0.0;0.0;0;37.0;10.0;9.0
513;Salvi;esESP;MF,FW;Cádiz;30;1991;15.5;3;1;1;9;16;1;65;6;10;0.0;0.0;0;78.0;15.0;18.0
514;Fede San Emeterio;esESP;MF;Cádiz;24;1997;9.2;3;0;0;26;10;0;0;8;5;0.0;0.0;0;46.0;11.0;5.0
515;Oihan Sancet;esESP;FW;Athletic Club;21;2000;15.8;2;0;0;20;27;5;10;5;7;0.0;0.0;0;48.0;17.0;31.0
516;Antonio Sánchez;esESP;MF,FW;Mallorca;24;1997;18.0;3;1;0;40;27;3;16;32;24;0.0;0.0;0;148.0;11.0;10.0
517;Germán Sánchez;esESP;DF;Granada;34;1986;25.5;11;1;1;23;25;1;1;28;19;0.0;1.0;0;114.0;62.0;45.0
518;Juan Sánchez;esESP;MF;Sevilla;17;2003;0.1;1;0;0;1;0;0;0;0;0;;;0;;;
519;Manuel Sánchez;esESP;DF;Osasuna;20;2000;25.1;6;0;0;32;16;0;70;18;34;0.0;1.0;0;132.0;9.0;36.0
520;Oier Sanjurjo;esESP;MF;Osasuna;35;1986;8.4;3;0;0;17;6;2;11;1;6;0.0;0.0;0;54.0;21.0;16.0
521;Jesús Santiago;esESP;MF;Valencia;17;2004;0.9;0;0;0;1;1;0;0;0;2;0.0;0.0;0;9.0;0.0;0.0
522;Sergio Santos;esESP;DF;Real Madrid;20;2001;0.1;0;0;0;0;0;0;1;0;0;0.0;0.0;0;0.0;0.0;0.0
523;Alvaro Sanz;esESP;MF;Barcelona;20;2001;0.3;0;0;0;0;1;0;0;0;0;0.0;0.0;0;2.0;0.0;0.0
524;Marcelo Saracchi;uyURU;DF;Levante;23;1998;2.1;2;0;0;3;0;0;7;4;5;0.0;0.0;0;15.0;1.0;1.0
525;Joan Sastre Vanrell;esESP;DF;Mallorca;24;1997;2.9;1;0;0;3;6;0;6;2;3;0.0;1.0;0;10.0;4.0;3.0
526;Esteban Saveljich;meMNE;DF;Rayo Vallecano;30;1991;18.9;4;0;0;23;2;3;1;16;11;0.0;1.0;0;56.0;56.0;36.0
527;Stefan Savić;meMNE;DF;Atlético Madrid;30;1991;27.1;12;0;0;30;22;3;1;37;20;0.0;0.0;1;119.0;71.0;52.0
528;Valentino Scotta;esESP;DF;Sevilla;19;2001;0.0;0;0;0;0;0;0;0;0;0;0.0;0.0;0;1.0;0.0;0.0
529;Aleksandar Sedlar;rsSRB;DF,MF;Mallorca;29;1991;4.5;5;1;1;9;6;0;0;5;3;0.0;0.0;0;22.0;8.0;5.0
530;Javier Serrano;esESP;MF;Atlético Madrid;18;2003;0.8;1;1;0;4;1;0;0;3;1;0.0;0.0;0;4.0;4.0;1.0
531;Nicolás Serrano;esESP;MF,FW;Athletic Club;18;2003;3.5;0;0;0;8;6;1;22;2;6;0.0;0.0;0;26.0;1.0;8.0
532;Salva Sevilla;esESP;MF;Mallorca;37;1984;16.7;2;0;0;15;9;0;54;14;12;0.0;0.0;0;114.0;2.0;6.0
533;David Silva;esESP;MF;Real Sociedad;35;1986;19.1;4;1;0;23;25;3;30;7;17;2.0;1.0;0;91.0;15.0;11.0
534;Jonathan Silva;arARG;DF,FW;Getafe;27;1994;2.5;4;0;0;10;5;0;10;3;8;0.0;0.0;0;17.0;1.0;2.0
535;Rui Silva;ptPOR;GK;Betis;27;1994;21.8;2;0;0;1;3;0;0;1;0;0.0;1.0;0;29.0;3.0;0.0
536;Giuliano Simeone;arARG;MF;Atlético Madrid;18;2002;0.0;0;0;0;0;2;0;0;0;0;0.0;0.0;0;0.0;1.0;0.0
537;Unai Simón;esESP;GK;Athletic Club;24;1997;34.0;3;0;0;0;1;0;0;1;0;0.0;0.0;1;44.0;7.0;1.0
538;Antonio Sivera;esESP;GK;Alavés;24;1996;3.1;1;0;0;0;0;0;0;0;0;0.0;0.0;0;3.0;0.0;0.0
539;Rubén Sobrino;esESP;MF;Valencia;29;1992;0.2;0;0;0;2;0;0;0;2;1;0.0;0.0;0;0.0;1.0;0.0
540;Rubén Sobrino;esESP;FW,MF;Cádiz;29;1992;20.7;4;0;0;46;33;4;14;21;17;0.0;0.0;0;107.0;38.0;55.0
541;Alex Sola;esESP;DF,FW;Real Sociedad;22;1999;0.5;0;0;0;0;2;0;0;2;1;0.0;0.0;0;4.0;0.0;1.0
542;Augusto Solari;arARG;MF,DF;Celta Vigo;29;1992;7.9;5;0;0;23;11;1;49;7;12;0.0;0.0;0;65.0;4.0;10.0
543;Roberto Soldado;esESP;FW;Levante;36;1985;7.4;7;2;1;9;5;9;1;1;1;0.0;0.0;0;8.0;6.0;18.0
544;Carlos Soler;esESP;MF;Valencia;24;1997;27.5;4;0;0;21;46;2;147;14;19;0.0;0.0;0;138.0;12.0;17.0
545;Son;esESP;DF;Levante;27;1994;21.9;5;1;0;21;14;3;45;19;18;1.0;0.0;0;146.0;10.0;19.0
546;David Soria;esESP;GK;Getafe;28;1993;37.9;4;0;0;1;3;0;0;0;0;0.0;1.0;0;45.0;14.0;0.0
547;Alberto Soro;esESP;MF,FW;Granada;22;1999;6.4;0;0;0;5;5;2;15;3;10;0.0;0.0;0;37.0;10.0;19.0
548;Hugo Sotelo;esESP;FW;Celta Vigo;17;2003;0.0;0;0;0;0;0;0;0;0;0;0.0;0.0;0;1.0;0.0;0.0
549;Damián Suárez;uyURU;DF;Getafe;33;1988;30.1;13;0;0;46;33;1;130;31;47;0.0;0.0;0;193.0;25.0;29.0
550;Denis Suárez;esESP;MF;Celta Vigo;27;1994;31.3;4;0;0;47;39;1;129;16;29;0.0;1.0;0;186.0;13.0;21.0
551;Luis Suárez;uyURU;FW;Atlético Madrid;34;1987;20.4;7;0;0;20;26;12;6;1;5;2.0;1.0;0;42.0;19.0;24.0
552;Mario Suárez;esESP;DF;Rayo Vallecano;34;1987;7.9;2;0;0;17;5;0;0;7;4;0.0;1.0;0;55.0;29.0;13.0
553;Suso;esESP;FW;Sevilla;27;1993;4.3;0;0;0;1;7;2;12;0;3;0.0;0.0;0;13.0;0.0;2.0
554;Mamadou Sylla;snSEN;FW,MF;Alavés;27;1994;4.4;1;0;0;8;6;6;11;1;2;0.0;0.0;0;5.0;11.0;13.0
555;Mamadou Sylla;snSEN;FW;Rayo Vallecano;27;1994;2.8;2;0;0;8;4;2;5;4;1;0.0;0.0;0;12.0;14.0;8.0
556;Alexander Sørloth;noNOR;FW;Real Sociedad;25;1995;19.6;2;0;0;29;14;12;9;4;7;2.0;0.0;0;61.0;51.0;49.0
557;Tachi;esESP;DF;Alavés;23;1997;2.7;1;0;0;3;4;0;2;1;3;0.0;0.0;0;13.0;4.0;4.0
558;Renato Tapia;pePER;MF;Celta Vigo;26;1995;15.7;10;0;0;35;26;0;3;28;31;0.0;0.0;0;107.0;30.0;23.0
559;Cristian Tello;esESP;FW;Betis;29;1991;9.1;2;0;0;9;5;4;16;10;11;0.0;0.0;0;53.0;5.0;5.0
560;Nahuel Tenaglia;arARG;DF;Alavés;25;1996;11.9;2;0;0;8;8;0;24;26;27;0.0;1.0;0;67.0;23.0;19.0
561;Marc Tenas;esESP;FW,MF;Alavés;20;2001;0.6;2;0;0;3;1;0;2;0;1;0.0;0.0;0;4.0;1.0;0.0
562;Marc-André ter Stegen;deGER;GK;Barcelona;29;1992;35.0;3;0;0;0;6;0;0;1;0;0.0;0.0;0;51.0;5.0;0.0
563;David Timor;esESP;MF;Getafe;31;1989;3.8;2;0;0;6;2;0;9;1;1;0.0;0.0;0;21.0;7.0;11.0
564;Raúl de Tomás;esESP;FW;Espanyol;26;1994;32.4;7;2;1;35;55;31;22;6;11;1.0;1.0;0;67.0;34.0;37.0
565;Raúl Torrente;esESP;DF;Granada;19;2001;14.2;5;0;0;24;11;1;2;12;21;1.0;2.0;0;67.0;21.0;25.0
566;Ferrán Torres;esESP;FW;Barcelona;21;2000;15.7;1;0;0;9;20;16;7;6;5;0.0;0.0;0;44.0;12.0;15.0
567;Óliver Torres;esESP;MF,FW;Sevilla;26;1994;11.2;2;0;0;17;17;2;25;6;12;0.0;0.0;0;89.0;5.0;19.0
568;Pau Torres;esESP;DF;Villarreal;24;1997;31.7;5;0;0;14;16;0;5;19;19;0.0;0.0;0;191.0;58.0;39.0
569;Roberto Torres;esESP;MF,FW;Osasuna;32;1989;9.0;3;0;0;8;11;0;80;8;4;0.0;0.0;0;59.0;4.0;13.0
570;Lucas Torró;esESP;MF;Osasuna;27;1994;30.3;10;0;0;55;48;1;7;47;40;0.0;0.0;1;207.0;131.0;58.0
571;Adama Traoré;esESP;FW;Barcelona;25;1996;4.2;0;0;0;7;7;2;38;4;2;0.0;0.0;0;20.0;5.0;2.0
572;Óscar Trejo;arARG;MF;Rayo Vallecano;33;1988;22.3;13;0;0;59;68;4;118;13;24;0.0;0.0;0;151.0;25.0;29.0
573;Manu Trigueros;esESP;MF,FW;Villarreal;29;1991;24.2;3;0;0;49;43;0;19;13;25;1.0;0.0;0;113.0;18.0;25.0
574;Kieran Trippier;engENG;DF,FW;Atlético Madrid;30;1990;10.8;1;0;0;14;6;4;33;10;12;0.0;0.0;0;54.0;28.0;13.0
575;Beñat Turrientes;esESP;MF;Real Sociedad;19;2002;2.3;1;0;0;3;3;0;2;2;0;0.0;0.0;0;14.0;1.0;2.0
576;Samuel Umtiti;frFRA;DF;Barcelona;27;1993;1.0;1;0;0;0;1;1;0;0;2;0.0;0.0;0;6.0;3.0;2.0
577;Enes Ünal;trTUR;FW;Getafe;24;1997;31.1;8;0;0;77;71;14;14;5;22;0.0;0.0;0;77.0;142.0;164.0
578;Myrto Uzuni;alALB;FW,MF;Granada;26;1995;9.5;4;0;0;13;12;8;15;10;4;0.0;1.0;0;55.0;6.0;14.0
579;Álvaro Vadillo;esESP;DF,MF;Espanyol;26;1994;0.1;1;0;0;1;1;0;1;0;1;0.0;0.0;0;2.0;1.0;0.0
580;Óscar Valentín;esESP;MF;Rayo Vallecano;26;1994;28.5;8;0;0;50;55;0;3;39;53;0.0;1.0;0;218.0;35.0;48.0
581;Germán Valera;esESP;FW;Real Sociedad;19;2002;0.6;0;0;0;3;0;0;1;0;2;0.0;0.0;0;5.0;1.0;1.0
582;Martin Valjent;skSVK;DF;Mallorca;25;1995;35.3;4;0;0;26;8;1;3;31;19;0.0;2.0;0;165.0;59.0;34.0
583;Jesús Vallejo;esESP;DF;Real Madrid;24;1997;3.8;1;0;0;4;1;0;1;6;5;0.0;1.0;0;20.0;11.0;4.0
584;Manu Vallejo;esESP;MF,FW;Alavés;24;1997;4.1;0;0;0;4;3;0;13;0;2;0.0;0.0;0;13.0;5.0;13.0
585;Manu Vallejo;esESP;FW,MF;Valencia;24;1997;1.1;3;0;0;6;1;1;8;0;1;0.0;0.0;0;6.0;2.0;6.0
586;Federico Valverde;uyURU;MF;Real Madrid;23;1998;20.4;2;0;0;17;9;6;20;24;16;0.0;0.0;0;127.0;15.0;8.0
587;José Luis García Vayá;esESP;MF;Levante;22;1998;22.4;9;0;0;47;20;0;58;38;27;0.0;0.0;0;149.0;31.0;14.0
588;Jesus Vazquez;esESP;DF;Valencia;18;2003;9.0;0;0;0;14;8;0;24;9;13;0.0;0.0;0;61.0;12.0;19.0
589;Kevin Vázquez;esESP;DF;Celta Vigo;28;1993;14.8;3;0;0;18;19;0;42;36;24;0.0;1.0;0;69.0;18.0;29.0
590;Lucas Vázquez;esESP;DF;Real Madrid;30;1991;20.4;3;0;0;26;34;5;75;20;22;0.0;0.0;0;103.0;2.0;9.0
591;Gabriel Veiga;esESP;MF;Celta Vigo;19;2002;1.2;0;0;0;1;3;0;3;4;4;0.0;0.0;0;11.0;1.0;10.0
592;Unai Vencedor Paris;esESP;MF;Athletic Club;20;2000;26.5;4;0;0;28;35;0;47;19;11;1.0;0.0;0;172.0;22.0;31.0
593;Gonzalo Verdú;esESP;DF;Elche;32;1988;15.5;11;0;0;23;14;0;0;13;9;0.0;1.0;0;58.0;27.0;23.0
594;Mikel Vesga;esESP;MF;Athletic Club;28;1993;15.1;7;2;2;34;17;0;12;20;14;0.0;1.0;0;98.0;39.0;22.0
595;Rúben Vezo;ptPOR;DF;Levante;27;1994;26.9;4;0;0;35;29;0;6;36;29;1.0;1.0;0;142.0;52.0;41.0
596;Aleix Vidal;esESP;DF,MF;Espanyol;31;1989;21.1;10;0;0;24;31;1;52;25;25;0.0;1.0;0;127.0;10.0;9.0
597;Nacho Vidal;esESP;DF;Osasuna;26;1995;32.2;9;0;0;48;33;3;71;58;47;1.0;2.0;0;170.0;69.0;34.0
598;Dídac Vilà;esESP;DF,MF;Espanyol;32;1989;2.3;3;0;0;7;1;0;2;3;5;0.0;0.0;0;8.0;3.0;3.0
599;Tonny Vilhena;nlNED;MF,FW;Espanyol;26;1995;10.3;4;0;0;16;10;2;32;8;6;0.0;0.0;0;36.0;9.0;12.0
600;Daniel Villahermosa;esESP;MF;Espanyol;20;2001;0.3;0;0;0;0;1;0;0;0;0;0.0;0.0;0;0.0;0.0;0.0
601;Asier Villalibre;esESP;FW;Athletic Club;23;1997;6.1;0;0;0;10;13;3;4;1;3;0.0;0.0;0;18.0;19.0;14.0
602;Gonzalo Villar;esESP;MF;Getafe;23;1998;3.3;0;0;0;9;13;0;1;1;3;0.0;0.0;0;18.0;3.0;5.0
603;Vitolo;esESP;MF;Getafe;31;1989;2.5;0;0;0;7;9;1;2;1;2;0.0;0.0;0;7.0;4.0;3.0
604;Daniel Vivian;esESP;DF;Athletic Club;22;1999;22.1;2;0;0;19;20;1;3;26;21;0.0;0.0;0;161.0;30.0;53.0
605;Šime Vrsaljko;hrCRO;DF;Atlético Madrid;29;1992;10.2;4;0;0;13;5;2;44;12;17;0.0;0.0;0;33.0;33.0;24.0
606;Nikola Vukčević;meMNE;MF;Levante;29;1991;1.3;1;0;0;4;1;0;0;2;2;0.0;0.0;0;13.0;6.0;2.0
607;Daniel Wass;dkDEN;DF,FW;Atlético Madrid;32;1989;0.5;1;0;0;1;1;1;2;0;0;0.0;0.0;0;4.0;0.0;2.0
608;Daniel Wass;dkDEN;MF;Valencia;32;1989;17.6;6;0;0;29;18;0;35;13;13;0.0;0.0;0;93.0;28.0;21.0
609;Iñaki Williams;ghGHA;FW;Athletic Club;27;1994;30.9;4;0;0;24;40;29;48;3;5;0.0;0.0;0;58.0;49.0;56.0
610;Nico Williams;esESP;MF;Athletic Club;19;2002;14.9;4;0;0;24;23;10;58;5;10;1.0;0.0;0;85.0;10.0;11.0
611;Okay Yokuşlu;trTUR;DF,MF;Getafe;27;1994;5.2;1;0;0;6;5;0;0;5;8;0.0;0.0;0;35.0;10.0;7.0
612;Okay Yokuşlu;trTUR;DF,MF;Celta Vigo;27;1994;1.6;0;0;0;2;2;0;0;2;1;0.0;0.0;0;12.0;6.0;2.0
613;Joseba Zaldúa;esESP;DF;Real Sociedad;29;1992;13.0;6;0;0;18;20;1;33;13;22;0.0;0.0;0;53.0;17.0;23.0
614;Oier Zarraga;esESP;MF;Athletic Club;22;1999;13.0;5;0;0;16;12;1;19;19;5;1.0;0.0;0;60.0;10.0;14.0
615;Luca Zidane;frFRA;GK;Rayo Vallecano;23;1998;7.2;0;1;0;1;1;0;0;0;0;0.0;1.0;0;11.0;1.0;0.0
616;Igor Zubeldia;esESP;DF;Real Sociedad;24;1997;18.3;7;0;0;25;4;1;4;27;10;0.0;1.0;0;90.0;41.0;34.0
617;Martín Zubimendi;esESP;MF;Real Sociedad;22;1999;28.8;4;0;0;34;21;3;2;49;25;0.0;0.0;0;139.0;63.0;24.0
