;round;datetime;home_team;away_team;home_goal;away_goal;season
0;1;2012-03-07 16:00:00;Boavista Sport Club (antigo Esporte Clube Barreira) - RJ;América - MG;0;0;2012
1;1;2012-03-14 20:30:00;América - MG;Boavista Sport Club (antigo Esporte Clube Barreira) - RJ;2;1;2012
2;1;2012-03-07 19:30:00;Gama - DF;Ceará - CE;0;2;2012
3;1;2012-03-07 20:30:00;Aquidauanense Futebol Clube - MS;Bahia de Feira - BA;1;0;2012
4;1;2012-03-14 20:30:00;Bahia de Feira - BA;Aquidauanense Futebol Clube - MS;2;0;2012
5;1;2012-03-07 20:30:00;Real Noroeste Capixaba - ES;Betim - MG;0;2;2012
6;1;2012-03-07 20:30:00;Horizonte - CE;América - RN;2;0;2012
7;1;2012-03-14 20:30:00;América - RN;Horizonte - CE;2;0;2012
8;1;2012-03-07 20:30:00;Trem - AP;A.b.c. - RN;0;5;2012
9;1;2012-03-07 20:30:00;Operario Ferroviario Esporte C - PR;Juventude - RS;0;4;2012
10;1;2012-03-07 20:30:00;Luverdense - MT;Paraná - PR;2;2;2012
11;1;2012-03-14 20:30:00;Paraná - PR;Luverdense - MT;2;0;2012
12;1;2012-03-07 20:30:00;Gurupi - TO;Atlético - GO;0;1;2012
13;1;2012-03-15 20:30:00;Atlético - GO;Gurupi - TO;4;2;2012
14;1;2012-03-07 20:30:00;Real - RR;Remo - PA;0;0;2012
15;1;2012-03-14 20:30:00;Remo - PA;Real - RR;3;0;2012
16;1;2012-03-07 20:30:00;Brasiliense - DF;Guarani - SP;2;0;2012
17;1;2012-03-14 20:30:00;Guarani - SP;Brasiliense - DF;3;0;2012
18;1;2012-03-07 20:30:00;Espigão - RO;Paysandu - PA;1;3;2012
19;1;2012-03-07 20:30:00;Sampaio Correa - MA;Atlético - PR;2;1;2012
20;1;2012-03-15 19:30:00;Atlético - PR;Sampaio Correa - MA;1;0;2012
21;1;2012-03-07 22:00:00;Auto Esporte - PB;Bahia - BA;0;3;2012
22;1;2012-03-07 22:00:00;Penarol - AM;Santa Cruz - PE;1;2;2012
23;1;2012-03-14 20:30:00;Santa Cruz - PE;Penarol - AM;2;3;2012
24;1;2012-03-07 22:00:00;Comercial - PI;Fortaleza - CE;2;3;2012
25;1;2012-03-21 20:30:00;Fortaleza - CE;Comercial - PI;3;0;2012
26;1;2012-03-07 22:00:00;Independente - PA;São Paulo - SP;0;1;2012
27;1;2012-03-14 19:30:00;São Paulo - SP;Independente - PA;4;0;2012
28;1;2012-03-07 22:00:00;River Plate - SE;Grêmio - RS;2;3;2012
29;1;2012-03-21 19:30:00;Grêmio - RS;River Plate - SE;3;1;2012
30;1;2012-03-07 22:00:00;Rio Branco - AC;Cruzeiro - MG;0;6;2012
31;1;2012-03-08 19:30:00;Paulista Futebol Clube - SP;Goiás - GO;2;3;2012
32;1;2012-03-21 20:30:00;Goiás - GO;Paulista Futebol Clube - SP;3;0;2012
33;1;2012-03-08 20:30:00;Sao Domingos Futebol Clube - SE;Vitória - BA;0;0;2012
34;1;2012-03-14 20:30:00;Vitória - BA;Sao Domingos Futebol Clube - SE;2;0;2012
35;1;2012-03-08 21:50:00;Cuiabá - MT;Portuguesa - SP;1;1;2012
36;1;2012-03-21 19:30:00;Portuguesa - SP;Cuiabá - MT;4;0;2012
37;1;2012-03-14 15:45:00;Santa Quiteria Futebol Clube - MA;A.s.a. - AL;2;3;2012
38;1;2012-03-21 20:30:00;A.s.a. - AL;Santa Quiteria Futebol Clube - MA;2;1;2012
39;1;2012-03-14 16:00:00;Madureira - RJ;Criciuma - SC;0;2;2012
40;1;2012-03-14 19:30:00;Gremio Esportivo Sapucaiense - RS;Ponte Preta - SP;0;0;2012
41;1;2012-03-21 19:30:00;Ponte Preta - SP;Gremio Esportivo Sapucaiense - RS;5;2;2012
42;1;2012-03-14 20:30:00;Nacional - AM;Coritiba - PR;0;0;2012
43;1;2012-03-22 19:30:00;Coritiba - PR;Nacional - AM;2;0;2012
44;1;2012-03-14 20:30:00;Sao Mateus Es - ES;Chapecoense - SC;2;1;2012
45;1;2012-03-21 20:30:00;Chapecoense - SC;Sao Mateus Es - ES;3;1;2012
46;1;2012-03-14 22:00:00;Coruripe - AL;Palmeiras - SP;0;1;2012
47;1;2012-03-21 19:30:00;Palmeiras - SP;Coruripe - AL;3;0;2012
48;1;2012-03-14 22:00:00;Cene - MS;Atlético - MG;1;3;2012
49;1;2012-03-14 22:00:00;Treze - PB;Botafogo - RJ;1;1;2012
50;1;2012-03-21 22:00:00;Botafogo - RJ;Treze - PB;1;1;2012
51;1;2012-03-14 22:00:00;Iv de Julho - PI;Sport - PE;0;2;2012
52;1;2012-03-15 22:00:00;Santa Cruz - RN;Náutico - PE;1;3;2012
53;2;2012-04-04 19:30:00;Betim - MG;Grêmio - RS;0;1;2012
54;2;2012-04-11 19:30:00;Grêmio - RS;Betim - MG;3;0;2012
55;2;2012-04-04 20:30:00;A.s.a. - AL;Coritiba - PR;1;0;2012
56;2;2012-04-11 19:30:00;Coritiba - PR;A.s.a. - AL;3;0;2012
57;2;2012-04-04 20:30:00;Juventude - RS;Portuguesa - SP;2;0;2012
58;2;2012-04-12 19:30:00;Portuguesa - SP;Juventude - RS;4;0;2012
59;2;2012-04-04 21:50:00;Horizonte - CE;Palmeiras - SP;1;3;2012
60;2;2012-04-04 21:50:00;Guarani - SP;Botafogo - RJ;1;2;2012
61;2;2012-04-18 21:50:00;Botafogo - RJ;Guarani - SP;0;0;2012
62;2;2012-04-04 21:50:00;Paysandu - PA;Sport - PE;2;1;2012
63;2;2012-04-11 22:00:00;Sport - PE;Paysandu - PA;1;4;2012
64;2;2012-04-04 21:50:00;América - MG;Goiás - GO;0;0;2012
65;2;2012-04-11 22:00:00;Goiás - GO;América - MG;4;3;2012
66;2;2012-04-05 19:30:00;Criciuma - SC;Atlético - PR;1;2;2012
67;2;2012-04-12 19:30:00;Atlético - PR;Criciuma - SC;5;1;2012
68;2;2012-04-05 21:50:00;Atlético - GO;Ponte Preta - SP;2;1;2012
69;2;2012-04-18 19:30:00;Ponte Preta - SP;Atlético - GO;2;1;2012
70;2;2012-04-11 20:30:00;A.b.c. - RN;Vitória - BA;1;1;2012
71;2;2012-04-18 21:50:00;Vitória - BA;A.b.c. - RN;3;2;2012
72;2;2012-04-11 20:30:00;Penarol - AM;Atlético - MG;0;5;2012
73;2;2012-04-11 22:00:00;Bahia de Feira - BA;São Paulo - SP;2;5;2012
74;2;2012-04-11 22:00:00;Remo - PA;Bahia - BA;2;1;2012
75;2;2012-04-19 19:30:00;Bahia - BA;Remo - PA;4;0;2012
76;2;2012-04-11 22:00:00;Chapecoense - SC;Cruzeiro - MG;1;1;2012
77;2;2012-04-18 21:50:00;Cruzeiro - MG;Chapecoense - SC;4;1;2012
78;2;2012-04-11 22:00:00;Ceará - CE;Paraná - PR;2;2;2012
79;2;2012-04-18 21:50:00;Paraná - PR;Ceará - CE;1;1;2012
80;2;2012-04-12 20:30:00;Fortaleza - CE;Náutico - PE;4;0;2012
81;2;2012-04-18 21:50:00;Náutico - PE;Fortaleza - CE;2;1;2012
82;3;2012-04-25 19:30:00;Portuguesa - SP;Bahia - BA;0;0;2012
83;3;2012-05-10 19:30:00;Bahia - BA;Portuguesa - SP;2;0;2012
84;3;2012-04-25 21:50:00;Paraná - PR;Palmeiras - SP;1;2;2012
85;3;2012-05-09 22:00:00;Palmeiras - SP;Paraná - PR;4;0;2012
86;3;2012-04-25 21:50:00;Goiás - GO;Atlético - MG;2;0;2012
87;3;2012-05-03 21:50:00;Atlético - MG;Goiás - GO;2;1;2012
88;3;2012-04-26 19:30:00;Coritiba - PR;Paysandu - PA;4;1;2012
89;3;2012-05-03 19:30:00;Paysandu - PA;Coritiba - PR;0;1;2012
90;3;2012-05-02 19:30:00;Fortaleza - CE;Grêmio - RS;0;2;2012
91;3;2012-05-09 22:00:00;Grêmio - RS;Fortaleza - CE;2;0;2012
92;3;2012-05-02 21:50:00;Atlético - PR;Cruzeiro - MG;1;0;2012
93;3;2012-05-09 22:00:00;Cruzeiro - MG;Atlético - PR;1;2;2012
94;3;2012-05-02 21:50:00;Ponte Preta - SP;São Paulo - SP;1;0;2012
95;3;2012-05-10 21:50:00;São Paulo - SP;Ponte Preta - SP;3;1;2012
96;3;2012-05-02 21:50:00;Vitória - BA;Botafogo - RJ;1;1;2012
97;3;2012-05-09 19:30:00;Botafogo - RJ;Vitória - BA;1;2;2012
98;4;2012-05-16 19:30:00;Atlético - PR;Palmeiras - SP;2;2;2012
99;4;2012-05-23 19:30:00;Palmeiras - SP;Atlético - PR;2;0;2012
100;4;2012-05-16 21:50:00;São Paulo - SP;Goiás - GO;2;0;2012
101;4;2012-05-23 22:00:00;Goiás - GO;São Paulo - SP;2;2;2012
102;4;2012-05-16 21:50:00;Vitória - BA;Coritiba - PR;0;0;2012
103;4;2012-05-23 22:00:00;Coritiba - PR;Vitória - BA;4;1;2012
104;4;2012-05-17 21:00:00;Bahia - BA;Grêmio - RS;1;2;2012
105;4;2012-05-24 21:00:00;Grêmio - RS;Bahia - BA;2;0;2012
106;5;2012-06-13 21:50:00;Grêmio - RS;Palmeiras - SP;0;2;2012
107;5;2012-06-21 21:00:00;Palmeiras - SP;Grêmio - RS;1;1;2012
108;5;2012-06-14 21:00:00;São Paulo - SP;Coritiba - PR;1;0;2012
109;5;2012-06-20 21:50:00;Coritiba - PR;São Paulo - SP;2;0;2012
110;6;2012-07-05 21:50:00;Palmeiras - SP;Coritiba - PR;2;0;2012
111;6;2012-07-11 21:50:00;Coritiba - PR;Palmeiras - SP;1;1;2012
112;1;2013-02-27 20:00:00;Atlético - AC;Desportiva Ferroviaria - ES;1;1;2013
113;1;2013-03-13 20:30:00;Desportiva Ferroviaria - ES;Atlético - AC;5;4;2013
114;2;2013-04-03 16:00:00;Resende - RJ;Ser Caxias - RS;2;1;2013
115;2;2013-04-18 20:30:00;Ser Caxias - RS;Resende - RJ;0;0;2013
116;2;2013-04-03 16:00:00;Ceilândia - DF;Ceará - CE;0;0;2013
117;2;2013-04-10 22:00:00;Ceará - CE;Ceilândia - DF;4;3;2013
118;2;2013-04-03 16:00:00;Bangu - RJ;Betim - MG;1;2;2013
119;2;2013-04-17 20:30:00;Betim - MG;Bangu - RJ;1;0;2013
120;2;2013-04-03 19:30:00;Brasil - RS;Atlético Paranaense - PR;0;1;2013
121;2;2013-04-17 19:30:00;Atlético Paranaense - PR;Brasil - RS;2;0;2013
122;2;2013-04-03 20:30:00;Guarani - CE;Santa Cruz - PE;1;2;2013
123;2;2013-04-10 20:30:00;Santa Cruz - PE;Guarani - CE;2;0;2013
124;2;2013-04-03 20:30:00;Veranopolis - RS;Santo André - SP;1;0;2013
125;2;2013-04-17 15:00:00;Santo André - SP;Veranopolis - RS;2;0;2013
126;2;2013-04-03 20:30:00;Cianorte - PR;Grêmio Barueri - SP;2;1;2013
127;2;2013-04-17 20:30:00;Grêmio Barueri - SP;Cianorte - PR;0;3;2013
128;2;2013-04-03 20:30:00;Noroeste - SP;Criciuma - SC;0;0;2013
129;2;2013-04-17 20:30:00;Criciuma - SC;Noroeste - SP;3;0;2013
130;2;2013-04-03 21:30:00;Nacional - AM;Aguia - PA;2;0;2013
131;2;2013-04-10 20:30:00;Aguia - PA;Nacional - AM;1;2;2013
132;2;2013-04-03 22:00:00;Naviraiense - MS;Portuguesa - SP;0;0;2013
133;2;2013-04-16 21:50:00;Portuguesa - SP;Naviraiense - MS;1;1;2013
134;2;2013-04-03 22:00:00;Remo - PA;Flamengo - RJ;0;1;2013
135;2;2013-04-17 22:00:00;Flamengo - RJ;Remo - PA;3;0;2013
136;2;2013-04-03 22:00:00;Vitória da Conquista - BA;Sport - PE;0;1;2013
137;2;2013-04-17 22:00:00;Sport - PE;Vitória da Conquista - BA;2;0;2013
138;2;2013-04-03 22:00:00;Rio Branco - AC;Internacional - RS;0;2;2013
139;2;2013-04-04 21:50:00;Itabaiana - SE;Ponte Preta - SP;0;3;2013
140;2;2013-04-10 20:29:00;Gurupi - TO;América - MG;2;3;2013
141;2;2013-04-17 20:30:00;América - MG;Gurupi - TO;0;0;2013
142;2;2013-04-10 20:30:00;Salgueiro - PE;Boa - MG;2;0;2013
143;2;2013-04-17 20:30:00;Boa - MG;Salgueiro - PE;2;2;2013
144;2;2013-04-10 20:30:00;Arapongas Esporte Clube - PR;São Caetano - SP;1;0;2013
145;2;2013-04-17 20:30:00;São Caetano - SP;Arapongas Esporte Clube - PR;1;0;2013
146;2;2013-04-10 20:30:00;Cametá - PA;Atlético - GO;0;7;2013
147;2;2013-04-10 20:30:00;Aracruz - ES;Joinville - SC;1;1;2013
148;2;2013-04-17 20:30:00;Joinville - SC;Aracruz - ES;1;0;2013
149;2;2013-04-10 20:30:00;Desportiva Ferroviaria - ES;Figueirense - SC;1;4;2013
150;2;2013-04-10 20:30:00;Volta Redonda - RJ;Avaí - SC;1;0;2013
151;2;2013-04-24 19:30:00;Avaí - SC;Volta Redonda - RJ;4;1;2013
152;2;2013-04-10 20:30:00;Campinense - PB;Sampaio Correa - MA;0;1;2013
153;2;2013-04-17 20:30:00;Sampaio Correa - MA;Campinense - PB;0;1;2013
154;2;2013-04-10 20:30:00;Luziania - DF;Fortaleza - CE;0;0;2013
155;2;2013-04-17 22:00:00;Fortaleza - CE;Luziania - DF;0;0;2013
156;2;2013-04-10 20:30:00;Santa Cruz - RN;A.s.a. - AL;0;0;2013
157;2;2013-04-25 20:30:00;A.s.a. - AL;Santa Cruz - RN;2;1;2013
158;2;2013-04-10 20:30:00;Oratorio - AP;Goiás - GO;1;3;2013
159;2;2013-04-10 20:30:00;Confiança - SE;Guarani - SP;1;0;2013
160;2;2013-04-17 20:30:00;Guarani - SP;Confiança - SE;1;0;2013
161;2;2013-04-10 20:30:00;Tupi - MG;Luverdense - MT;1;0;2013
162;2;2013-04-17 22:00:00;Luverdense - MT;Tupi - MG;3;0;2013
163;2;2013-04-10 21:00:00;Ji-paraná - RO;América - RN;0;1;2013
164;2;2013-04-25 20:30:00;América - RN;Ji-paraná - RO;1;0;2013
165;2;2013-04-10 21:00:00;São Raimundo - RR;Paysandu - PA;0;2;2013
166;2;2013-04-10 21:30:00;Fast Clube - AM;C.r.b. - AL;1;1;2013
167;2;2013-04-25 20:30:00;C.r.b. - AL;Fast Clube - AM;2;1;2013
168;2;2013-04-10 22:00:00;C.s.a. - AL;Cruzeiro - MG;0;3;2013
169;2;2013-04-10 22:00:00;C.r.a.c. - GO;Náutico - PE;3;1;2013
170;2;2013-04-18 20:30:00;Náutico - PE;C.r.a.c. - GO;1;1;2013
171;2;2013-04-10 22:00:00;Aguia Negra - MS;Bragantino - SP;0;2;2013
172;2;2013-04-10 22:00:00;Mixto - MT;Vitória - BA;2;1;2013
173;2;2013-04-16 19:30:00;Vitória - BA;Mixto - MT;5;1;2013
174;2;2013-04-10 22:00:00;Flamengo do Piauí - PI;Santos - SP;2;2;2013
175;2;2013-04-17 22:00:00;Santos - SP;Flamengo do Piauí - PI;2;0;2013
176;2;2013-04-11 19:30:00;Maranhão - MA;Bahia - BA;0;2;2013
177;2;2013-04-11 20:30:00;Parnahyba S.c - PI;Abc - RN;1;3;2013
178;2;2013-04-11 21:30:00;Sao Bernardo - SP;Paraná - PR;1;1;2013
179;2;2013-04-24 19:30:00;Paraná - PR;Sao Bernardo - SP;2;3;2013
180;2;2013-04-17 19:30:00;Sobradinho - DF;Botafogo - RJ;0;0;2013
181;2;2013-04-24 19:30:00;Botafogo - RJ;Sobradinho - DF;2;0;2013
182;2;2013-05-01 19:30:00;Souza - PB;Coritiba - PR;0;3;2013
183;3;2013-05-01 15:00:00;Santo André - SP;Goiás - GO;2;3;2013
184;3;2013-05-15 19:30:00;Goiás - GO;Santo André - SP;1;0;2013
185;3;2013-05-01 16:00:00;C.r.a.c. - GO;Betim - MG;3;2;2013
186;3;2013-05-15 20:30:00;Betim - MG;C.r.a.c. - GO;0;1;2013
187;3;2013-05-01 16:00:00;Cianorte - PR;Atlético - GO;1;3;2013
188;3;2013-05-01 21:50:00;Campinense - PB;Flamengo - RJ;1;2;2013
189;3;2013-05-15 22:00:00;Flamengo - RJ;Campinense - PB;2;1;2013
190;3;2013-05-01 21:50:00;A.s.a. - AL;Ceará - CE;3;0;2013
191;3;2013-05-08 22:00:00;Ceará - CE;A.s.a. - AL;3;0;2013
192;3;2013-05-01 21:50:00;Santa Cruz - PE;Internacional - RS;0;0;2013
193;3;2013-05-15 22:00:00;Internacional - RS;Santa Cruz - PE;2;0;2013
194;3;2013-05-01 21:50:00;Resende - RJ;Cruzeiro - MG;1;2;2013
195;3;2013-05-22 22:00:00;Cruzeiro - MG;Resende - RJ;4;0;2013
196;3;2013-05-02 19:30:00;C.r.b. - AL;Botafogo - RJ;0;0;2013
197;3;2013-05-22 22:00:00;Botafogo - RJ;C.r.b. - AL;3;0;2013
198;3;2013-05-07 19:30:00;Sao Bernardo - SP;Criciuma - SC;1;1;2013
199;3;2013-05-15 19:30:00;Criciuma - SC;Sao Bernardo - SP;3;1;2013
200;3;2013-05-07 21:50:00;América - MG;Avaí - SC;0;1;2013
201;3;2013-05-16 19:30:00;Avaí - SC;América - MG;0;3;2013
202;3;2013-05-08 19:30:00;Arapongas Esporte Clube - PR;Figueirense - SC;0;0;2013
203;3;2013-05-22 20:30:00;Figueirense - SC;Arapongas Esporte Clube - PR;3;1;2013
204;3;2013-05-08 20:30:00;Confiança - SE;Fortaleza - CE;1;1;2013
205;3;2013-05-23 19:30:00;Fortaleza - CE;Confiança - SE;4;0;2013
206;3;2013-05-08 22:00:00;Luverdense - MT;Bahia - BA;2;0;2013
207;3;2013-05-15 22:00:00;Bahia - BA;Luverdense - MT;1;0;2013
208;3;2013-05-08 22:00:00;Abc - RN;Sport - PE;2;0;2013
209;3;2013-05-21 21:00:00;Sport - PE;Abc - RN;2;3;2013
210;3;2013-05-08 22:00:00;Joinville - SC;Santos - SP;0;1;2013
211;3;2013-05-22 22:00:00;Santos - SP;Joinville - SC;0;0;2013
212;3;2013-05-08 22:00:00;Naviraiense - MS;Paysandu - PA;0;1;2013
213;3;2013-05-15 20:30:00;Paysandu - PA;Naviraiense - MS;0;2;2013
214;3;2013-05-09 19:30:00;América - RN;Atlético Paranaense - PR;2;6;2013
215;3;2013-05-09 21:50:00;Bragantino - SP;Ponte Preta - SP;1;3;2013
216;3;2013-05-15 19:30:00;Salgueiro - PE;Vitória - BA;0;0;2013
217;3;2013-05-22 19:30:00;Vitória - BA;Salgueiro - PE;1;1;2013
218;3;2013-05-15 21:30:00;Nacional - AM;Coritiba - PR;4;1;2013
219;3;2013-05-23 19:30:00;Coritiba - PR;Nacional - AM;1;0;2013
220;4;2013-07-02 19:30:00;Salgueiro - PE;Criciuma - SC;0;0;2013
221;4;2013-07-17 19:30:00;Criciuma - SC;Salgueiro - PE;1;1;2013
222;4;2013-07-03 21:50:00;Botafogo - RJ;Figueirense - SC;1;0;2013
223;4;2013-07-24 21:50:00;Figueirense - SC;Botafogo - RJ;1;0;2013
224;4;2013-07-03 21:50:00;Goiás - GO;Abc - RN;3;0;2013
225;4;2013-07-17 21:50:00;Abc - RN;Goiás - GO;1;1;2013
226;4;2013-07-09 21:50:00;Cruzeiro - MG;Atlético - GO;5;0;2013
227;4;2013-07-17 19:30:00;Atlético - GO;Cruzeiro - MG;0;1;2013
228;4;2013-07-10 19:00:00;Fortaleza - CE;Luverdense - MT;0;0;2013
229;4;2013-07-18 21:50:00;Luverdense - MT;Fortaleza - CE;2;1;2013
230;4;2013-07-10 19:30:00;Ponte Preta - SP;Nacional - AM;0;1;2013
231;4;2013-07-24 21:30:00;Nacional - AM;Ponte Preta - SP;1;0;2013
232;4;2013-07-10 21:50:00;Santos - SP;C.r.a.c. - GO;1;1;2013
233;4;2013-07-24 21:50:00;C.r.a.c. - GO;Santos - SP;0;2;2013
234;4;2013-07-10 21:50:00;A.s.a. - AL;Flamengo - RJ;0;2;2013
235;4;2013-07-17 21:50:00;Flamengo - RJ;A.s.a. - AL;2;1;2013
236;4;2013-07-10 21:50:00;Internacional - RS;América - MG;3;1;2013
237;4;2013-07-17 21:50:00;América - MG;Internacional - RS;1;1;2013
238;4;2013-07-17 19:30:00;Paysandu - PA;Atlético Paranaense - PR;0;0;2013
239;4;2013-07-24 19:30:00;Atlético Paranaense - PR;Paysandu - PA;2;1;2013
240;5;2013-08-20 21:50:00;Nacional - AM;Vasco da Gama - RJ;0;2;2013
241;5;2013-08-29 21:50:00;Vasco da Gama - RJ;Nacional - AM;2;1;2013
242;5;2013-08-21 19:30:00;Palmeiras - SP;Atlético Paranaense - PR;1;0;2013
243;5;2013-08-28 21:50:00;Atlético Paranaense - PR;Palmeiras - SP;3;0;2013
244;5;2013-08-21 19:30:00;Santos - SP;Grêmio - RS;1;0;2013
245;5;2013-08-28 21:50:00;Grêmio - RS;Santos - SP;2;0;2013
246;5;2013-08-21 21:50:00;Luverdense - MT;Corinthians - SP;1;0;2013
247;5;2013-08-28 21:50:00;Corinthians - SP;Luverdense - MT;2;0;2013
248;5;2013-08-21 21:50:00;Fluminense - RJ;Goiás - GO;1;0;2013
249;5;2013-08-28 19:30:00;Goiás - GO;Fluminense - RJ;2;0;2013
250;5;2013-08-21 21:50:00;Cruzeiro - MG;Flamengo - RJ;2;1;2013
251;5;2013-08-28 21:50:00;Flamengo - RJ;Cruzeiro - MG;1;0;2013
252;5;2013-08-22 19:30:00;Internacional - RS;Salgueiro - PE;3;0;2013
253;5;2013-08-29 21:50:00;Salgueiro - PE;Internacional - RS;2;2;2013
254;5;2013-08-22 21:50:00;Botafogo - RJ;Atlético - MG;4;2;2013
255;5;2013-08-28 19:30:00;Atlético - MG;Botafogo - RJ;2;2;2013
256;6;2013-09-25 21:50:00;Corinthians - SP;Grêmio - RS;0;0;2013
257;6;2013-10-23 21:50:00;Grêmio - RS;Corinthians - SP;0;0;2013
258;6;2013-09-25 21:50:00;Goiás - GO;Vasco da Gama - RJ;2;1;2013
259;6;2013-10-24 21:00:00;Vasco da Gama - RJ;Goiás - GO;3;2;2013
260;6;2013-09-25 21:50:00;Botafogo - RJ;Flamengo - RJ;1;1;2013
261;6;2013-10-23 21:50:00;Flamengo - RJ;Botafogo - RJ;4;0;2013
262;6;2013-09-26 21:00:00;Internacional - RS;Atlético Paranaense - PR;1;1;2013
263;6;2013-10-23 21:50:00;Atlético Paranaense - PR;Internacional - RS;0;0;2013
264;7;2013-10-30 21:50:00;Atlético Paranaense - PR;Grêmio - RS;1;0;2013
265;7;2013-11-06 21:50:00;Grêmio - RS;Atlético Paranaense - PR;0;0;2013
266;7;2013-10-30 21:50:00;Goiás - GO;Flamengo - RJ;1;2;2013
267;7;2013-11-06 21:50:00;Flamengo - RJ;Goiás - GO;2;1;2013
268;8;2013-11-20 21:50:00;Atlético Paranaense - PR;Flamengo - RJ;1;1;2013
269;8;2013-11-27 21:50:00;Flamengo - RJ;Atlético Paranaense - PR;2;0;2013
270;1;2014-02-19 20:30:00;Real Noroeste Capixaba - ES;Rio Branco - AC;1;1;2014
271;1;2014-02-26 21:30:00;Rio Branco - AC;Real Noroeste Capixaba - ES;1;0;2014
272;2;2014-03-12 19:30:00;Vilhena - RO;Palmeiras - SP;0;1;2014
273;2;2014-04-02 22:00:00;Palmeiras - SP;Vilhena - RO;2;0;2014
274;2;2014-03-12 20:30:00;Sergipe - SE;Náutico - PE;1;0;2014
275;2;2014-04-09 19:30:00;Náutico - PE;Sergipe - SE;1;0;2014
276;2;2014-03-12 20:30:00;Goianesia - GO;Grêmio Barueri - SP;2;2;2014
277;2;2014-04-09 20:30:00;Grêmio Barueri - SP;Goianesia - GO;0;0;2014
278;2;2014-03-12 20:30:00;Sao Luiz - RS;Nacional - AM;2;2;2014
279;2;2014-04-09 21:30:00;Nacional - AM;Sao Luiz - RS;2;1;2014
280;2;2014-03-12 20:30:00;Juazeiro - BA;Tupi - MG;0;2;2014
281;2;2014-03-12 20:30:00;Tombense - MG;Treze - PB;1;1;2014
282;2;2014-04-09 20:30:00;Treze - PB;Tombense - MG;2;1;2014
283;2;2014-03-12 20:30:00;Interporto - TO;Sampaio Correa - MA;2;2;2014
284;2;2014-04-09 20:30:00;Sampaio Correa - MA;Interporto - TO;3;1;2014
285;2;2014-03-12 20:30:00;Desportiva - ES;Abc - RN;1;0;2014
286;2;2014-04-02 20:30:00;Abc - RN;Desportiva - ES;4;1;2014
287;2;2014-03-12 20:30:00;Flamengo - PI;Atlético - GO;0;1;2014
288;2;2014-04-09 20:30:00;Atlético - GO;Flamengo - PI;2;2;2014
289;2;2014-03-12 21:30:00;Nautico - RR;Ponte Preta - SP;1;4;2014
290;2;2014-03-12 22:00:00;Remo - PA;Internacional - RS;1;6;2014
291;2;2014-03-12 22:00:00;C.s.a. - AL;São Paulo - SP;0;1;2014
292;2;2014-04-09 22:00:00;São Paulo - SP;C.s.a. - AL;3;0;2014
293;2;2014-03-13 21:30:00;Rondonopolis - MT;C. R. B. - AL;2;2;2014
294;2;2014-04-09 20:30:00;C. R. B. - AL;Rondonopolis - MT;2;0;2014
295;2;2014-03-13 21:50:00;Cene - MS;Coritiba - PR;2;2;2014
296;2;2014-04-16 19:30:00;Coritiba - PR;Cene - MS;2;0;2014
297;2;2014-03-19 19:30:00;Londrina - PR;Criciuma - SC;2;0;2014
298;2;2014-04-10 19:30:00;Criciuma - SC;Londrina - PR;2;1;2014
299;2;2014-03-19 19:30:00;J. Malucelli - PR;Vitória - BA;1;1;2014
300;2;2014-04-24 19:30:00;Vitória - BA;J. Malucelli - PR;1;1;2014
301;2;2014-03-19 22:00:00;Villa Nova - MG;Bahia - BA;1;1;2014
302;2;2014-04-30 19:30:00;Bahia - BA;Villa Nova - MG;2;0;2014
303;2;2014-03-19 22:00:00;Bahia de Feira - BA;Corinthians - SP;0;2;2014
304;2;2014-03-20 19:30:00;Sao Bernardo - SP;Paraná - PR;1;1;2014
305;2;2014-04-10 19:30:00;Paraná - PR;Sao Bernardo - SP;3;1;2014
306;2;2014-03-20 21:50:00;Horizonte - CE;Fluminense - RJ;3;1;2014
307;2;2014-04-10 19:30:00;Fluminense - RJ;Horizonte - CE;5;0;2014
308;2;2014-04-02 15:15:00;Santa Rita - AL;Guarani - SP;0;0;2014
309;2;2014-04-09 15:00:00;Guarani - SP;Santa Rita - AL;1;2;2014
310;2;2014-04-02 16:00:00;Boavista - RJ;América - RN;1;2;2014
311;2;2014-04-23 19:30:00;América - RN;Boavista - RJ;2;0;2014
312;2;2014-04-02 19:30:00;Botafogo - PB;Goiás - GO;2;0;2014
313;2;2014-04-16 22:00:00;Goiás - GO;Botafogo - PB;0;0;2014
314;2;2014-04-02 19:30:00;Potiguar - RN;Portuguesa - SP;1;0;2014
315;2;2014-04-09 19:30:00;Portuguesa - SP;Potiguar - RN;2;1;2014
316;2;2014-04-02 20:30:00;Caldense - MG;Duque de Caxias - RJ;2;0;2014
317;2;2014-04-16 20:30:00;Duque de Caxias - RJ;Caldense - MG;2;2;2014
318;2;2014-04-02 20:30:00;Barbalha - CE;Cuiabá - MT;0;0;2014
319;2;2014-04-16 21:30:00;Cuiabá - MT;Barbalha - CE;2;0;2014
320;2;2014-04-02 20:30:00;Lajeadense - RS;Bragantino - SP;0;0;2014
321;2;2014-04-09 20:30:00;Bragantino - SP;Lajeadense - RS;1;0;2014
322;2;2014-04-02 20:30:00;Santos - AP;América - MG;0;3;2014
323;2;2014-04-02 20:30:00;Maranhão - MA;Paysandu - PA;2;2;2014
324;2;2014-04-16 20:30:00;Paysandu - PA;Maranhão - MA;2;1;2014
325;2;2014-04-02 21:30:00;Plácido de Castro - AC;Figueirense - SC;0;0;2014
326;2;2014-04-09 20:30:00;Figueirense - SC;Plácido de Castro - AC;3;1;2014
327;2;2014-04-02 21:50:00;Naviraiense - MS;Avaí - SC;1;4;2014
328;2;2014-04-02 22:00:00;Mixto - MT;Santos - SP;0;0;2014
329;2;2014-04-16 22:00:00;Santos - SP;Mixto - MT;3;0;2014
330;2;2014-04-03 19:00:00;Paragominas - PA;A.s.a. - AL;0;4;2014
331;2;2014-04-03 20:30:00;Resende - RJ;Vasco da Gama - RJ;0;0;2014
332;2;2014-04-16 22:00:00;Vasco da Gama - RJ;Resende - RJ;1;0;2014
333;2;2014-04-08 21:30:00;Rio Branco - AC;Chapecoense - SC;0;2;2014
334;2;2014-04-09 19:30:00;Novo Hamburgo - RS;Joinville - SC;1;0;2014
335;2;2014-04-22 19:30:00;Joinville - SC;Novo Hamburgo - RS;2;2;2014
336;2;2014-04-09 20:30:00;Lagarto - SE;Santa Cruz - PE;0;1;2014
337;2;2014-05-07 22:00:00;Santa Cruz - PE;Lagarto - SE;3;1;2014
338;2;2014-04-16 21:30:00;Princesa do Solimões - AM;Brasiliense - DF;3;1;2014
339;2;2014-04-23 20:30:00;Brasiliense - DF;Princesa do Solimões - AM;4;2;2014
340;2;2014-04-30 22:00:00;Parnahyba - PI;Ceará - CE;0;1;2014
341;2;2014-05-07 20:30:00;Ceará - CE;Parnahyba - PI;4;1;2014
342;2;2014-05-01 21:50:00;Brasília - DF;Sport - PE;1;3;2014
343;3;2014-04-22 19:30:00;Paraná - PR;Ponte Preta - SP;1;1;2014
344;3;2014-05-06 21:50:00;Ponte Preta - SP;Paraná - PR;1;1;2014
345;3;2014-04-23 22:00:00;Tupi - MG;Fluminense - RJ;0;3;2014
346;3;2014-04-23 22:00:00;C. R. B. - AL;São Paulo - SP;2;1;2014
347;3;2014-05-07 22:00:00;São Paulo - SP;C. R. B. - AL;3;0;2014
348;3;2014-04-24 15:15:00;Santa Rita - AL;Potiguar - RN;2;0;2014
349;3;2014-05-01 19:30:00;Potiguar - RN;Santa Rita - AL;2;5;2014
350;3;2014-04-30 19:30:00;Caldense - MG;Coritiba - PR;0;2;2014
351;3;2014-04-30 22:00:00;Treze - PB;Vasco da Gama - RJ;1;2;2014
352;3;2014-05-07 22:00:00;Vasco da Gama - RJ;Treze - PB;1;1;2014
353;3;2014-04-30 22:00:00;Nacional - AM;Corinthians - SP;0;3;2014
354;3;2014-05-01 16:00:00;Novo Hamburgo - RS;J. Malucelli - PR;1;0;2014
355;3;2014-05-07 19:30:00;J. Malucelli - PR;Novo Hamburgo - RS;0;2;2014
356;3;2014-05-01 19:30:00;Cuiabá - MT;Internacional - RS;1;1;2014
357;3;2014-05-14 22:00:00;Internacional - RS;Cuiabá - MT;4;1;2014
358;3;2014-05-01 21:50:00;Londrina - PR;Grêmio Barueri - SP;0;0;2014
359;3;2014-05-08 19:30:00;Grêmio Barueri - SP;Londrina - PR;3;3;2014
360;3;2014-05-06 21:50:00;América - RN;Náutico - PE;3;0;2014
361;3;2014-05-13 19:30:00;Náutico - PE;América - RN;2;0;2014
362;3;2014-05-07 19:30:00;A.s.a. - AL;Avaí - SC;3;2;2014
363;3;2014-05-13 20:30:00;Avaí - SC;A.s.a. - AL;2;1;2014
364;3;2014-05-07 19:30:00;Bragantino - SP;Figueirense - SC;2;1;2014
365;3;2014-07-22 19:30:00;Figueirense - SC;Bragantino - SP;2;1;2014
366;3;2014-05-07 20:30:00;Abc - RN;Atlético - GO;1;1;2014
367;3;2014-05-14 20:30:00;Atlético - GO;Abc - RN;1;2;2014
368;3;2014-05-07 22:00:00;América - MG;Bahia - BA;0;0;2014
369;3;2014-05-14 19:30:00;Bahia - BA;América - MG;2;1;2014
370;3;2014-05-07 22:00:00;Sampaio Correa - MA;Palmeiras - SP;2;1;2014
371;3;2014-05-14 22:00:00;Palmeiras - SP;Sampaio Correa - MA;3;0;2014
372;3;2014-05-08 21:50:00;Princesa do Solimões - AM;Santos - SP;1;2;2014
373;3;2014-05-15 21:50:00;Santos - SP;Princesa do Solimões - AM;4;2;2014
374;3;2014-05-14 19:30:00;Chapecoense - SC;Ceará - CE;1;2;2014
375;3;2014-07-23 19:30:00;Ceará - CE;Chapecoense - SC;1;1;2014
376;3;2014-05-14 22:00:00;Botafogo - PB;Santa Cruz - PE;1;1;2014
377;3;2014-07-23 22:00:00;Santa Cruz - PE;Botafogo - PB;2;1;2014
378;3;2014-05-15 19:30:00;Paysandu - PA;Sport - PE;2;1;2014
379;3;2014-07-24 19:30:00;Sport - PE;Paysandu - PA;3;2;2014
380;4;2014-07-23 19:30:00;Abc - RN;Novo Hamburgo - RS;1;0;2014
381;4;2014-07-30 19:30:00;Novo Hamburgo - RS;Abc - RN;2;0;2014
382;4;2014-07-23 19:30:00;Avaí - SC;Palmeiras - SP;0;2;2014
383;4;2014-08-06 19:30:00;Palmeiras - SP;Avaí - SC;1;0;2014
384;4;2014-07-23 22:00:00;Ponte Preta - SP;Vasco da Gama - RJ;0;2;2014
385;4;2014-07-30 22:00:00;Vasco da Gama - RJ;Ponte Preta - SP;2;1;2014
386;4;2014-07-23 22:00:00;Corinthians - SP;Bahia - BA;3;0;2014
387;4;2014-08-06 22:00:00;Bahia - BA;Corinthians - SP;1;0;2014
388;4;2014-07-30 22:00:00;Bragantino - SP;São Paulo - SP;1;2;2014
389;4;2014-08-13 22:00:00;São Paulo - SP;Bragantino - SP;1;3;2014
390;4;2014-07-30 22:00:00;Internacional - RS;Ceará - CE;1;2;2014
391;4;2014-08-13 22:00:00;Ceará - CE;Internacional - RS;3;1;2014
392;4;2014-07-31 21:00:00;Coritiba - PR;Paysandu - PA;2;0;2014
393;4;2014-08-13 22:00:00;Paysandu - PA;Coritiba - PR;2;1;2014
394;4;2014-07-31 21:00:00;Londrina - PR;Santos - SP;2;1;2014
395;4;2014-08-14 19:30:00;Santos - SP;Londrina - PR;2;0;2014
396;4;2014-08-06 22:00:00;América - RN;Fluminense - RJ;0;3;2014
397;4;2014-08-13 22:00:00;Fluminense - RJ;América - RN;2;5;2014
398;4;2014-08-06 22:00:00;Santa Rita - AL;Santa Cruz - PE;3;2;2014
399;4;2014-08-14 19:30:00;Santa Cruz - PE;Santa Rita - AL;1;1;2014
400;5;2014-08-26 19:30:00;Vasco da Gama - RJ;Abc - RN;1;1;2014
401;5;2014-09-02 19:30:00;Abc - RN;Vasco da Gama - RJ;2;1;2014
402;5;2014-08-27 19:30:00;Cruzeiro - MG;Santa Rita - AL;5;0;2014
403;5;2014-09-03 19:30:00;Santa Rita - AL;Cruzeiro - MG;1;2;2014
404;5;2014-08-27 19:30:00;América - RN;Atletico - PR;3;0;2014
405;5;2014-09-03 19:30:00;Atletico - PR;América - RN;2;0;2014
406;5;2014-08-27 22:00:00;Botafogo - RJ;Ceará - CE;1;2;2014
407;5;2014-09-03 22:00:00;Ceará - CE;Botafogo - RJ;3;4;2014
408;5;2014-08-27 22:00:00;Coritiba - PR;Flamengo - RJ;3;0;2014
409;5;2014-09-03 22:00:00;Flamengo - RJ;Coritiba - PR;3;0;2014
410;5;2014-08-27 22:00:00;Palmeiras - SP;Atlético - MG;0;1;2014
411;5;2014-09-04 20:00:00;Atlético - MG;Palmeiras - SP;2;0;2014
412;5;2014-08-27 22:00:00;Bragantino - SP;Corinthians - SP;1;0;2014
413;5;2014-09-03 22:00:00;Corinthians - SP;Bragantino - SP;3;1;2014
414;5;2014-08-28 20:00:00;Grêmio - RS;Santos - SP;0;2;2014
415;6;2014-10-01 19:30:00;Botafogo - RJ;Santos - SP;2;3;2014
416;6;2014-10-16 21:30:00;Santos - SP;Botafogo - RJ;5;0;2014
417;6;2014-10-01 19:30:00;Cruzeiro - MG;Abc - RN;1;0;2014
418;6;2014-10-15 22:00:00;Abc - RN;Cruzeiro - MG;3;2;2014
419;6;2014-10-01 22:00:00;América - RN;Flamengo - RJ;0;1;2014
420;6;2014-10-15 22:00:00;Flamengo - RJ;América - RN;1;0;2014
421;6;2014-10-01 22:00:00;Corinthians - SP;Atlético - MG;2;0;2014
422;6;2014-10-15 22:00:00;Atlético - MG;Corinthians - SP;4;1;2014
423;7;2014-10-29 22:00:00;Cruzeiro - MG;Santos - SP;1;0;2014
424;7;2014-11-05 22:00:00;Santos - SP;Cruzeiro - MG;3;3;2014
425;7;2014-10-29 22:00:00;Flamengo - RJ;Atlético - MG;2;0;2014
426;7;2014-11-05 22:00:00;Atlético - MG;Flamengo - RJ;4;1;2014
427;8;2014-11-12 22:00:00;Atlético - MG;Cruzeiro - MG;2;0;2014
428;8;2014-11-26 22:00:00;Cruzeiro - MG;Atlético - MG;0;1;2014
429;1;2015-02-08 19:30:00;Atlético - AC;Real Noroeste - ES;0;1;2015
430;1;2015-02-22 16:30:00;Real Noroeste - ES;Atlético - AC;3;2;2015
431;2;2015-02-25 19:30:00;Santo André - SP;Goiás - GO;0;1;2015
432;2;2015-04-01 19:30:00;Goiás - GO;Santo André - SP;1;0;2015
433;2;2015-02-25 19:30:00;Luziânia - DF;América - MG;0;3;2015
434;2;2015-02-25 20:30:00;Estrela do Norte - ES;Sampaio Correa - MA;3;2;2015
435;2;2015-04-01 20:30:00;Sampaio Correa - MA;Estrela do Norte - ES;4;1;2015
436;2;2015-02-25 20:30:00;Moto Club - MA;Boa - MG;1;1;2015
437;2;2015-04-15 20:30:00;Boa - MG;Moto Club - MA;1;1;2015
438;2;2015-02-25 20:30:00;Amadense - SE;Crb - AL;1;2;2015
439;2;2015-04-02 19:30:00;Crb - AL;Amadense - SE;1;0;2015
440;2;2015-02-25 21:30:00;São Raimundo - RR;Asa - AL;1;3;2015
441;2;2015-02-25 22:00:00;Brasil - RS;Flamengo - RJ;1;2;2015
442;2;2015-03-18 22:00:00;Flamengo - RJ;Brasil - RS;2;0;2015
443;2;2015-03-03 21:30:00;Vilhena - RO;Ponte Preta - SP;1;1;2015
444;2;2015-04-02 19:30:00;Ponte Preta - SP;Vilhena - RO;3;0;2015
445;2;2015-03-04 16:00:00;Boavista - RJ;Abc - RN;0;1;2015
446;2;2015-03-19 19:30:00;Abc - RN;Boavista - RJ;2;0;2015
447;2;2015-03-04 19:30:00;Capivariano - SP;Caxias - RS;3;0;2015
448;2;2015-03-19 19:30:00;Caxias - RS;Capivariano - SP;0;0;2015
449;2;2015-03-04 19:30:00;Santos - AP;Portuguesa - SP;1;3;2015
450;2;2015-03-04 19:30:00;Independente - PA;Icasa - CE;5;0;2015
451;2;2015-03-19 19:30:00;Icasa - CE;Independente - PA;2;0;2015
452;2;2015-03-04 20:30:00;Murici - AL;Cuiabá - MT;3;2;2015
453;2;2015-03-18 21:30:00;Cuiabá - MT;Murici - AL;2;0;2015
454;2;2015-03-04 20:30:00;Alecrim - RN;Tupi - MG;0;2;2015
455;2;2015-03-04 22:00:00;Vitória da Conquista - BA;Palmeiras - SP;1;4;2015
456;2;2015-03-04 22:00:00;Villa Nova - MG;Coritiba - PR;0;3;2015
457;2;2015-03-05 21:30:00;Maringá - PR;Madureira - RJ;2;0;2015
458;2;2015-04-15 15:00:00;Madureira - RJ;Maringá - PR;3;1;2015
459;2;2015-03-05 21:30:00;Cabofriense - RJ;Luverdense - MT;1;1;2015
460;2;2015-03-18 21:30:00;Luverdense - MT;Cabofriense - RJ;1;0;2015
461;2;2015-03-17 19:30:00;Londrina - PR;Santos - SP;0;1;2015
462;2;2015-04-15 19:30:00;Santos - SP;Londrina - PR;1;0;2015
463;2;2015-03-18 19:30:00;Lajeadense - RS;Bragantino - SP;2;1;2015
464;2;2015-04-16 19:30:00;Bragantino - SP;Lajeadense - RS;1;0;2015
465;2;2015-03-18 20:30:00;Interporto - TO;Chapecoense - SC;2;5;2015
466;2;2015-03-18 20:30:00;Real Noroeste - ES;Criciúma - SC;1;4;2015
467;2;2015-03-18 21:30:00;Princesa do Solimões - AM;Figueirense - SC;2;2;2015
468;2;2015-04-01 19:30:00;Figueirense - SC;Princesa do Solimões - AM;2;1;2015
469;2;2015-03-18 21:30:00;Águia Negra - MS;Paysandu - PA;2;2;2015
470;2;2015-04-01 20:30:00;Paysandu - PA;Águia Negra - MS;2;0;2015
471;2;2015-03-31 20:30:00;Piauí - PI;Salgueiro - PE;1;5;2015
472;2;2015-04-01 19:30:00;Rio Branco - AC;Vasco da Gama - RJ;1;2;2015
473;2;2015-04-15 22:00:00;Vasco da Gama - RJ;Rio Branco - AC;3;2;2015
474;2;2015-04-01 19:30:00;Ríver - PI;Fortaleza - CE;0;1;2015
475;2;2015-04-16 21:50:00;Fortaleza - CE;Ríver - PI;2;1;2015
476;2;2015-04-01 19:30:00;Ituano - SP;Joinville - SC;3;0;2015
477;2;2015-04-15 19:30:00;Joinville - SC;Ituano - SP;1;0;2015
478;2;2015-04-01 19:30:00;Anapolina - GO;Vitória - BA;1;2;2015
479;2;2015-04-14 19:30:00;Vitória - BA;Anapolina - GO;1;1;2015
480;2;2015-04-01 20:30:00;Jacuipense - BA;Paraná - PR;0;1;2015
481;2;2015-04-23 19:30:00;Paraná - PR;Jacuipense - BA;0;1;2015
482;2;2015-04-01 20:30:00;Globo - RN;América - RN;1;5;2015
483;2;2015-04-01 20:30:00;Coruripe - AL;Atlético - GO;1;1;2015
484;2;2015-04-30 20:30:00;Atlético - GO;Coruripe - AL;2;0;2015
485;2;2015-04-01 21:30:00;Operário - MT;Avaí - SC;0;0;2015
486;2;2015-04-14 19:30:00;Avaí - SC;Operário - MT;3;1;2015
487;2;2015-04-01 22:00:00;Botafogo - PB;Botafogo - RJ;2;2;2015
488;2;2015-04-15 19:30:00;Botafogo - RJ;Botafogo - PB;4;2;2015
489;2;2015-04-01 22:00:00;Cene - MS;Sport - PE;1;2;2015
490;2;2015-04-16 21:50:00;Sport - PE;Cene - MS;4;1;2015
491;2;2015-04-01 22:00:00;Confiança - SE;Ceará - CE;0;0;2015
492;2;2015-04-15 22:00:00;Ceará - CE;Confiança - SE;1;0;2015
493;2;2015-04-01 22:00:00;Campinense - PB;Grêmio - RS;1;2;2015
494;2;2015-04-15 22:00:00;Grêmio - RS;Campinense - PB;2;0;2015
495;2;2015-04-02 19:30:00;Brasília - DF;Náutico - PE;0;1;2015
496;2;2015-04-15 22:00:00;Náutico - PE;Brasília - DF;2;0;2015
497;2;2015-04-02 21:50:00;Remo - PA;Atlético - PR;1;1;2015
498;2;2015-04-15 19:30:00;Atlético - PR;Remo - PA;1;1;2015
499;2;2015-04-02 21:50:00;Nacional - AM;Bahia - BA;0;0;2015
500;2;2015-04-16 19:30:00;Bahia - BA;Nacional - AM;3;2;2015
501;3;2015-04-22 22:00:00;Salgueiro - PE;Flamengo - RJ;0;2;2015
502;3;2015-04-23 19:30:00;Ituano - SP;Portuguesa - SP;1;1;2015
503;3;2015-04-28 21:50:00;Portuguesa - SP;Ituano - SP;1;2;2015
504;3;2015-04-23 21:00:00;Bragantino - SP;Criciúma - SC;0;3;2015
505;3;2015-04-28 21:50:00;Tupi - MG;Atlético - PR;1;0;2015
506;3;2015-05-06 19:30:00;Atlético - PR;Tupi - MG;2;1;2015
507;3;2015-04-29 22:00:00;Sampaio Correa - MA;Palmeiras - SP;1;1;2015
508;3;2015-05-12 21:50:00;Palmeiras - SP;Sampaio Correa - MA;5;1;2015
509;3;2015-04-29 22:00:00;Capivariano - SP;Botafogo - RJ;1;2;2015
510;3;2015-05-06 22:00:00;Botafogo - RJ;Capivariano - SP;3;0;2015
511;3;2015-04-30 19:30:00;Jacuipense - BA;Náutico - PE;0;2;2015
512;3;2015-05-06 19:30:00;Fortaleza - CE;Coritiba - PR;2;1;2015
513;3;2015-05-13 22:00:00;Coritiba - PR;Fortaleza - CE;2;1;2015
514;3;2015-05-06 22:00:00;Avaí - SC;Figueirense - SC;1;0;2015
515;3;2015-05-13 22:00:00;Figueirense - SC;Avaí - SC;2;0;2015
516;3;2015-05-06 22:00:00;Maringá - PR;Santos - SP;2;2;2015
517;3;2015-05-13 19:30:00;Santos - SP;Maringá - PR;1;0;2015
518;3;2015-05-06 22:00:00;Chapecoense - SC;Sport - PE;2;0;2015
519;3;2015-05-13 22:00:00;Sport - PE;Chapecoense - SC;2;0;2015
520;3;2015-05-07 19:30:00;Moto Club - MA;Ponte Preta - SP;1;2;2015
521;3;2015-05-13 19:30:00;Ponte Preta - SP;Moto Club - MA;4;1;2015
522;3;2015-05-07 19:30:00;Independente - PA;Goiás - GO;1;0;2015
523;3;2015-05-13 19:30:00;Goiás - GO;Independente - PA;3;0;2015
524;3;2015-05-12 19:30:00;Paysandu - PA;Abc - RN;1;0;2015
525;3;2015-05-19 19:30:00;Abc - RN;Paysandu - PA;1;2;2015
526;3;2015-05-12 19:30:00;América - RN;Atlético - GO;4;2;2015
527;3;2015-05-20 19:30:00;Atlético - GO;América - RN;1;0;2015
528;3;2015-05-12 19:30:00;América - MG;Ceará - CE;1;1;2015
529;3;2015-05-20 22:00:00;Ceará - CE;América - MG;3;0;2015
530;3;2015-05-12 21:50:00;Luverdense - MT;Bahia - BA;0;0;2015
531;3;2015-05-20 22:00:00;Bahia - BA;Luverdense - MT;3;1;2015
532;3;2015-05-13 19:30:00;Asa - AL;Vitória - BA;1;1;2015
533;3;2015-05-19 19:30:00;Vitória - BA;Asa - AL;2;2;2015
534;3;2015-05-13 19:30:00;Crb - AL;Grêmio - RS;1;3;2015
535;3;2015-05-13 22:00:00;Cuiabá - MT;Vasco da Gama - RJ;1;1;2015
536;3;2015-05-20 22:00:00;Vasco da Gama - RJ;Cuiabá - MT;0;0;2015
537;4;2015-05-20 19:30:00;Figueirense - SC;Botafogo - RJ;2;2;2015
538;4;2015-07-14 21:00:00;Botafogo - RJ;Figueirense - SC;0;1;2015
539;4;2015-05-20 19:30:00;Ituano - SP;Goiás - GO;2;0;2015
540;4;2015-05-27 19:30:00;Goiás - GO;Ituano - SP;3;1;2015
541;4;2015-05-20 22:00:00;Sport - PE;Santos - SP;2;1;2015
542;4;2015-07-22 22:00:00;Santos - SP;Sport - PE;3;1;2015
543;4;2015-05-27 19:30:00;Coritiba - PR;Ponte Preta - SP;2;1;2015
544;4;2015-07-22 22:00:00;Ponte Preta - SP;Coritiba - PR;2;1;2015
545;4;2015-05-27 22:00:00;Palmeiras - SP;Asa - AL;0;0;2015
546;4;2015-07-15 22:00:00;Asa - AL;Palmeiras - SP;0;1;2015
547;4;2015-05-27 22:00:00;Flamengo - RJ;Náutico - PE;1;1;2015
548;4;2015-07-15 22:00:00;Náutico - PE;Flamengo - RJ;0;2;2015
549;4;2015-07-14 21:00:00;Grêmio - RS;Criciúma - SC;0;1;2015
550;4;2015-07-21 21:00:00;Criciúma - SC;Grêmio - RS;0;1;2015
551;4;2015-07-15 19:30:00;Ceará - CE;Tupi - MG;0;0;2015
552;4;2015-07-22 19:30:00;Tupi - MG;Ceará - CE;1;2;2015
553;4;2015-07-15 21:00:00;Vasco da Gama - RJ;América - RN;3;1;2015
554;4;2015-07-22 22:00:00;América - RN;Vasco da Gama - RJ;2;3;2015
555;4;2015-07-15 22:00:00;Paysandu - PA;Bahia - BA;3;0;2015
556;4;2015-07-22 19:30:00;Bahia - BA;Paysandu - PA;2;0;2015
557;5;2015-08-19 19:30:00;Coritiba - PR;Grêmio - RS;0;1;2015
558;5;2015-08-27 21:00:00;Grêmio - RS;Coritiba - PR;3;1;2015
559;5;2015-08-19 19:30:00;Atlético - MG;Figueirense - SC;1;1;2015
560;5;2015-08-26 19:30:00;Figueirense - SC;Atlético - MG;2;1;2015
561;5;2015-08-19 22:00:00;Palmeiras - SP;Cruzeiro - MG;2;1;2015
562;5;2015-08-26 22:00:00;Cruzeiro - MG;Palmeiras - SP;2;3;2015
563;5;2015-08-19 22:00:00;Flamengo - RJ;Vasco da Gama - RJ;0;1;2015
564;5;2015-08-26 22:00:00;Vasco da Gama - RJ;Flamengo - RJ;1;1;2015
565;5;2015-08-19 22:00:00;Santos - SP;Corinthians - SP;2;0;2015
566;5;2015-08-26 22:00:00;Corinthians - SP;Santos - SP;1;2;2015
567;5;2015-08-20 19:00:00;Internacional - RS;Ituano - SP;2;0;2015
568;5;2015-08-27 20:00:00;Ituano - SP;Internacional - RS;1;2;2015
569;5;2015-08-20 19:00:00;Fluminense - RJ;Paysandu - PA;2;1;2015
570;5;2015-08-26 19:30:00;Paysandu - PA;Fluminense - RJ;1;2;2015
571;5;2015-08-20 21:30:00;São Paulo - SP;Ceará - CE;1;2;2015
572;5;2015-08-26 19:30:00;Ceará - CE;São Paulo - SP;0;3;2015
573;6;2015-09-23 19:30:00;Figueirense - SC;Santos - SP;0;1;2015
574;6;2015-10-01 21:00:00;Santos - SP;Figueirense - SC;3;2;2015
575;6;2015-09-23 19:30:00;Internacional - RS;Palmeiras - SP;1;1;2015
576;6;2015-09-30 22:00:00;Palmeiras - SP;Internacional - RS;3;2;2015
577;6;2015-09-23 22:00:00;Fluminense - RJ;Grêmio - RS;0;0;2015
578;6;2015-09-30 22:00:00;Grêmio - RS;Fluminense - RJ;1;1;2015
579;6;2015-09-23 22:00:00;São Paulo - SP;Vasco da Gama - RJ;3;0;2015
580;6;2015-09-30 22:00:00;Vasco da Gama - RJ;São Paulo - SP;1;1;2015
581;7;2015-10-21 22:00:00;São Paulo - SP;Santos - SP;1;3;2015
582;7;2015-10-28 22:00:00;Santos - SP;São Paulo - SP;3;1;2015
583;7;2015-10-21 22:00:00;Fluminense - RJ;Palmeiras - SP;2;1;2015
584;7;2015-10-28 22:00:00;Palmeiras - SP;Fluminense - RJ;2;1;2015
585;8;2015-11-25 22:00:00;Santos - SP;Palmeiras - SP;1;0;2015
586;8;2015-12-02 22:00:00;Palmeiras - SP;Santos - SP;2;1;2015
587;1;2016-03-16 20:30:00;Goianesia - GO;ABC - RN;1;1;2016
588;1;2016-04-20 20:30:00;ABC - RN;Goianesia - GO;3;2;2016
589;1;2016-03-16 20:30:00;Parauapebas - PA;Londrina - PR;0;1;2016
590;1;2016-04-06 19:30:00;Londrina - PR;Parauapebas - PA;6;0;2016
591;1;2016-03-16 20:30:00;Linense - SP;Botafogo - PB;1;1;2016
592;1;2016-04-06 19:30:00;Botafogo - PB;Linense - SP;1;1;2016
593;1;2016-03-16 21:45:00;Rio Branco - ES;Santa Cruz - PE;0;1;2016
594;1;2016-04-06 21:45:00;Santa Cruz - PE;Rio Branco - ES;0;0;2016
595;1;2016-03-16 21:45:00;Confiança - SE;Flamengo - RJ;1;0;2016
596;1;2016-04-20 21:45:00;Flamengo - RJ;Confiança - SE;3;0;2016
597;1;2016-03-16 21:45:00;Globo - RN;Bahia - BA;0;0;2016
598;1;2016-04-06 21:45:00;Bahia - BA;Globo - RN;3;1;2016
599;1;2016-03-16 21:45:00;Imperatriz - MA;Fortaleza - CE;1;1;2016
600;1;2016-04-28 20:00:00;Fortaleza - CE;Imperatriz - MA;2;0;2016
601;1;2016-03-17 19:15:00;Vitória da Conquista - BA;Náutico - PE;0;0;2016
602;1;2016-04-07 19:30:00;Náutico - PE;Vitória da Conquista - BA;1;1;2016
603;1;2016-03-17 19:15:00;Ferroviária - SP;Salgueiro - PE;1;0;2016
604;1;2016-04-13 20:30:00;Salgueiro - PE;Ferroviária - SP;1;1;2016
605;1;2016-03-17 19:15:00;Ypiranga - RS;Atlético - GO;2;2;2016
606;1;2016-04-07 19:30:00;Atlético - GO;Ypiranga - RS;0;2;2016
607;1;2016-03-17 21:30:00;Brasil - RS;Atlético - PR;1;1;2016
608;1;2016-04-13 19:30:00;Atlético - PR;Brasil - RS;1;0;2016
609;1;2016-04-05 21:30:00;Coruripe - AL;Botafogo - RJ;0;1;2016
610;1;2016-04-28 21:30:00;Botafogo - RJ;Coruripe - AL;1;1;2016
611;1;2016-04-06 16:30:00;Princesa do Solimões - AM;Chapecoense - SC;1;2;2016
612;1;2016-04-14 21:30:00;Chapecoense - SC;Princesa do Solimões - AM;2;0;2016
613;1;2016-04-06 19:30:00;Aparecidense - GO;Sport - PE;2;0;2016
614;1;2016-04-28 19:15:00;Sport - PE;Aparecidense - GO;1;2;2016
615;1;2016-04-06 19:30:00;Resende - RJ;Ceará - CE;2;2;2016
616;1;2016-04-26 19:15:00;Ceará - CE;Resende - RJ;1;1;2016
617;1;2016-04-06 19:30:00;Internacional - SC;Sampaio Correa - MA;1;2;2016
618;1;2016-04-20 19:30:00;Sampaio Correa - MA;Internacional - SC;0;1;2016
619;1;2016-04-06 20:30:00;Estanciano - SE;Paraná - PR;1;1;2016
620;1;2016-04-21 19:15:00;Paraná - PR;Estanciano - SE;2;0;2016
621;1;2016-04-06 20:30:00;Juazeirense - BA;Cuiabá - MT;1;0;2016
622;1;2016-04-27 21:30:00;Cuiabá - MT;Juazeirense - BA;1;0;2016
623;1;2016-04-06 20:30:00;Tocantinópolis - TO;Juventude - RS;1;1;2016
624;1;2016-04-28 21:30:00;Juventude - RS;Tocantinópolis - TO;2;0;2016
625;1;2016-04-06 21:30:00;Ivinhema - MS;Crb - AL;0;2;2016
626;1;2016-04-06 21:30:00;Genus - RO;Asa - AL;2;0;2016
627;1;2016-04-28 21:30:00;Asa - AL;Genus - RO;2;1;2016
628;1;2016-04-06 21:45:00;Tombense - MG;Fluminense - RJ;0;3;2016
629;1;2016-04-07 21:30:00;Caldense - MG;Ponte Preta - SP;1;2;2016
630;1;2016-04-14 21:30:00;Ponte Preta - SP;Caldense - MG;1;1;2016
631;1;2016-04-07 21:30:00;Ríver - PI;Goiás - GO;2;1;2016
632;1;2016-04-27 19:30:00;Goiás - GO;Ríver - PI;2;1;2016
633;1;2016-04-12 21:00:00;Operario - PR;Criciúma - SC;2;1;2016
634;1;2016-04-28 19:15:00;Criciúma - SC;Operario - PR;1;1;2016
635;1;2016-04-13 19:30:00;Guarany - CE;Coritiba - PR;0;3;2016
636;1;2016-04-13 20:30:00;Parnahyba - PI;Portuguesa - SP;2;1;2016
637;1;2016-04-26 21:30:00;Portuguesa - SP;Parnahyba - PI;1;0;2016
638;1;2016-04-13 21:30:00;Nautico - RR;Vitória - BA;2;3;2016
639;1;2016-04-27 21:45:00;Vitória - BA;Nautico - RR;3;1;2016
640;1;2016-04-13 21:45:00;Remo - PA;Vasco da Gama - RJ;0;1;2016
641;1;2016-04-27 21:45:00;Vasco da Gama - RJ;Remo - PA;2;1;2016
642;1;2016-04-14 21:30:00;Lajeadense - RS;Figueirense - SC;0;2;2016
643;1;2016-04-19 19:30:00;Brasília - DF;Bragantino - SP;0;2;2016
644;1;2016-04-20 19:30:00;Red Bull Brasil - SP;América - MG;1;1;2016
645;1;2016-04-28 19:15:00;América - MG;Red Bull Brasil - SP;3;2;2016
646;1;2016-04-20 21:30:00;Galvez - AC;Rio Branco - AC;1;0;2016
647;1;2016-04-27 21:30:00;Rio Branco - AC;Galvez - AC;1;1;2016
648;1;2016-04-20 21:30:00;Comercial - MS;Joinville - SC;1;1;2016
649;1;2016-05-04 19:30:00;Joinville - SC;Comercial - MS;1;0;2016
650;1;2016-04-20 21:30:00;Dom Bosco - MT;Nacional - AM;2;0;2016
651;1;2016-04-27 21:30:00;Nacional - AM;Dom Bosco - MT;1;1;2016
652;1;2016-04-20 21:45:00;Campinense - PB;Cruzeiro - MG;0;0;2016
653;1;2016-05-05 21:30:00;Cruzeiro - MG;Campinense - PB;3;2;2016
654;1;2016-04-21 19:15:00;Operário - MT;Avaí - SC;1;0;2016
655;1;2016-04-28 19:15:00;Avaí - SC;Operário - MT;2;0;2016
656;1;2016-04-21 21:30:00;Santos - AP;Santos - SP;1;1;2016
657;1;2016-04-28 21:30:00;Santos - SP;Santos - AP;3;0;2016
658;1;2016-04-27 20:30:00;Independente de Tucuruí - PA;Paysandu - PA;1;2;2016
659;1;2016-04-30 17:00:00;Paysandu - PA;Independente de Tucuruí - PA;2;0;2016
660;1;2016-05-14 17:00:00;Gama - DF;América - RN;1;0;2016
661;1;2016-05-25 19:15:00;América - RN;Gama - DF;3;2;2016
662;2;2016-05-03 21:30:00;Bragantino - SP;Avaí - SC;1;0;2016
663;2;2016-05-10 21:30:00;Avaí - SC;Bragantino - SP;1;1;2016
664;2;2016-05-04 19:30:00;Ferroviária - SP;Fluminense - RJ;3;3;2016
665;2;2016-05-12 21:30:00;Fluminense - RJ;Ferroviária - SP;3;0;2016
666;2;2016-05-04 21:45:00;Fortaleza - CE;Flamengo - RJ;2;1;2016
667;2;2016-05-18 21:45:00;Flamengo - RJ;Fortaleza - CE;1;2;2016
668;2;2016-05-05 21:30:00;Genus - RO;Ponte Preta - SP;0;1;2016
669;2;2016-05-12 21:30:00;Ponte Preta - SP;Genus - RO;3;0;2016
670;2;2016-05-10 21:30:00;Londrina - PR;Cruzeiro - MG;0;2;2016
671;2;2016-05-11 19:30:00;Sampaio Correa - MA;Figueirense - SC;1;2;2016
672;2;2016-07-06 19:30:00;Figueirense - SC;Sampaio Correa - MA;1;0;2016
673;2;2016-05-11 19:30:00;Paraná - PR;Chapecoense - SC;2;1;2016
674;2;2016-05-18 19:30:00;Chapecoense - SC;Paraná - PR;2;0;2016
675;2;2016-05-11 19:30:00;Juventude - RS;Coritiba - PR;1;0;2016
676;2;2016-05-19 19:15:00;Coritiba - PR;Juventude - RS;2;2;2016
677;2;2016-05-11 19:30:00;Joinville - SC;Ceará - CE;0;1;2016
678;2;2016-05-17 19:15:00;Ceará - CE;Joinville - SC;1;0;2016
679;2;2016-05-11 19:30:00;Galvez - AC;Santos - SP;0;3;2016
680;2;2016-05-11 20:30:00;Ríver - PI;Botafogo - PB;0;1;2016
681;2;2016-05-18 20:30:00;Botafogo - PB;Ríver - PI;1;0;2016
682;2;2016-05-11 20:30:00;Ypiranga - RS;Aparecidense - GO;3;1;2016
683;2;2016-05-19 21:30:00;Aparecidense - GO;Ypiranga - RS;2;1;2016
684;2;2016-05-11 21:30:00;Dom Bosco - MT;Atlético - PR;2;2;2016
685;2;2016-05-18 19:30:00;Atlético - PR;Dom Bosco - MT;5;0;2016
686;2;2016-05-11 21:45:00;Crb - AL;Vasco da Gama - RJ;0;1;2016
687;2;2016-05-18 19:30:00;Vasco da Gama - RJ;Crb - AL;1;1;2016
688;2;2016-05-11 21:45:00;Vitória da Conquista - BA;Santa Cruz - PE;0;2;2016
689;2;2016-05-11 21:45:00;América - MG;Bahia - BA;0;0;2016
690;2;2016-05-18 21:45:00;Bahia - BA;América - MG;0;1;2016
691;2;2016-05-11 21:45:00;Portuguesa - SP;Vitória - BA;0;0;2016
692;2;2016-05-19 21:30:00;Vitória - BA;Portuguesa - SP;3;1;2016
693;2;2016-05-12 19:15:00;Juazeirense - BA;Botafogo - RJ;1;2;2016
694;2;2016-05-19 21:30:00;Botafogo - RJ;Juazeirense - BA;1;0;2016
695;2;2016-05-17 19:15:00;Operario - PR;Paysandu - PA;1;0;2016
696;2;2016-07-06 19:30:00;Paysandu - PA;Operario - PR;2;0;2016
697;2;2016-06-01 19:30:00;Gama - DF;ABC - RN;1;1;2016
698;2;2016-06-15 20:30:00;ABC - RN;Gama - DF;1;1;2016
699;3;2016-07-06 21:45:00;Vitória - BA;Cruzeiro - MG;1;2;2016
700;3;2016-07-20 21:45:00;Cruzeiro - MG;Vitória - BA;2;1;2016
701;3;2016-07-06 21:45:00;Fluminense - RJ;Ypiranga - RS;1;1;2016
702;3;2016-07-27 21:45:00;Ypiranga - RS;Fluminense - RJ;0;2;2016
703;3;2016-07-07 21:00:00;América - MG;Fortaleza - CE;1;0;2016
704;3;2016-07-28 21:00:00;Fortaleza - CE;América - MG;4;1;2016
705;3;2016-07-13 19:30:00;Figueirense - SC;Ponte Preta - SP;0;0;2016
706;3;2016-07-27 19:30:00;Ponte Preta - SP;Figueirense - SC;5;0;2016
707;3;2016-07-13 19:30:00;Bragantino - SP;Botafogo - RJ;2;2;2016
708;3;2016-07-27 19:30:00;Botafogo - RJ;Bragantino - SP;1;0;2016
709;3;2016-07-13 21:45:00;Botafogo - PB;Ceará - CE;3;0;2016
710;3;2016-07-20 19:30:00;Ceará - CE;Botafogo - PB;0;0;2016
711;3;2016-07-13 21:45:00;Vasco da Gama - RJ;Santa Cruz - PE;1;1;2016
712;3;2016-07-20 21:45:00;Santa Cruz - PE;Vasco da Gama - RJ;2;3;2016
713;3;2016-07-20 19:30:00;Juventude - RS;Paysandu - PA;0;0;2016
714;3;2016-07-27 19:30:00;Paysandu - PA;Juventude - RS;1;2;2016
715;3;2016-07-20 21:45:00;Gama - DF;Santos - SP;0;0;2016
716;3;2016-07-27 21:45:00;Santos - SP;Gama - DF;3;0;2016
717;3;2016-07-21 21:00:00;Atlético - PR;Chapecoense - SC;0;0;2016
718;3;2016-07-27 19:30:00;Chapecoense - SC;Atlético - PR;1;1;2016
719;4;2016-08-24 19:30:00;Santos - SP;Vasco da Gama - RJ;3;1;2016
720;4;2016-09-21 21:45:00;Vasco da Gama - RJ;Santos - SP;2;2;2016
721;4;2016-08-24 19:30:00;Atlético - PR;Grêmio - RS;0;1;2016
722;4;2016-09-21 19:30:00;Grêmio - RS;Atlético - PR;0;1;2016
723;4;2016-08-24 21:45:00;São Paulo - SP;Juventude - RS;1;2;2016
724;4;2016-09-22 21:30:00;Juventude - RS;São Paulo - SP;0;1;2016
725;4;2016-08-24 21:45:00;Atlético - MG;Ponte Preta - SP;1;1;2016
726;4;2016-09-21 19:30:00;Ponte Preta - SP;Atlético - MG;2;2;2016
727;4;2016-08-31 19:30:00;Palmeiras - SP;Botafogo - PB;3;0;2016
728;4;2016-09-21 19:30:00;Botafogo - PB;Palmeiras - SP;1;0;2016
729;4;2016-08-31 21:45:00;Fluminense - RJ;Corinthians - SP;1;1;2016
730;4;2016-09-21 21:45:00;Corinthians - SP;Fluminense - RJ;1;0;2016
731;4;2016-08-31 21:45:00;Internacional - RS;Fortaleza - CE;3;0;2016
732;4;2016-09-22 19:15:00;Fortaleza - CE;Internacional - RS;1;0;2016
733;4;2016-09-01 20:00:00;Botafogo - RJ;Cruzeiro - MG;2;5;2016
734;4;2016-09-21 21:45:00;Cruzeiro - MG;Botafogo - RJ;1;0;2016
735;5;2016-09-28 19:30:00;Atlético - MG;Juventude - RS;1;0;2016
736;5;2016-10-19 19:30:00;Juventude - RS;Atlético - MG;1;0;2016
737;5;2016-09-28 19:30:00;Santos - SP;Internacional - RS;2;1;2016
738;5;2016-10-19 19:30:00;Internacional - RS;Santos - SP;2;0;2016
739;5;2016-09-28 21:45:00;Grêmio - RS;Palmeiras - SP;2;1;2016
740;5;2016-10-19 21:45:00;Palmeiras - SP;Grêmio - RS;1;1;2016
741;5;2016-09-28 21:45:00;Corinthians - SP;Cruzeiro - MG;2;1;2016
742;5;2016-10-19 21:45:00;Cruzeiro - MG;Corinthians - SP;4;2;2016
743;6;2016-10-26 21:45:00;Internacional - RS;Atlético - MG;1;2;2016
744;6;2016-11-02 21:45:00;Atlético - MG;Internacional - RS;2;2;2016
745;6;2016-10-26 21:45:00;Cruzeiro - MG;Grêmio - RS;0;2;2016
746;6;2016-11-02 21:45:00;Grêmio - RS;Cruzeiro - MG;0;0;2016
747;7;2016-11-23 21:45:00;Atlético - MG;Grêmio - RS;1;3;2016
748;7;2016-12-07 21:45:00;Grêmio - RS;Atlético - MG;1;1;2016
749;1;2017-02-08 17:00:00;Murici - AL;Juventude - RS;3;1;2017
750;1;2017-02-08 19:15:00;Vitória da Conquista - BA;Coritiba - PR;1;1;2017
751;1;2017-02-08 19:30:00;Luziânia - DF;Vitória - BA;0;2;2017
752;1;2017-02-08 19:30:00;Campinense - PB;Ponte Preta - SP;0;2;2017
753;1;2017-02-08 20:30:00;Ferroviária - SP;Asa - AL;1;1;2017
754;1;2017-02-08 20:30:00;São Bento - SP;Paraná - PR;1;1;2017
755;1;2017-02-08 20:30:00;Pstc - PR;Ypiranga - RS;2;1;2017
756;1;2017-02-08 20:30:00;Audax - SP;América de Natal - RN;1;0;2017
757;1;2017-02-08 21:30:00;São Raimundo - RR;Boa - MG;0;2;2017
758;1;2017-02-08 21:30:00;Rondoniense - RO;Cuiabá - MT;0;2;2017
759;1;2017-02-08 21:30:00;Altos - PI;Crb - AL;2;0;2017
760;1;2017-02-08 21:30:00;S.francisco - PA;Botafogo - PB;3;0;2017
761;1;2017-02-08 21:30:00;Gurupi - TO;Londrina - PR;2;1;2017
762;1;2017-02-08 21:30:00;7 de Setembro - MS;Ríver - PI;1;0;2017
763;1;2017-02-08 21:45:00;Caldense - MG;Corinthians - SP;0;1;2017
764;1;2017-02-08 22:30:00;Csa - AL;Sport - PE;1;4;2017
765;1;2017-02-08 23:30:00;Atlético - AC;América - MG;0;2;2017
766;1;2017-02-09 19:15:00;São José - RS;Sampaio Correa - MA;1;1;2017
767;1;2017-02-09 21:00:00;Peixe da Amazonia - AP;Vasco da Gama - RJ;0;2;2017
768;1;2017-02-09 21:30:00;Moto Club - MA;São Paulo - SP;0;1;2017
769;1;2017-02-15 16:00:00;Boavista - RJ;Ceará - CE;1;0;2017
770;1;2017-02-15 16:00:00;Ceilândia - DF;Abc - RN;1;1;2017
771;1;2017-02-15 19:15:00;Anápolis - GO;Bragantino - SP;0;0;2017
772;1;2017-02-15 19:15:00;Desportiva - ES;Avaí - SC;1;2;2017
773;1;2017-02-15 20:30:00;Urt - MG;Luverdense - MT;1;2;2017
774;1;2017-02-15 20:30:00;Friburguense - RJ;Oeste - SP;0;1;2017
775;1;2017-02-15 20:45:00;Comercial - MS;Joinville - SC;0;1;2017
776;1;2017-02-15 21:30:00;Uniclinic - CE;Portuguesa - SP;1;2;2017
777;1;2017-02-15 21:30:00;São Raimundo - PA;Fortaleza - CE;2;1;2017
778;1;2017-02-15 21:30:00;Itabaiana - SE;Goiás - GO;2;4;2017
779;1;2017-02-15 21:45:00;Volta Redonda - RJ;Cruzeiro - MG;1;2;2017
780;1;2017-02-15 21:45:00;Globo - RN;Fluminense - RJ;2;5;2017
781;1;2017-02-15 21:45:00;Princesa do Solimões - AM;Internacional - RS;0;2;2017
782;1;2017-02-15 22:30:00;Guarani de Juazeiro - CE;Náutico - PE;1;0;2017
783;1;2017-02-15 23:30:00;Rio Branco - AC;Figueirense - SC;1;0;2017
784;1;2017-02-16 16:00:00;Santo André - SP;Criciúma - SC;0;1;2017
785;1;2017-02-16 19:15:00;Brusque - SC;Remo - PA;2;1;2017
786;1;2017-02-16 21:30:00;Sinop - MT;Salgueiro - PE;1;0;2017
787;1;2017-02-16 21:30:00;Sergipe - SE;Bahia - BA;0;2;2017
788;1;2017-02-16 22:30:00;Fast Clube - AM;Vila Nova - GO;1;1;2017
789;2;2017-02-22 16:00:00;Murici - AL;América - MG;0;0;2017
790;2;2017-02-22 19:30:00;Criciúma - SC;Altos - PI;2;2;2017
791;2;2017-02-22 19:30:00;Vitória - BA;Bragantino - SP;3;2;2017
792;2;2017-02-22 19:30:00;Portuguesa - SP;Boavista - RJ;0;2;2017
793;2;2017-02-22 21:45:00;Sport - PE;7 de Setembro - MS;3;0;2017
794;2;2017-02-22 21:45:00;Cruzeiro - MG;S.francisco - PA;6;0;2017
795;2;2017-02-22 21:45:00;Internacional - RS;Oeste - SP;4;1;2017
796;2;2017-02-23 21:30:00;Coritiba - PR;Asa - AL;0;2;2017
797;2;2017-03-01 19:30:00;Pstc - PR;São Paulo - SP;2;4;2017
798;2;2017-03-01 19:30:00;Sinop - MT;Fluminense - RJ;1;3;2017
799;2;2017-03-01 19:30:00;Joinville - SC;São Raimundo - PA;1;0;2017
800;2;2017-03-01 19:30:00;Avaí - SC;Luverdense - MT;1;1;2017
801;2;2017-03-01 19:30:00;Abc - RN;Audax - SP;1;1;2017
802;2;2017-03-01 20:30:00;Gurupi - TO;Rio Branco - AC;2;0;2017
803;2;2017-03-01 20:30:00;Sampaio Correa - MA;Guarani de Juazeiro - CE;2;0;2017
804;2;2017-03-01 21:45:00;Brusque - SC;Corinthians - SP;0;0;2017
805;2;2017-03-01 21:45:00;Boa - MG;Goiás - GO;0;0;2017
806;2;2017-03-01 21:45:00;Vila Nova - GO;Vasco da Gama - RJ;1;2;2017
807;2;2017-03-02 19:30:00;Ponte Preta - SP;Cuiabá - MT;1;1;2017
808;2;2017-03-08 19:30:00;Paraná - PR;Bahia - BA;2;0;2017
809;3;2017-03-08 19:30:00;Goiás - GO;Cuiabá - MT;4;0;2017
810;3;2017-03-16 21:30:00;Cuiabá - MT;Goiás - GO;1;1;2017
811;3;2017-03-08 19:30:00;São Paulo - SP;Abc - RN;3;1;2017
812;3;2017-03-15 19:30:00;Abc - RN;São Paulo - SP;1;1;2017
813;3;2017-03-08 20:30:00;Joinville - SC;Gurupi - TO;3;1;2017
814;3;2017-03-15 20:30:00;Gurupi - TO;Joinville - SC;1;0;2017
815;3;2017-03-08 21:45:00;Boavista - RJ;Sport - PE;0;3;2017
816;3;2017-03-15 21:45:00;Sport - PE;Boavista - RJ;1;0;2017
817;3;2017-03-08 21:45:00;Murici - AL;Cruzeiro - MG;0;2;2017
818;3;2017-03-15 21:45:00;Cruzeiro - MG;Murici - AL;3;0;2017
819;3;2017-03-08 21:45:00;Sampaio Correa - MA;Internacional - RS;1;4;2017
820;3;2017-03-15 21:45:00;Internacional - RS;Sampaio Correa - MA;3;0;2017
821;3;2017-03-09 19:15:00;Vasco da Gama - RJ;Vitória - BA;1;1;2017
822;3;2017-03-16 19:30:00;Vitória - BA;Vasco da Gama - RJ;1;0;2017
823;3;2017-03-09 19:15:00;Criciúma - SC;Fluminense - RJ;1;1;2017
824;3;2017-03-15 19:30:00;Fluminense - RJ;Criciúma - SC;3;2;2017
825;3;2017-03-09 21:30:00;Luverdense - MT;Corinthians - SP;0;2;2017
826;3;2017-03-16 19:30:00;Corinthians - SP;Luverdense - MT;1;1;2017
827;3;2017-03-16 21:30:00;Asa - AL;Paraná - PR;0;0;2017
828;3;2017-04-05 20:30:00;Paraná - PR;Asa - AL;0;0;2017
829;4;2017-04-12 21:45:00;Sport - PE;Joinville - SC;2;1;2017
830;4;2017-04-19 21:45:00;Joinville - SC;Sport - PE;2;1;2017
831;4;2017-04-12 21:45:00;Internacional - RS;Corinthians - SP;1;1;2017
832;4;2017-04-19 21:45:00;Corinthians - SP;Internacional - RS;1;1;2017
833;4;2017-04-13 19:15:00;Vitória - BA;Paraná - PR;0;2;2017
834;4;2017-04-19 19:30:00;Paraná - PR;Vitória - BA;0;0;2017
835;4;2017-04-13 21:30:00;Goiás - GO;Fluminense - RJ;2;1;2017
836;4;2017-04-19 21:45:00;Fluminense - RJ;Goiás - GO;3;0;2017
837;4;2017-04-13 21:30:00;São Paulo - SP;Cruzeiro - MG;0;2;2017
838;4;2017-04-19 19:30:00;Cruzeiro - MG;São Paulo - SP;1;2;2017
839;5;2017-04-26 19:30:00;Santos - SP;Paysandu - PA;2;0;2017
840;5;2017-05-10 21:45:00;Paysandu - PA;Santos - SP;1;3;2017
841;5;2017-04-26 21:45:00;Botafogo - RJ;Sport - PE;2;1;2017
842;5;2017-05-31 21:45:00;Sport - PE;Botafogo - RJ;1;1;2017
843;5;2017-05-03 21:45:00;Cruzeiro - MG;Chapecoense - SC;1;0;2017
844;5;2017-06-01 21:30:00;Chapecoense - SC;Cruzeiro - MG;0;0;2017
845;5;2017-05-10 19:30:00;Flamengo - RJ;Atlético - GO;0;0;2017
846;5;2017-05-24 21:45:00;Atlético - GO;Flamengo - RJ;1;2;2017
847;5;2017-05-10 21:45:00;Santa Cruz - PE;Atlético - PR;0;0;2017
848;5;2017-05-31 19:30:00;Atlético - PR;Santa Cruz - PE;2;0;2017
849;5;2017-05-17 21:45:00;Grêmio - RS;Fluminense - RJ;3;1;2017
850;5;2017-05-31 19:30:00;Fluminense - RJ;Grêmio - RS;0;2;2017
851;5;2017-05-17 21:45:00;Palmeiras - SP;Internacional - RS;1;0;2017
852;5;2017-05-31 21:45:00;Internacional - RS;Palmeiras - SP;2;1;2017
853;5;2017-05-24 21:45:00;Paraná - PR;Atlético - MG;3;2;2017
854;5;2017-05-31 21:45:00;Atlético - MG;Paraná - PR;2;0;2017
855;6;2017-06-28 19:30:00;Grêmio - RS;Atlético - PR;4;0;2017
856;6;2017-07-27 21:45:00;Atlético - PR;Grêmio - RS;2;3;2017
857;6;2017-06-28 21:45:00;Palmeiras - SP;Cruzeiro - MG;3;3;2017
858;6;2017-07-26 21:45:00;Cruzeiro - MG;Palmeiras - SP;1;1;2017
859;6;2017-06-28 21:45:00;Flamengo - RJ;Santos - SP;2;0;2017
860;6;2017-07-26 21:45:00;Santos - SP;Flamengo - RJ;4;2;2017
861;6;2017-06-29 19:30:00;Atlético - MG;Botafogo - RJ;1;0;2017
862;6;2017-07-26 19:30:00;Botafogo - RJ;Atlético - MG;3;0;2017
863;7;2017-08-16 21:45:00;Botafogo - RJ;Flamengo - RJ;0;0;2017
864;7;2017-08-23 21:45:00;Flamengo - RJ;Botafogo - RJ;1;0;2017
865;7;2017-08-16 21:45:00;Grêmio - RS;Cruzeiro - MG;1;0;2017
866;7;2017-08-23 21:45:00;Cruzeiro - MG;Grêmio - RS;1;0;2017
867;8;2017-09-07 21:45:00;Flamengo - RJ;Cruzeiro - MG;1;1;2017
868;8;2017-09-27 21:45:00;Cruzeiro - MG;Flamengo - RJ;0;0;2017
869;1;2018-01-30 20:00:00;Vitória da Conquista - BA;Boa - MG;0;0;2018
870;1;2018-01-30 21:30:00;Caxias - RS;Atlético - PR;0;0;2018
871;1;2018-01-31 16:00:00;Nova Iguaçu - RJ;Bragantino - SP;1;1;2018
872;1;2018-01-31 19:30:00;Boavista - RJ;Internacional - RS;1;1;2018
873;1;2018-01-31 19:30:00;Caldense - MG;Fluminense - RJ;0;1;2018
874;1;2018-01-31 20:00:00;Aimoré - RS;Cuiabá - MT;1;2;2018
875;1;2018-01-31 20:00:00;Tubarão - SC;América - RN;2;0;2018
876;1;2018-01-31 20:30:00;Uberlândia - MG;Ituano - SP;2;0;2018
877;1;2018-01-31 21:30:00;Itabaiana - SE;Joinville - SC;0;1;2018
878;1;2018-01-31 21:30:00;Treze - PB;Figueirense - SC;0;2;2018
879;1;2018-01-31 21:30:00;Cordino - MA;Náutico - PE;1;1;2018
880;1;2018-01-31 21:30:00;Floresta - CE;Botafogo - PB;0;2;2018
881;1;2018-01-31 21:30:00;Interporto - TO;Juventude - RS;0;0;2018
882;1;2018-01-31 21:30:00;Novoperario - MS;Salgueiro - PE;2;3;2018
883;1;2018-01-31 21:30:00;Independente - PA;Sampaio Correa - MA;0;1;2018
884;1;2018-01-31 21:45:00;Madureira - RJ;São Paulo - SP;0;1;2018
885;1;2018-01-31 22:00:00;Real Desportivo - RO;Londrina - PR;0;1;2018
886;1;2018-01-31 22:30:00;Fluminense de Feira - BA;Santa Cruz - PE;2;0;2018
887;1;2018-02-01 19:15:00;Urt - MG;Paraná - PR;1;1;2018
888;1;2018-02-01 21:30:00;Novo Hamburgo - RS;Paysandu - PA;2;1;2018
889;1;2018-02-06 19:15:00;Nacional - AM;Ponte Preta - SP;0;0;2018
890;1;2018-02-06 20:15:00;Brasiliense - DF;Oeste - SP;1;1;2018
891;1;2018-02-06 20:30:00;Inter de Limeira - SP;Rio Branco - AC;1;0;2018
892;1;2018-02-06 21:30:00;Aparecidense - GO;Botafogo - RJ;2;1;2018
893;1;2018-02-07 16:00:00;Ceilândia - DF;Avaí - SC;2;3;2018
894;1;2018-02-07 16:30:00;Atletico - ES;Remo - PA;0;2;2018
895;1;2018-02-07 17:00:00;Altos - PI;Atlético - GO;2;1;2018
896;1;2018-02-07 19:30:00;Santos - AP;Sport - PE;1;2;2018
897;1;2018-02-07 19:30:00;Globo - RN;Vitória - BA;0;2;2018
898;1;2018-02-07 19:30:00;São Caetano - SP;Criciúma - SC;1;1;2018
899;1;2018-02-07 19:30:00;Parnahyba - PI;Coritiba - PR;1;1;2018
900;1;2018-02-07 20:30:00;Cianorte - PR;Abc - RN;2;0;2018
901;1;2018-02-07 21:30:00;Corumbaense - MS;Asa - AL;1;0;2018
902;1;2018-02-07 21:30:00;Sinop - MT;Goiás - GO;0;1;2018
903;1;2018-02-07 21:30:00;União de Rondonópolis - MT;Crb - AL;1;3;2018
904;1;2018-02-07 21:30:00;Ferroviário - CE;Confiança - SE;2;1;2018
905;1;2018-02-07 21:45:00;Atlético - AC;Atlético - MG;1;1;2018
906;1;2018-02-07 21:45:00;Brusque - SC;Ceará - CE;0;1;2018
907;1;2018-02-07 22:30:00;Manaus - AM;Csa - AL;2;2;2018
908;1;2018-02-07 22:30:00;São Raimundo - RR;Vila Nova - GO;0;1;2018
909;2;2018-02-14 22:30:00;Fluminense de Feira - BA;Náutico - PE;0;1;2018
910;2;2018-02-15 19:15:00;Vitória - BA;Corumbaense - MS;3;0;2018
911;2;2018-02-15 19:15:00;Fluminense - RJ;Salgueiro - PE;5;0;2018
912;2;2018-02-15 19:15:00;Sport - PE;Ferroviário - CE;3;3;2018
913;2;2018-02-15 21:30:00;Csa - AL;São Paulo - SP;0;2;2018
914;2;2018-02-15 21:30:00;Novo Hamburgo - RS;Crb - AL;1;1;2018
915;2;2018-02-21 19:30:00;Atlético - PR;Tubarão - SC;5;4;2018
916;2;2018-02-21 19:30:00;Remo - PA;Internacional - RS;1;2;2018
917;2;2018-02-21 19:30:00;Londrina - PR;Ceará - CE;1;2;2018
918;2;2018-02-21 20:30:00;Goiás - GO;Boa - MG;0;0;2018
919;2;2018-02-21 20:30:00;Bragantino - SP;Altos - PI;1;0;2018
920;2;2018-02-21 20:30:00;Criciúma - SC;Cianorte - PR;1;1;2018
921;2;2018-02-21 20:30:00;Figueirense - SC;Oeste - SP;2;1;2018
922;2;2018-02-21 21:30:00;Cuiabá - MT;Aparecidense - GO;3;1;2018
923;2;2018-02-21 21:45:00;Ponte Preta - SP;Inter de Limeira - SP;1;0;2018
924;2;2018-02-21 21:45:00;Botafogo - PB;Atlético - MG;0;4;2018
925;2;2018-02-22 19:15:00;Vila Nova - GO;Joinville - SC;2;2;2018
926;2;2018-02-22 19:15:00;Juventude - RS;Avaí - SC;0;2;2018
927;2;2018-02-22 21:30:00;Uberlândia - MG;Coritiba - PR;0;2;2018
928;2;2018-02-22 21:30:00;Sampaio Correa - MA;Paraná - PR;1;0;2018
929;3;2018-02-28 19:30:00;Ponte Preta - SP;Sampaio Correa - MA;0;0;2018
930;3;2018-03-15 19:15:00;Sampaio Correa - MA;Ponte Preta - SP;0;0;2018
931;3;2018-02-28 19:30:00;São Paulo - SP;Crb - AL;2;0;2018
932;3;2018-03-14 19:30:00;Crb - AL;São Paulo - SP;0;3;2018
933;3;2018-02-28 19:30:00;Bragantino - SP;Vitória - BA;1;0;2018
934;3;2018-03-15 19:15:00;Vitória - BA;Bragantino - SP;3;0;2018
935;3;2018-02-28 19:30:00;Náutico - PE;Cuiabá - MT;2;1;2018
936;3;2018-03-14 21:45:00;Cuiabá - MT;Náutico - PE;0;1;2018
937;3;2018-02-28 19:30:00;Goiás - GO;Coritiba - PR;1;0;2018
938;3;2018-03-14 19:30:00;Coritiba - PR;Goiás - GO;1;1;2018
939;3;2018-02-28 20:30:00;Ferroviário - CE;Vila Nova - GO;1;1;2018
940;3;2018-03-15 20:30:00;Vila Nova - GO;Ferroviário - CE;0;1;2018
941;3;2018-02-28 21:30:00;Atlético - PR;Ceará - CE;0;0;2018
942;3;2018-03-15 21:30:00;Ceará - CE;Atlético - PR;1;1;2018
943;3;2018-02-28 21:45:00;Figueirense - SC;Atlético - MG;0;1;2018
944;3;2018-03-14 21:45:00;Atlético - MG;Figueirense - SC;1;2;2018
945;3;2018-03-01 19:15:00;Internacional - RS;Cianorte - PR;2;0;2018
946;3;2018-03-14 19:30:00;Cianorte - PR;Internacional - RS;0;2;2018
947;3;2018-03-01 19:15:00;Fluminense - RJ;Avaí - SC;1;2;2018
948;3;2018-03-15 21:30:00;Avaí - SC;Fluminense - RJ;1;0;2018
949;4;2018-04-04 19:30:00;Atlético - MG;Ferroviário - CE;4;0;2018
950;4;2018-04-18 21:45:00;Ferroviário - CE;Atlético - MG;2;2;2018
951;4;2018-04-04 21:45:00;Atlético - PR;São Paulo - SP;2;1;2018
952;4;2018-04-19 19:15:00;São Paulo - SP;Atlético - PR;2;2;2018
953;4;2018-04-11 19:30:00;Internacional - RS;Vitória - BA;2;1;2018
954;4;2018-04-19 19:15:00;Vitória - BA;Internacional - RS;1;0;2018
955;4;2018-04-11 19:30:00;Avaí - SC;Goiás - GO;2;2;2018
956;4;2018-04-18 19:30:00;Goiás - GO;Avaí - SC;2;0;2018
957;4;2018-04-11 21:45:00;Ponte Preta - SP;Náutico - PE;3;0;2018
958;4;2018-04-18 21:45:00;Náutico - PE;Ponte Preta - SP;1;0;2018
959;5;2018-04-25 19:30:00;Goiás - GO;Grêmio - RS;0;2;2018
960;5;2018-05-09 19:30:00;Grêmio - RS;Goiás - GO;3;1;2018
961;5;2018-04-25 19:30:00;Vitória - BA;Corinthians - SP;0;0;2018
962;5;2018-05-10 19:30:00;Corinthians - SP;Vitória - BA;3;1;2018
963;5;2018-05-02 19:30:00;Atlético - MG;Chapecoense - SC;0;0;2018
964;5;2018-05-16 19:30:00;Chapecoense - SC;Atlético - MG;0;0;2018
965;5;2018-05-02 19:30:00;Ponte Preta - SP;Flamengo - RJ;0;1;2018
966;5;2018-05-10 19:30:00;Flamengo - RJ;Ponte Preta - SP;0;0;2018
967;5;2018-05-09 19:30:00;América - MG;Palmeiras - SP;1;2;2018
968;5;2018-05-23 21:45:00;Palmeiras - SP;América - MG;1;1;2018
969;5;2018-05-09 21:45:00;Bahia - BA;Vasco da Gama - RJ;3;0;2018
970;5;2018-07-16 20:00:00;Vasco da Gama - RJ;Bahia - BA;2;0;2018
971;5;2018-05-10 21:45:00;Santos - SP;Luverdense - MT;5;1;2018
972;5;2018-05-17 19:15:00;Luverdense - MT;Santos - SP;2;1;2018
973;5;2018-05-16 21:45:00;Atlético - PR;Cruzeiro - MG;1;2;2018
974;5;2018-07-16 20:00:00;Cruzeiro - MG;Atlético - PR;1;1;2018
975;6;2018-08-01 19:30:00;Santos - SP;Cruzeiro - MG;0;1;2018
976;6;2018-08-15 19:30:00;Cruzeiro - MG;Santos - SP;1;2;2018
977;6;2018-08-01 21:45:00;Corinthians - SP;Chapecoense - SC;1;0;2018
978;6;2018-08-15 21:45:00;Chapecoense - SC;Corinthians - SP;0;1;2018
979;6;2018-08-01 21:45:00;Grêmio - RS;Flamengo - RJ;1;1;2018
980;6;2018-08-15 21:45:00;Flamengo - RJ;Grêmio - RS;1;0;2018
981;6;2018-08-02 19:15:00;Bahia - BA;Palmeiras - SP;0;0;2018
982;6;2018-08-16 19:15:00;Palmeiras - SP;Bahia - BA;1;0;2018
983;7;2018-09-12 21:45:00;Flamengo - RJ;Corinthians - SP;0;0;2018
984;7;2018-09-26 21:45:00;Corinthians - SP;Flamengo - RJ;2;1;2018
985;7;2018-09-12 21:45:00;Palmeiras - SP;Cruzeiro - MG;0;1;2018
986;7;2018-09-26 21:45:00;Cruzeiro - MG;Palmeiras - SP;1;1;2018
987;8;2018-10-10 21:45:00;Cruzeiro - MG;Corinthians - SP;1;0;2018
988;8;2018-10-17 21:45:00;Corinthians - SP;Cruzeiro - MG;1;2;2018
989;1;2019-02-05 21:30:00;River - PI;Fluminense - RJ;0;5;2019
990;1;2019-02-06 16:00:00;Votuporanguense - SP;Ypiranga - RS;0;1;2019
991;1;2019-02-06 19:15:00;Altos - PI;Santos - SP;1;7;2019
992;1;2019-02-06 20:30:00;Sobradinho - DF;América - RN;0;0;2019
993;1;2019-02-06 20:30:00;Foz do Iguaçu - PR;Boa - MG;1;0;2019
994;1;2019-02-06 21:00:00;Santa Cruz - RN;Tupi - MG;1;0;2019
995;1;2019-02-06 21:30:00;Itabaiana - SE;Paraná - PR;2;5;2019
996;1;2019-02-06 21:30:00;Palmas Ltda - TO;Juventude - RS;0;1;2019
997;1;2019-02-06 21:30:00;Mixto - MT;Csa - AL;1;0;2019
998;1;2019-02-06 21:30:00;Corumbaense - MS;Luverdense - MT;0;0;2019
999;1;2019-02-06 21:30:00;Atlético Cearense - CE;Joinville - SC;2;0;2019
1000;1;2019-02-06 21:30:00;Juazeirense - BA;Vasco da Gama - RJ;2;2;2019
1001;1;2019-02-06 22:15:00;Central - PE;Ceará - CE;1;1;2019
1002;1;2019-02-07 18:30:00;Americano - RJ;Londrina - PR;1;2;2019
1003;1;2019-02-07 21:00:00;Ferroviário - CE;Corinthians - SP;2;2;2019
1004;1;2019-02-12 21:30:00;Imperatriz - MA;Náutico - PE;1;1;2019
1005;1;2019-02-13 16:30:00;Bragantino - PA;Asa - AL;1;0;2019
1006;1;2019-02-13 16:30:00;Brasiliense - DF;Crb - AL;0;0;2019
1007;1;2019-02-13 19:00:00;São José - RS;Chapecoense - SC;0;0;2019
1008;1;2019-02-13 20:00:00;São Raimundo - PA;Criciúma - SC;0;2;2019
1009;1;2019-02-13 20:30:00;Brusque - SC;Atlético - GO;1;1;2019
1010;1;2019-02-13 20:30:00;Sergipe - SE;Goiás - GO;0;2;2019
1011;1;2019-02-13 20:30:00;Real Desportivo - RO;Avaí - SC;1;4;2019
1012;1;2019-02-13 20:30:00;Serra F. C. - ES;Remo - PA;1;0;2019
1013;1;2019-02-13 20:30:00;Avenida - RS;Guarani - SP;1;0;2019
1014;1;2019-02-13 20:30:00;Galvez - AC;Abc - RN;0;1;2019
1015;1;2019-02-13 20:30:00;Boavista - RJ;Figueirense - SC;1;2;2019
1016;1;2019-02-13 21:30:00;Campinense - PB;Botafogo - RJ;0;2;2019
1017;1;2019-02-13 21:30:00;Ypiranga - AP;Cuiabá - MT;0;1;2019
1018;1;2019-02-13 21:30:00;São Raimundo - RR;America - MG;0;0;2019
1019;1;2019-02-13 21:30:00;Tombense - MG;Sport - PE;3;0;2019
1020;1;2019-02-13 21:30:00;Operário - MS;Botafogo - PB;1;4;2019
1021;1;2019-02-13 22:15:00;Moto Club - MA;Vitória - BA;2;0;2019
1022;1;2019-02-13 22:30:00;Manaus - AM;Vila Nova - GO;1;1;2019
1023;1;2019-02-13 23:30:00;Rio Branco - AC;Bahia - BA;2;2;2019
1024;1;2019-02-14 19:00:00;Tubarão - SC;Brasil - RS;0;0;2019
1025;1;2019-02-14 21:15:00;Urt - MG;Coritiba - PR;3;2;2019
1026;1;2019-02-14 22:30:00;Fast Clube - AM;Oeste - SP;1;6;2019
1027;1;2019-02-14 22:30:00;Sinop - MT;Santa Cruz - PE;1;2;2019
1028;1;2019-04-03 19:15:00;Aparecidense - GO;Ponte Preta - SP;2;0;2019
1029;2;2019-02-19 19:15:00;Londrina - PR;Paraná - PR;1;1;2019
1030;2;2019-02-20 19:15:00;Luverdense - MT;Figueirense - SC;1;0;2019
1031;2;2019-02-20 21:30:00;Corinthians - SP;Avenida - RS;4;2;2019
1032;2;2019-02-20 21:30:00;Santa Cruz - PE;Náutico - PE;1;1;2019
1033;2;2019-02-20 21:30:00;Serra F. C. - ES;Vasco da Gama - RJ;0;2;2019
1034;2;2019-02-21 19:15:00;Criciúma - SC;Oeste - SP;0;0;2019
1035;2;2019-02-21 21:30:00;Goiás - GO;Crb - AL;1;1;2019
1036;2;2019-02-26 21:30:00;Atlético Cearense - CE;Atlético - GO;0;4;2019
1037;2;2019-02-27 19:15:00;Foz do Iguaçu - PR;Ceará - CE;0;0;2019
1038;2;2019-02-27 21:30:00;Botafogo - RJ;Cuiabá - MT;3;0;2019
1039;2;2019-02-27 21:30:00;Urt - MG;Bragantino - PA;2;2;2019
1040;2;2019-02-28 19:15:00;Tombense - MG;Botafogo - PB;2;2;2019
1041;2;2019-02-28 21:30:00;Juventude - RS;America - MG;2;1;2019
1042;2;2019-03-06 19:15:00;Santa Cruz - RN;Bahia - BA;0;1;2019
1043;2;2019-03-06 21:30:00;Fluminense - RJ;Ypiranga - RS;3;0;2019
1044;2;2019-03-06 21:30:00;Mixto - MT;Chapecoense - SC;1;2;2019
1045;2;2019-03-07 19:15:00;Avaí - SC;Brasil - RS;2;0;2019
1046;2;2019-03-07 20:30:00;Abc - RN;Moto Club - MA;2;2;2019
1047;2;2019-03-07 21:30:00;Santos - SP;América - RN;4;0;2019
1048;2;2019-04-10 19:15:00;Bragantino - PA;Aparecidense - GO;3;2;2019
1049;3;2019-03-13 19:15:00;Botafogo - PB;Londrina - PR;0;2;2019
1050;3;2019-04-03 20:30:00;Londrina - PR;Botafogo - PB;3;3;2019
1051;3;2019-03-13 21:30:00;Ceará - CE;Corinthians - SP;1;3;2019
1052;3;2019-04-03 21:30:00;Corinthians - SP;Ceará - CE;0;1;2019
1053;3;2019-03-14 21:30:00;Vasco da Gama - RJ;Avaí - SC;3;2;2019
1054;3;2019-04-10 21:30:00;Avaí - SC;Vasco da Gama - RJ;0;1;2019
1055;3;2019-03-27 19:15:00;Chapecoense - SC;Criciúma - SC;3;2;2019
1056;3;2019-04-10 19:15:00;Criciúma - SC;Chapecoense - SC;0;2;2019
1057;3;2019-04-02 19:15:00;Crb - AL;Bahia - BA;1;1;2019
1058;3;2019-04-09 19:15:00;Bahia - BA;Crb - AL;1;0;2019
1059;3;2019-04-03 19:15:00;Luverdense - MT;Fluminense - RJ;0;0;2019
1060;3;2019-04-10 19:15:00;Fluminense - RJ;Luverdense - MT;2;0;2019
1061;3;2019-04-03 21:30:00;Abc - RN;Santa Cruz - PE;1;0;2019
1062;3;2019-04-10 21:30:00;Santa Cruz - PE;Abc - RN;3;0;2019
1063;3;2019-04-04 19:15:00;Atlético - GO;Santos - SP;1;0;2019
1064;3;2019-04-11 21:30:00;Santos - SP;Atlético - GO;3;0;2019
1065;3;2019-04-04 21:30:00;Botafogo - RJ;Juventude - RS;1;1;2019
1066;3;2019-04-11 19:15:00;Juventude - RS;Botafogo - RJ;2;1;2019
1067;3;2019-04-16 20:00:00;Bragantino - PA;Bragantino - PA;2;0;2019
1068;3;2019-04-20 16:00:00;Bragantino - PA;Bragantino - PA;2;1;2019
1069;4;2019-04-17 19:15:00;Santos - SP;Vasco da Gama - RJ;2;0;2019
1070;4;2019-04-24 19:15:00;Vasco da Gama - RJ;Santos - SP;2;1;2019
1071;4;2019-04-17 21:30:00;Fluminense - RJ;Santa Cruz - PE;2;0;2019
1072;4;2019-04-25 21:30:00;Santa Cruz - PE;Fluminense - RJ;2;0;2019
1073;4;2019-04-17 21:30:00;Chapecoense - SC;Corinthians - SP;1;0;2019
1074;4;2019-04-24 21:30:00;Corinthians - SP;Chapecoense - SC;2;0;2019
1075;4;2019-04-18 20:00:00;Bahia - BA;Londrina - PR;4;0;2019
1076;4;2019-04-25 19:15:00;Londrina - PR;Bahia - BA;2;1;2019
1077;4;2019-04-24 21:30:00;Juventude - RS;Bragantino - PA;0;0;2019
1078;4;2019-05-07 21:30:00;Bragantino - PA;Juventude - RS;0;0;2019
1079;5;2019-05-15 19:15:00;Atlético - MG;Santos - SP;0;0;2019
1080;5;2019-06-06 20:00:00;Santos - SP;Atlético - MG;1;2;2019
1081;5;2019-05-15 21:30:00;Corinthians - SP;Flamengo - RJ;0;1;2019
1082;5;2019-06-04 21:30:00;Flamengo - RJ;Corinthians - SP;1;0;2019
1083;5;2019-05-15 21:30:00;Fluminense - RJ;Cruzeiro - MG;1;1;2019
1084;5;2019-06-05 19:15:00;Cruzeiro - MG;Fluminense - RJ;2;2;2019
1085;5;2019-05-16 19:15:00;Fortaleza - CE;Athletico Paranaense - PR;0;0;2019
1086;5;2019-06-05 19:15:00;Athletico Paranaense - PR;Fortaleza - CE;1;0;2019
1087;5;2019-05-22 19:15:00;Sampaio Correa - MA;Palmeiras - SP;0;1;2019
1088;5;2019-05-30 20:00:00;Palmeiras - SP;Sampaio Correa - MA;2;0;2019
1089;5;2019-05-22 21:30:00;Juventude - RS;Grêmio - RS;0;0;2019
1090;5;2019-05-29 21:30:00;Grêmio - RS;Juventude - RS;3;0;2019
1091;5;2019-05-22 21:30:00;São Paulo - SP;Bahia - BA;0;1;2019
1092;5;2019-05-29 21:30:00;Bahia - BA;São Paulo - SP;1;0;2019
1093;5;2019-05-23 20:00:00;Internacional - RS;Paysandu - PA;3;1;2019
1094;5;2019-05-29 19:15:00;Paysandu - PA;Internacional - RS;0;1;2019
1095;6;2019-07-10 19:15:00;Grêmio - RS;Bahia - BA;1;1;2019
1096;6;2019-07-17 19:15:00;Bahia - BA;Grêmio - RS;0;1;2019
1097;6;2019-07-10 21:30:00;Athletico Paranaense - PR;Flamengo - RJ;1;1;2019
1098;6;2019-07-17 21:30:00;Flamengo - RJ;Athletico Paranaense - PR;1;1;2019
1099;6;2019-07-10 21:30:00;Palmeiras - SP;Internacional - RS;1;0;2019
1100;6;2019-07-17 21:30:00;Internacional - RS;Palmeiras - SP;1;0;2019
1101;6;2019-07-11 20:00:00;Cruzeiro - MG;Atlético - MG;3;0;2019
1102;6;2019-07-17 19:15:00;Atlético - MG;Cruzeiro - MG;2;0;2019
1103;7;2019-08-07 21:30:00;Cruzeiro - MG;Internacional - RS;0;1;2019
1104;7;2019-09-04 21:30:00;Internacional - RS;Cruzeiro - MG;3;0;2019
1105;7;2019-08-14 21:30:00;Grêmio - RS;Athletico Paranaense - PR;2;0;2019
1106;7;2019-09-04 19:00:00;Athletico Paranaense - PR;Grêmio - RS;2;0;2019
1107;8;2019-09-11 21:30:00;Athletico Paranaense - PR;Internacional - RS;1;0;2019
1108;8;2019-09-18 21:30:00;Internacional - RS;Athletico Paranaense - PR;1;2;2019
1109;1;2020-02-05 15:30:00;Coruripe - AL;Juventude - RS;0;0;2020
1110;1;2020-02-05 15:30:00;Barbalha - CE;Operário - PR;0;3;2020
1111;1;2020-02-05 15:30:00;Independente - PA;Crb - AL;2;3;2020
1112;1;2020-02-05 16:30:00;Santo André - SP;Criciúma - SC;4;1;2020
1113;1;2020-02-05 20:30:00;Xv de Piracicaba - SP;Londrina - PR;1;0;2020
1114;1;2020-02-05 20:30:00;Bahia de Feira - BA;Luverdense - MT;3;1;2020
1115;1;2020-02-05 20:30:00;Santos - AP;America - MG;1;1;2020
1116;1;2020-02-05 20:30:00;São Luiz - RS;América - RN;0;0;2020
1117;1;2020-02-05 20:30:00;Vilhenense - RO;Boa - MG;1;1;2020
1118;1;2020-02-05 21:30:00;River - PI;Bahia - BA;1;0;2020
1119;1;2020-02-05 21:30:00;Caxias - RS;Botafogo - RJ;1;1;2020
1120;1;2020-02-05 21:30:00;Palmas Ltda - TO;Paraná - PR;0;2;2020
1121;1;2020-02-05 21:30:00;Aquidauanense - MS;ABC - RN;0;1;2020
1122;1;2020-02-05 21:30:00;Operário - MT;Santa Cruz - PE;0;0;2020
1123;1;2020-02-05 22:30:00;Fast Clube - AM;Goiás - GO;0;2;2020
1124;1;2020-02-06 16:30:00;Novorizontino - SP;Figueirense - SC;1;2;2020
1125;1;2020-02-06 19:15:00;Brasiliense - DF;Paysandu - PA;1;1;2020
1126;1;2020-02-06 20:30:00;Vitoria F. C. - ES;Csa - AL;2;1;2020
1127;1;2020-02-06 21:30:00;União - MT;Atlético - GO;0;1;2020
1128;1;2020-02-11 21:30:00;Imperatriz - MA;Vitória - BA;0;0;2020
1129;1;2020-02-12 15:30:00;Bragantino - PA;Ceará - CE;1;2;2020
1130;1;2020-02-12 16:00:00;Caucaia - CE;São José - RS;1;2;2020
1131;1;2020-02-12 16:00:00;Frei Paulistano - SE;Remo - PA;1;2;2020
1132;1;2020-02-12 16:00:00;Bangu - RJ;Oeste - SP;1;1;2020
1133;1;2020-02-12 19:15:00;Brusque - SC;Sport - PE;2;1;2020
1134;1;2020-02-12 20:30:00;Atlético - BA;Botafogo - PB;0;0;2020
1135;1;2020-02-12 20:30:00;Gama - DF;Brasil - RS;3;3;2020
1136;1;2020-02-12 21:30:00;Galvez - AC;Vila Nova - GO;0;1;2020
1137;1;2020-02-12 21:30:00;Altos - PI;Vasco da Gama - RJ;1;1;2020
1138;1;2020-02-12 21:30:00;Águia Negra - MS;Sampaio Corrêa - MA;2;1;2020
1139;1;2020-02-12 21:30:00;Campinense - PB;Atlético - MG;0;0;2020
1140;1;2020-02-12 21:30:00;Toledo - PR;Náutico - PE;0;2;2020
1141;1;2020-02-12 22:30:00;Manaus - AM;Coritiba - PR;1;0;2020
1142;1;2020-02-13 16:30:00;Ferroviária - SP;Avaí - SC;2;0;2020
1143;1;2020-02-13 19:15:00;Novo Hamburgo - RS;Ponte Preta - SP;1;2;2020
1144;1;2020-02-13 20:30:00;Afogados - PE;Atlético - AC;3;0;2020
1145;1;2020-02-13 21:30:00;São Raimundo - RR;Cruzeiro - MG;2;2;2020
1146;1;2020-02-19 15:30:00;Lagarto - SE;Volta Redonda - RJ;1;0;2020
1147;1;2020-02-19 19:15:00;Boavista - RJ;Chapecoense - SC;0;2;2020
1148;1;2020-02-26 21:30:00;Moto Club - MA;Fluminense - RJ;2;4;2020
1149;2;2020-02-18 21:30:00;Vitoria F. C. - ES;Figueirense - SC;0;1;2020
1150;2;2020-02-19 19:15:00;Paysandu - PA;Crb - AL;1;1;2020
1151;2;2020-02-19 21:30:00;Náutico - PE;Botafogo - RJ;1;1;2020
1152;2;2020-02-19 21:30:00;Oeste - SP;Ceará - CE;1;1;2020
1153;2;2020-02-20 21:30:00;Brusque - SC;Remo - PA;5;1;2020
1154;2;2020-02-26 16:30:00;Xv de Piracicaba - SP;Juventude - RS;1;1;2020
1155;2;2020-02-26 19:15:00;Paraná - PR;Bahia de Feira - BA;3;2;2020
1156;2;2020-02-26 20:30:00;River - PI;América - RN;1;1;2020
1157;2;2020-02-26 20:30:00;Ferroviária - SP;Águia Negra - MS;6;2;2020
1158;2;2020-02-26 21:30:00;Afogados - PE;Atlético - MG;2;2;2020
1159;2;2020-02-27 19:15:00;São José - RS;Chapecoense - SC;0;0;2020
1160;2;2020-02-27 21:30:00;Ponte Preta - SP;Vila Nova - GO;0;0;2020
1161;2;2020-03-04 19:15:00;Fluminense - RJ;Botafogo - PB;2;0;2020
1162;2;2020-03-04 19:15:00;Santo André - SP;Goiás - GO;0;2;2020
1163;2;2020-03-04 20:30:00;Brasil - RS;Manaus - AM;1;0;2020
1164;2;2020-03-04 21:30:00;Boa - MG;Cruzeiro - MG;1;1;2020
1165;2;2020-03-04 21:30:00;Atlético - GO;Santa Cruz - PE;1;1;2020
1166;2;2020-03-05 19:15:00;Vitória - BA;Lagarto - SE;3;1;2020
1167;2;2020-03-05 20:00:00;Operário - PR;America - MG;0;2;2020
1168;2;2020-03-05 21:30:00;Vasco da Gama - RJ;ABC - RN;1;0;2020
1169;3;2020-03-10 19:15:00;Botafogo - RJ;Paraná - PR;1;0;2020
1170;3;2020-08-26 19:00:00;Paraná - PR;Botafogo - RJ;1;2;2020
1171;3;2020-03-11 19:15:00;Figueirense - SC;Fluminense - RJ;1;0;2020
1172;3;2020-08-25 21:30:00;Fluminense - RJ;Figueirense - SC;3;0;2020
1173;3;2020-03-11 19:15:00;Ferroviária - SP;America - MG;0;0;2020
1174;3;2020-08-25 19:00:00;America - MG;Ferroviária - SP;1;0;2020
1175;3;2020-03-11 19:15:00;Juventude - RS;América - RN;1;1;2020
1176;3;2020-08-26 16:00:00;América - RN;Juventude - RS;1;1;2020
1177;3;2020-03-11 21:30:00;Cruzeiro - MG;Crb - AL;0;2;2020
1178;3;2020-08-26 16:00:00;Crb - AL;Cruzeiro - MG;1;1;2020
1179;3;2020-03-11 21:30:00;Atlético - GO;São José - RS;2;0;2020
1180;3;2020-08-27 21:30:00;São José - RS;Atlético - GO;1;0;2020
1181;3;2020-03-12 19:15:00;Ceará - CE;Vitória - BA;1;0;2020
1182;3;2020-08-26 21:30:00;Vitória - BA;Ceará - CE;3;4;2020
1183;3;2020-03-12 19:15:00;Ponte Preta - SP;Afogados - PE;3;0;2020
1184;3;2020-08-25 16:00:00;Afogados - PE;Ponte Preta - SP;0;2;2020
1185;3;2020-03-12 21:30:00;Vasco da Gama - RJ;Goiás - GO;0;1;2020
1186;3;2020-08-26 21:30:00;Goiás - GO;Vasco da Gama - RJ;1;2;2020
1187;3;2020-03-12 21:30:00;Brasil - RS;Brusque - SC;0;1;2020
1188;3;2020-08-27 19:00:00;Brusque - SC;Brasil - RS;1;0;2020
1189;4;2020-09-16 19:00:00;Ponte Preta - SP;America - MG;2;2;2020
1190;4;2020-09-22 21:30:00;America - MG;Ponte Preta - SP;3;1;2020
1191;4;2020-09-16 21:30:00;Fluminense - RJ;Atlético - GO;1;0;2020
1192;4;2020-09-24 20:00:00;Atlético - GO;Fluminense - RJ;3;1;2020
1193;4;2020-09-16 21:30:00;Brusque - SC;Ceará - CE;0;2;2020
1194;4;2020-09-23 21:30:00;Ceará - CE;Brusque - SC;5;1;2020
1195;4;2020-09-17 16:00:00;Juventude - RS;Crb - AL;2;0;2020
1196;4;2020-09-22 19:00:00;Crb - AL;Juventude - RS;1;0;2020
1197;4;2020-09-17 19:00:00;Botafogo - RJ;Vasco da Gama - RJ;1;0;2020
1198;4;2020-09-23 21:30:00;Vasco da Gama - RJ;Botafogo - RJ;0;0;2020
1199;5;2020-10-14 19:15:00;Fortaleza - CE;São Paulo - SP;3;3;2020
1200;5;2020-10-25 20:30:00;São Paulo - SP;Fortaleza - CE;2;2;2020
1201;5;2020-10-27 21:30:00;Botafogo - RJ;Cuiabá - MT;0;1;2020
1202;5;2020-11-03 19:00:00;Cuiabá - MT;Botafogo - RJ;0;0;2020
1203;5;2020-10-28 16:00:00;Santos - SP;Ceará - CE;0;0;2020
1204;5;2020-11-04 19:00:00;Ceará - CE;Santos - SP;1;0;2020
1205;5;2020-10-28 19:00:00;Atlético - GO;Internacional - RS;1;2;2020
1206;5;2020-11-03 21:30:00;Internacional - RS;Atlético - GO;2;1;2020
1207;5;2020-10-28 21:30:00;Athletico Paranaense - PR;Flamengo - RJ;0;1;2020
1208;5;2020-11-04 21:30:00;Flamengo - RJ;Athletico Paranaense - PR;3;2;2020
1209;5;2020-10-28 21:30:00;Corinthians - SP;America - MG;0;1;2020
1210;5;2020-11-04 21:30:00;America - MG;Corinthians - SP;1;1;2020
1211;5;2020-10-29 19:00:00;Red Bull Bragantino - SP;Palmeiras - SP;1;3;2020
1212;5;2020-11-05 19:00:00;Palmeiras - SP;Red Bull Bragantino - SP;1;0;2020
1213;5;2020-10-29 21:30:00;Grêmio - RS;Juventude - RS;1;0;2020
1214;5;2020-11-05 21:30:00;Juventude - RS;Grêmio - RS;0;1;2020
1215;6;2020-11-11 16:30:00;Palmeiras - SP;Ceará - CE;3;0;2020
1216;6;2020-11-18 19:00:00;Ceará - CE;Palmeiras - SP;2;2;2020
1217;6;2020-11-11 19:00:00;Cuiabá - MT;Grêmio - RS;1;2;2020
1218;6;2020-11-18 16:30:00;Grêmio - RS;Cuiabá - MT;2;0;2020
1219;6;2020-11-11 21:30:00;Flamengo - RJ;São Paulo - SP;1;2;2020
1220;6;2020-11-18 21:30:00;São Paulo - SP;Flamengo - RJ;3;0;2020
1221;6;2020-11-11 21:30:00;Internacional - RS;America - MG;0;1;2020
1222;6;2020-11-18 21:30:00;America - MG;Internacional - RS;0;1;2020
1223;7;2020-12-23 21:30:00;Grêmio - RS;São Paulo - SP;1;0;2020
1224;7;2020-12-30 21:30:00;São Paulo - SP;Grêmio - RS;0;0;2020
1225;7;2020-12-23 21:30:00;Palmeiras - SP;America - MG;1;1;2020
1226;7;2020-12-30 21:30:00;America - MG;Palmeiras - SP;0;2;2020
1227;8;2021-02-28 21:00:00;Grêmio - RS;Palmeiras - SP;0;1;2020
1228;8;2021-03-07 18:00:00;Palmeiras - SP;Grêmio - RS;2;0;2020
1229;1;2021-03-09 19:15:00;Águia Negra - MS;Vitória - BA;0;1;2021
1230;1;2021-03-09 21:30:00;Campinense - PB;Bahia - BA;1;7;2021
1231;1;2021-03-10 15:30:00;Madureira - RJ;Paysandu - PA;0;1;2021
1232;1;2021-03-10 15:30:00;Gama - DF;Ponte Preta - SP;1;2;2021
1233;1;2021-03-10 16:00:00;4 de Julho - PI;Confiança - SE;1;0;2021
1234;1;2021-03-10 18:00:00;Rio Branco - ES;Sampaio Corrêa - MA;2;1;2021
1235;1;2021-03-10 18:00:00;Cianorte - PR;Paraná - PR;1;0;2021
1236;1;2021-03-10 19:15:00;Juazeirense - BA;Sport - PE;3;2;2021
1237;1;2021-03-10 21:30:00;Moto Club - MA;Botafogo - RJ;0;5;2021
1238;1;2021-03-11 15:30:00;Real Brasília - DF;América - RN;0;2;2021
1239;1;2021-03-11 17:00:00;Uberlândia - MG;Luverdense - MT;1;1;2021
1240;1;2021-03-11 19:15:00;São Raimundo - RR;Cruzeiro - MG;1;1;2021
1241;1;2021-03-11 21:30:00;Boavista - RJ;Goiás - GO;3;1;2021
1242;1;2021-03-16 19:15:00;Crb - AL;Cuiabá - MT;0;0;2021
1243;1;2021-03-16 21:30:00;Murici - AL;Juventude - RS;0;3;2021
1244;1;2021-03-17 15:30:00;Castanhal - PA;Volta Redonda - RJ;0;3;2021
1245;1;2021-03-17 15:30:00;Juventude - MA;Operário - PR;0;2;2021
1246;1;2021-03-17 15:30:00;Rio Branco - Vn - ES;Abc - RN;1;1;2021
1247;1;2021-03-17 15:30:00;Guarany de Sobral - CE;Csa - AL;1;5;2021
1248;1;2021-03-17 16:00:00;Picos - PI;Atlético - AC;1;0;2021
1249;1;2021-03-17 16:30:00;Nova Mutum - MT;Tombense - MG;0;0;2021
1250;1;2021-03-17 17:00:00;Atlético - BA;Vila Nova - GO;0;3;2021
1251;1;2021-03-17 17:00:00;Galvez - AC;Atlético - GO;1;3;2021
1252;1;2021-03-17 18:00:00;Retrô - PE;Brusque - SC;1;0;2021
1253;1;2021-03-17 20:00:00;Esportivo - RS;Remo - PA;0;2;2021
1254;1;2021-03-17 20:00:00;Caxias - RS;Fortaleza - CE;0;1;2021
1255;1;2021-03-17 20:00:00;Santa Cruz - RS;Joinville - SC;0;0;2021
1256;1;2021-03-17 21:30:00;Salgueiro - PE;Corinthians - SP;0;3;2021
1257;1;2021-03-18 15:30:00;Marilia - SP;Criciúma - SC;0;0;2021
1258;1;2021-03-18 17:30:00;União - MT;Coritiba - PR;0;1;2021
1259;1;2021-03-18 17:30:00;Caldense - MG;Vasco da Gama - RJ;1;1;2021
1260;1;2021-03-18 18:00:00;Treze - PB;America - MG;0;1;2021
1261;1;2021-03-18 18:00:00;Fc Cascavel - PR;Figueirense - SC;2;1;2021
1262;1;2021-03-18 20:00:00;Mirassol - SP;Red Bull Bragantino - SP;2;3;2021
1263;1;2021-03-18 20:00:00;Penarol - AM;Ypiranga - RS;1;1;2021
1264;1;2021-03-25 15:30:00;Palmas Ltda - TO;Avaí - SC;0;1;2021
1265;1;2021-03-25 15:30:00;Porto Velho - RO;Ferroviário - CE;0;1;2021
1266;1;2021-03-26 15:30:00;Jaraguá - GO;Manaus - AM;1;4;2021
1267;1;2021-03-26 15:30:00;Ypiranga - AP;Santa Cruz - PE;0;4;2021
1268;1;2021-03-27 15:30:00;Goianesia - GO;Crb - AL;2;3;2021
1269;2;2021-03-26 21:30:00;Corinthians - SP;Retrô - PE;1;1;2021
1270;2;2021-04-01 17:00:00;Luverdense - MT;Red Bull Bragantino - SP;1;2;2021
1271;2;2021-04-06 19:00:00;Coritiba - PR;Operário - PR;3;2;2021
1272;2;2021-04-06 21:30:00;Fortaleza - CE;Ypiranga - RS;1;0;2021
1273;2;2021-04-07 16:00:00;Picos - PI;Boavista - RJ;0;1;2021
1274;2;2021-04-07 16:00:00;Juazeirense - BA;Volta Redonda - RJ;3;3;2021
1275;2;2021-04-07 19:00:00;Vitória - BA;Rio Branco - ES;2;0;2021
1276;2;2021-04-07 21:30:00;Bahia - BA;Manaus - AM;4;1;2021
1277;2;2021-04-07 21:30:00;Tombense - MG;Vasco da Gama - RJ;1;2;2021
1278;2;2021-04-08 19:00:00;Criciúma - SC;Ponte Preta - SP;1;1;2021
1279;2;2021-04-08 21:30:00;Vila Nova - GO;Juventude - RS;1;1;2021
1280;2;2021-04-13 16:45:00;Paysandu - PA;Crb - AL;1;2;2021
1281;2;2021-04-13 19:00:00;Cianorte - PR;Santa Cruz - PE;1;0;2021
1282;2;2021-04-13 21:30:00;Csa - AL;Remo - PA;1;1;2021
1283;2;2021-04-14 19:00:00;America - MG;Ferroviário - CE;1;1;2021
1284;2;2021-04-14 21:30:00;Abc - RN;Botafogo - RJ;1;1;2021
1285;2;2021-04-14 21:30:00;América - RN;Cruzeiro - MG;0;1;2021
1286;2;2021-04-15 19:00:00;Avaí - SC;Fc Cascavel - PR;2;0;2021
1287;2;2021-04-15 19:00:00;4 de Julho - PI;Cuiabá - MT;0;0;2021
1288;2;2021-04-15 21:30:00;Joinville - SC;Atlético - GO;0;2;2021
1289;3;2021-06-01 16:30:00;Vila Nova - GO;Bahia - BA;0;1;2021
1290;3;2021-06-09 19:00:00;Bahia - BA;Vila Nova - GO;1;0;2021
1291;3;2021-06-01 19:00:00;Cianorte - PR;Santos - SP;0;2;2021
1292;3;2021-06-08 16:30:00;Santos - SP;Cianorte - PR;1;0;2021
1293;3;2021-06-01 21:30:00;Boavista - RJ;Vasco da Gama - RJ;0;1;2021
1294;3;2021-06-09 16:30:00;Vasco da Gama - RJ;Boavista - RJ;1;1;2021
1295;3;2021-06-01 21:30:00;4 de Julho - PI;São Paulo - SP;3;2;2021
1296;3;2021-06-08 19:00:00;São Paulo - SP;4 de Julho - PI;9;1;2021
1297;3;2021-06-02 16:30:00;Grêmio - RS;Brasiliense - DF;2;0;2021
1298;3;2021-06-10 15:30:00;Brasiliense - DF;Grêmio - RS;0;0;2021
1299;3;2021-06-02 16:30:00;Chapecoense - SC;Abc - RN;3;1;2021
1300;3;2021-06-09 16:30:00;Abc - RN;Chapecoense - SC;3;0;2021
1301;3;2021-06-02 19:00:00;Fortaleza - CE;Ceará - CE;1;1;2021
1302;3;2021-06-10 21:30:00;Ceará - CE;Fortaleza - CE;0;3;2021
1303;3;2021-06-02 19:00:00;Remo - PA;Atlético Mineiro - MG;0;2;2021
1304;3;2021-06-10 19:00:00;Atlético Mineiro - MG;Remo - PA;2;1;2021
1305;3;2021-06-02 21:30:00;Fluminense - RJ;Red Bull Bragantino - SP;2;0;2021
1306;3;2021-06-09 21:30:00;Red Bull Bragantino - SP;Fluminense - RJ;2;1;2021
1307;3;2021-06-02 21:30:00;America - MG;Criciúma - SC;0;0;2021
1308;3;2021-06-09 21:30:00;Criciúma - SC;America - MG;2;2;2021
1309;3;2021-06-02 21:30:00;Corinthians - SP;Atlético - GO;0;2;2021
1310;3;2021-06-09 21:30:00;Atlético - GO;Corinthians - SP;0;0;2021
1311;3;2021-06-03 16:30:00;Cruzeiro - MG;Juazeirense - BA;1;0;2021
1312;3;2021-06-09 19:00:00;Juazeirense - BA;Cruzeiro - MG;1;0;2021
1313;3;2021-06-03 19:00:00;Avaí - SC;Athletico Paranaense - PR;1;1;2021
1314;3;2021-06-09 19:00:00;Athletico Paranaense - PR;Avaí - SC;1;0;2021
1315;3;2021-06-03 19:00:00;Vitória - BA;Internacional - RS;0;1;2021
1316;3;2021-06-10 21:30:00;Internacional - RS;Vitória - BA;1;3;2021
1317;3;2021-06-03 21:30:00;Crb - AL;Palmeiras - SP;0;1;2021
1318;3;2021-06-09 19:00:00;Palmeiras - SP;Crb - AL;0;1;2021
1319;3;2021-06-10 19:00:00;Coritiba - PR;Flamengo - RJ;0;1;2021
1320;3;2021-06-16 21:30:00;Flamengo - RJ;Coritiba - PR;2;0;2021
1321;4;2021-07-27 19:15:00;Criciúma - SC;Fluminense - RJ;2;1;2021
1322;4;2021-08-03 19:15:00;Fluminense - RJ;Criciúma - SC;1;2;2021
1323;4;2021-07-27 21:30:00;Vitória - BA;Grêmio - RS;0;3;2021
1324;4;2021-08-03 21:30:00;Grêmio - RS;Vitória - BA;1;0;2021
1325;4;2021-07-28 16:00:00;Athletico Paranaense - PR;Atlético - GO;2;1;2021
1326;4;2021-08-05 19:15:00;Atlético - GO;Athletico Paranaense - PR;2;2;2021
1327;4;2021-07-28 19:15:00;Santos - SP;Juazeirense - BA;4;0;2021
1328;4;2021-08-04 19:15:00;Juazeirense - BA;Santos - SP;2;0;2021
1329;4;2021-07-28 21:30:00;São Paulo - SP;Vasco da Gama - RJ;2;0;2021
1330;4;2021-08-04 21:30:00;Vasco da Gama - RJ;São Paulo - SP;1;2;2021
1331;4;2021-07-28 21:30:00;Atlético Mineiro - MG;Bahia - BA;2;0;2021
1332;4;2021-08-04 21:30:00;Bahia - BA;Atlético Mineiro - MG;2;1;2021
1333;4;2021-07-29 16:30:00;Fortaleza - CE;Crb - AL;2;1;2021
1334;4;2021-08-05 16:00:00;Crb - AL;Fortaleza - CE;0;1;2021
1335;4;2021-07-29 20:00:00;Flamengo - RJ;Abc - RN;6;0;2021
1336;4;2021-08-05 21:30:00;Abc - RN;Flamengo - RJ;0;1;2021
